local_id,Date,Seasons,Subset,Functioning Day
1,2017-12-01,1,train,1
2,2017-12-01,1,train,1
3,2017-12-01,1,train,1
4,2017-12-01,1,train,1
5,2017-12-01,1,train,1
6,2017-12-01,1,train,1
7,2017-12-01,1,train,1
8,2017-12-01,1,train,1
9,2017-12-01,1,train,1
10,2017-12-01,1,train,1
11,2017-12-01,1,train,1
12,2017-12-01,1,train,1
13,2017-12-01,1,train,1
14,2017-12-01,1,train,1
15,2017-12-01,1,train,1
16,2017-12-01,1,train,1
17,2017-12-01,1,train,1
18,2017-12-01,1,train,1
19,2017-12-01,1,train,1
20,2017-12-01,1,train,1
21,2017-12-01,1,train,1
22,2017-12-01,1,train,1
23,2017-12-01,1,train,1
24,2017-12-01,1,train,1
25,2017-12-02,1,train,1
26,2017-12-02,1,train,1
27,2017-12-02,1,train,1
28,2017-12-02,1,train,1
29,2017-12-02,1,train,1
30,2017-12-02,1,train,1
31,2017-12-02,1,train,1
32,2017-12-02,1,train,1
33,2017-12-02,1,train,1
34,2017-12-02,1,train,1
35,2017-12-02,1,train,1
36,2017-12-02,1,train,1
37,2017-12-02,1,train,1
38,2017-12-02,1,train,1
39,2017-12-02,1,train,1
40,2017-12-02,1,train,1
41,2017-12-02,1,train,1
42,2017-12-02,1,train,1
43,2017-12-02,1,train,1
44,2017-12-02,1,train,1
45,2017-12-02,1,train,1
46,2017-12-02,1,train,1
47,2017-12-02,1,train,1
48,2017-12-02,1,train,1
49,2017-12-03,1,train,1
50,2017-12-03,1,train,1
51,2017-12-03,1,train,1
52,2017-12-03,1,train,1
53,2017-12-03,1,train,1
54,2017-12-03,1,train,1
55,2017-12-03,1,train,1
56,2017-12-03,1,train,1
57,2017-12-03,1,train,1
58,2017-12-03,1,train,1
59,2017-12-03,1,train,1
60,2017-12-03,1,train,1
61,2017-12-03,1,train,1
62,2017-12-03,1,train,1
63,2017-12-03,1,train,1
64,2017-12-03,1,train,1
65,2017-12-03,1,train,1
66,2017-12-03,1,train,1
67,2017-12-03,1,train,1
68,2017-12-03,1,train,1
69,2017-12-03,1,train,1
70,2017-12-03,1,train,1
71,2017-12-03,1,train,1
72,2017-12-03,1,train,1
73,2017-12-04,1,train,1
74,2017-12-04,1,train,1
75,2017-12-04,1,train,1
76,2017-12-04,1,train,1
77,2017-12-04,1,train,1
78,2017-12-04,1,train,1
79,2017-12-04,1,train,1
80,2017-12-04,1,train,1
81,2017-12-04,1,train,1
82,2017-12-04,1,train,1
83,2017-12-04,1,train,1
84,2017-12-04,1,train,1
85,2017-12-04,1,train,1
86,2017-12-04,1,train,1
87,2017-12-04,1,train,1
88,2017-12-04,1,train,1
89,2017-12-04,1,train,1
90,2017-12-04,1,train,1
91,2017-12-04,1,train,1
92,2017-12-04,1,train,1
93,2017-12-04,1,train,1
94,2017-12-04,1,train,1
95,2017-12-04,1,train,1
96,2017-12-04,1,train,1
97,2017-12-05,1,train,1
98,2017-12-05,1,train,1
99,2017-12-05,1,train,1
100,2017-12-05,1,train,1
101,2017-12-05,1,train,1
102,2017-12-05,1,train,1
103,2017-12-05,1,train,1
104,2017-12-05,1,train,1
105,2017-12-05,1,train,1
106,2017-12-05,1,train,1
107,2017-12-05,1,train,1
108,2017-12-05,1,train,1
109,2017-12-05,1,train,1
110,2017-12-05,1,train,1
111,2017-12-05,1,train,1
112,2017-12-05,1,train,1
113,2017-12-05,1,train,1
114,2017-12-05,1,train,1
115,2017-12-05,1,train,1
116,2017-12-05,1,train,1
117,2017-12-05,1,train,1
118,2017-12-05,1,train,1
119,2017-12-05,1,train,1
120,2017-12-05,1,train,1
121,2017-12-06,1,train,1
122,2017-12-06,1,train,1
123,2017-12-06,1,train,1
124,2017-12-06,1,train,1
125,2017-12-06,1,train,1
126,2017-12-06,1,train,1
127,2017-12-06,1,train,1
128,2017-12-06,1,train,1
129,2017-12-06,1,train,1
130,2017-12-06,1,train,1
131,2017-12-06,1,train,1
132,2017-12-06,1,train,1
133,2017-12-06,1,train,1
134,2017-12-06,1,train,1
135,2017-12-06,1,train,1
136,2017-12-06,1,train,1
137,2017-12-06,1,train,1
138,2017-12-06,1,train,1
139,2017-12-06,1,train,1
140,2017-12-06,1,train,1
141,2017-12-06,1,train,1
142,2017-12-06,1,train,1
143,2017-12-06,1,train,1
144,2017-12-06,1,train,1
145,2017-12-07,1,train,1
146,2017-12-07,1,train,1
147,2017-12-07,1,train,1
148,2017-12-07,1,train,1
149,2017-12-07,1,train,1
150,2017-12-07,1,train,1
151,2017-12-07,1,train,1
152,2017-12-07,1,train,1
153,2017-12-07,1,train,1
154,2017-12-07,1,train,1
155,2017-12-07,1,train,1
156,2017-12-07,1,train,1
157,2017-12-07,1,train,1
158,2017-12-07,1,train,1
159,2017-12-07,1,train,1
160,2017-12-07,1,train,1
161,2017-12-07,1,train,1
162,2017-12-07,1,train,1
163,2017-12-07,1,train,1
164,2017-12-07,1,train,1
165,2017-12-07,1,train,1
166,2017-12-07,1,train,1
167,2017-12-07,1,train,1
168,2017-12-07,1,train,1
169,2017-12-08,1,train,1
170,2017-12-08,1,train,1
171,2017-12-08,1,train,1
172,2017-12-08,1,train,1
173,2017-12-08,1,train,1
174,2017-12-08,1,train,1
175,2017-12-08,1,train,1
176,2017-12-08,1,train,1
177,2017-12-08,1,train,1
178,2017-12-08,1,train,1
179,2017-12-08,1,train,1
180,2017-12-08,1,train,1
181,2017-12-08,1,train,1
182,2017-12-08,1,train,1
183,2017-12-08,1,train,1
184,2017-12-08,1,train,1
185,2017-12-08,1,train,1
186,2017-12-08,1,train,1
187,2017-12-08,1,train,1
188,2017-12-08,1,train,1
189,2017-12-08,1,train,1
190,2017-12-08,1,train,1
191,2017-12-08,1,train,1
192,2017-12-08,1,train,1
193,2017-12-09,1,train,1
194,2017-12-09,1,train,1
195,2017-12-09,1,train,1
196,2017-12-09,1,train,1
197,2017-12-09,1,train,1
198,2017-12-09,1,train,1
199,2017-12-09,1,train,1
200,2017-12-09,1,train,1
201,2017-12-09,1,train,1
202,2017-12-09,1,train,1
203,2017-12-09,1,train,1
204,2017-12-09,1,train,1
205,2017-12-09,1,train,1
206,2017-12-09,1,train,1
207,2017-12-09,1,train,1
208,2017-12-09,1,train,1
209,2017-12-09,1,train,1
210,2017-12-09,1,train,1
211,2017-12-09,1,train,1
212,2017-12-09,1,train,1
213,2017-12-09,1,train,1
214,2017-12-09,1,train,1
215,2017-12-09,1,train,1
216,2017-12-09,1,train,1
217,2017-12-10,1,train,1
218,2017-12-10,1,train,1
219,2017-12-10,1,train,1
220,2017-12-10,1,train,1
221,2017-12-10,1,train,1
222,2017-12-10,1,train,1
223,2017-12-10,1,train,1
224,2017-12-10,1,train,1
225,2017-12-10,1,train,1
226,2017-12-10,1,train,1
227,2017-12-10,1,train,1
228,2017-12-10,1,train,1
229,2017-12-10,1,train,1
230,2017-12-10,1,train,1
231,2017-12-10,1,train,1
232,2017-12-10,1,train,1
233,2017-12-10,1,train,1
234,2017-12-10,1,train,1
235,2017-12-10,1,train,1
236,2017-12-10,1,train,1
237,2017-12-10,1,train,1
238,2017-12-10,1,train,1
239,2017-12-10,1,train,1
240,2017-12-10,1,train,1
241,2017-12-11,1,train,1
242,2017-12-11,1,train,1
243,2017-12-11,1,train,1
244,2017-12-11,1,train,1
245,2017-12-11,1,train,1
246,2017-12-11,1,train,1
247,2017-12-11,1,train,1
248,2017-12-11,1,train,1
249,2017-12-11,1,train,1
250,2017-12-11,1,train,1
251,2017-12-11,1,train,1
252,2017-12-11,1,train,1
253,2017-12-11,1,train,1
254,2017-12-11,1,train,1
255,2017-12-11,1,train,1
256,2017-12-11,1,train,1
257,2017-12-11,1,train,1
258,2017-12-11,1,train,1
259,2017-12-11,1,train,1
260,2017-12-11,1,train,1
261,2017-12-11,1,train,1
262,2017-12-11,1,train,1
263,2017-12-11,1,train,1
264,2017-12-11,1,train,1
265,2017-12-12,1,train,1
266,2017-12-12,1,train,1
267,2017-12-12,1,train,1
268,2017-12-12,1,train,1
269,2017-12-12,1,train,1
270,2017-12-12,1,train,1
271,2017-12-12,1,train,1
272,2017-12-12,1,train,1
273,2017-12-12,1,train,1
274,2017-12-12,1,train,1
275,2017-12-12,1,train,1
276,2017-12-12,1,train,1
277,2017-12-12,1,train,1
278,2017-12-12,1,train,1
279,2017-12-12,1,train,1
280,2017-12-12,1,train,1
281,2017-12-12,1,train,1
282,2017-12-12,1,train,1
283,2017-12-12,1,train,1
284,2017-12-12,1,train,1
285,2017-12-12,1,train,1
286,2017-12-12,1,train,1
287,2017-12-12,1,train,1
288,2017-12-12,1,train,1
289,2017-12-13,1,train,1
290,2017-12-13,1,train,1
291,2017-12-13,1,train,1
292,2017-12-13,1,train,1
293,2017-12-13,1,train,1
294,2017-12-13,1,train,1
295,2017-12-13,1,train,1
296,2017-12-13,1,train,1
297,2017-12-13,1,train,1
298,2017-12-13,1,train,1
299,2017-12-13,1,train,1
300,2017-12-13,1,train,1
301,2017-12-13,1,train,1
302,2017-12-13,1,train,1
303,2017-12-13,1,train,1
304,2017-12-13,1,train,1
305,2017-12-13,1,train,1
306,2017-12-13,1,train,1
307,2017-12-13,1,train,1
308,2017-12-13,1,train,1
309,2017-12-13,1,train,1
310,2017-12-13,1,train,1
311,2017-12-13,1,train,1
312,2017-12-13,1,train,1
313,2017-12-14,1,train,1
314,2017-12-14,1,train,1
315,2017-12-14,1,train,1
316,2017-12-14,1,train,1
317,2017-12-14,1,train,1
318,2017-12-14,1,train,1
319,2017-12-14,1,train,1
320,2017-12-14,1,train,1
321,2017-12-14,1,train,1
322,2017-12-14,1,train,1
323,2017-12-14,1,train,1
324,2017-12-14,1,train,1
325,2017-12-14,1,train,1
326,2017-12-14,1,train,1
327,2017-12-14,1,train,1
328,2017-12-14,1,train,1
329,2017-12-14,1,train,1
330,2017-12-14,1,train,1
331,2017-12-14,1,train,1
332,2017-12-14,1,train,1
333,2017-12-14,1,train,1
334,2017-12-14,1,train,1
335,2017-12-14,1,train,1
336,2017-12-14,1,train,1
337,2017-12-15,1,train,1
338,2017-12-15,1,train,1
339,2017-12-15,1,train,1
340,2017-12-15,1,train,1
341,2017-12-15,1,train,1
342,2017-12-15,1,train,1
343,2017-12-15,1,train,1
344,2017-12-15,1,train,1
345,2017-12-15,1,train,1
346,2017-12-15,1,train,1
347,2017-12-15,1,train,1
348,2017-12-15,1,train,1
349,2017-12-15,1,train,1
350,2017-12-15,1,train,1
351,2017-12-15,1,train,1
352,2017-12-15,1,train,1
353,2017-12-15,1,train,1
354,2017-12-15,1,train,1
355,2017-12-15,1,train,1
356,2017-12-15,1,train,1
357,2017-12-15,1,train,1
358,2017-12-15,1,train,1
359,2017-12-15,1,train,1
360,2017-12-15,1,train,1
361,2017-12-16,1,train,1
362,2017-12-16,1,train,1
363,2017-12-16,1,train,1
364,2017-12-16,1,train,1
365,2017-12-16,1,train,1
366,2017-12-16,1,train,1
367,2017-12-16,1,train,1
368,2017-12-16,1,train,1
369,2017-12-16,1,train,1
370,2017-12-16,1,train,1
371,2017-12-16,1,train,1
372,2017-12-16,1,train,1
373,2017-12-16,1,train,1
374,2017-12-16,1,train,1
375,2017-12-16,1,train,1
376,2017-12-16,1,train,1
377,2017-12-16,1,train,1
378,2017-12-16,1,train,1
379,2017-12-16,1,train,1
380,2017-12-16,1,train,1
381,2017-12-16,1,train,1
382,2017-12-16,1,train,1
383,2017-12-16,1,train,1
384,2017-12-16,1,train,1
385,2017-12-17,1,train,1
386,2017-12-17,1,train,1
387,2017-12-17,1,train,1
388,2017-12-17,1,train,1
389,2017-12-17,1,train,1
390,2017-12-17,1,train,1
391,2017-12-17,1,train,1
392,2017-12-17,1,train,1
393,2017-12-17,1,train,1
394,2017-12-17,1,train,1
395,2017-12-17,1,train,1
396,2017-12-17,1,train,1
397,2017-12-17,1,train,1
398,2017-12-17,1,train,1
399,2017-12-17,1,train,1
400,2017-12-17,1,train,1
401,2017-12-17,1,train,1
402,2017-12-17,1,train,1
403,2017-12-17,1,train,1
404,2017-12-17,1,train,1
405,2017-12-17,1,train,1
406,2017-12-17,1,train,1
407,2017-12-17,1,train,1
408,2017-12-17,1,train,1
409,2017-12-18,1,train,1
410,2017-12-18,1,train,1
411,2017-12-18,1,train,1
412,2017-12-18,1,train,1
413,2017-12-18,1,train,1
414,2017-12-18,1,train,1
415,2017-12-18,1,train,1
416,2017-12-18,1,train,1
417,2017-12-18,1,train,1
418,2017-12-18,1,train,1
419,2017-12-18,1,train,1
420,2017-12-18,1,train,1
421,2017-12-18,1,train,1
422,2017-12-18,1,train,1
423,2017-12-18,1,train,1
424,2017-12-18,1,train,1
425,2017-12-18,1,train,1
426,2017-12-18,1,train,1
427,2017-12-18,1,train,1
428,2017-12-18,1,train,1
429,2017-12-18,1,train,1
430,2017-12-18,1,train,1
431,2017-12-18,1,train,1
432,2017-12-18,1,train,1
433,2017-12-19,1,train,1
434,2017-12-19,1,train,1
435,2017-12-19,1,train,1
436,2017-12-19,1,train,1
437,2017-12-19,1,train,1
438,2017-12-19,1,train,1
439,2017-12-19,1,train,1
440,2017-12-19,1,train,1
441,2017-12-19,1,train,1
442,2017-12-19,1,train,1
443,2017-12-19,1,train,1
444,2017-12-19,1,train,1
445,2017-12-19,1,train,1
446,2017-12-19,1,train,1
447,2017-12-19,1,train,1
448,2017-12-19,1,train,1
449,2017-12-19,1,train,1
450,2017-12-19,1,train,1
451,2017-12-19,1,train,1
452,2017-12-19,1,train,1
453,2017-12-19,1,train,1
454,2017-12-19,1,train,1
455,2017-12-19,1,train,1
456,2017-12-19,1,train,1
457,2017-12-20,1,train,1
458,2017-12-20,1,train,1
459,2017-12-20,1,train,1
460,2017-12-20,1,train,1
461,2017-12-20,1,train,1
462,2017-12-20,1,train,1
463,2017-12-20,1,train,1
464,2017-12-20,1,train,1
465,2017-12-20,1,train,1
466,2017-12-20,1,train,1
467,2017-12-20,1,train,1
468,2017-12-20,1,train,1
469,2017-12-20,1,train,1
470,2017-12-20,1,train,1
471,2017-12-20,1,train,1
472,2017-12-20,1,train,1
473,2017-12-20,1,train,1
474,2017-12-20,1,train,1
475,2017-12-20,1,train,1
476,2017-12-20,1,train,1
477,2017-12-20,1,train,1
478,2017-12-20,1,train,1
479,2017-12-20,1,train,1
480,2017-12-20,1,train,1
481,2017-12-21,1,train,1
482,2017-12-21,1,train,1
483,2017-12-21,1,train,1
484,2017-12-21,1,train,1
485,2017-12-21,1,train,1
486,2017-12-21,1,train,1
487,2017-12-21,1,train,1
488,2017-12-21,1,train,1
489,2017-12-21,1,train,1
490,2017-12-21,1,train,1
491,2017-12-21,1,train,1
492,2017-12-21,1,train,1
493,2017-12-21,1,train,1
494,2017-12-21,1,train,1
495,2017-12-21,1,train,1
496,2017-12-21,1,train,1
497,2017-12-21,1,train,1
498,2017-12-21,1,train,1
499,2017-12-21,1,train,1
500,2017-12-21,1,train,1
501,2017-12-21,1,train,1
502,2017-12-21,1,train,1
503,2017-12-21,1,train,1
504,2017-12-21,1,train,1
505,2017-12-22,1,train,1
506,2017-12-22,1,train,1
507,2017-12-22,1,train,1
508,2017-12-22,1,train,1
509,2017-12-22,1,train,1
510,2017-12-22,1,train,1
511,2017-12-22,1,train,1
512,2017-12-22,1,train,1
513,2017-12-22,1,train,1
514,2017-12-22,1,train,1
515,2017-12-22,1,train,1
516,2017-12-22,1,train,1
517,2017-12-22,1,train,1
518,2017-12-22,1,train,1
519,2017-12-22,1,train,1
520,2017-12-22,1,train,1
521,2017-12-22,1,train,1
522,2017-12-22,1,train,1
523,2017-12-22,1,train,1
524,2017-12-22,1,train,1
525,2017-12-22,1,train,1
526,2017-12-22,1,train,1
527,2017-12-22,1,train,1
528,2017-12-22,1,train,1
529,2017-12-23,1,train,1
530,2017-12-23,1,train,1
531,2017-12-23,1,train,1
532,2017-12-23,1,train,1
533,2017-12-23,1,train,1
534,2017-12-23,1,train,1
535,2017-12-23,1,train,1
536,2017-12-23,1,train,1
537,2017-12-23,1,train,1
538,2017-12-23,1,train,1
539,2017-12-23,1,train,1
540,2017-12-23,1,train,1
541,2017-12-23,1,train,1
542,2017-12-23,1,train,1
543,2017-12-23,1,train,1
544,2017-12-23,1,train,1
545,2017-12-23,1,train,1
546,2017-12-23,1,train,1
547,2017-12-23,1,train,1
548,2017-12-23,1,train,1
549,2017-12-23,1,train,1
550,2017-12-23,1,train,1
551,2017-12-23,1,train,1
552,2017-12-23,1,train,1
553,2017-12-24,1,train,1
554,2017-12-24,1,train,1
555,2017-12-24,1,train,1
556,2017-12-24,1,train,1
557,2017-12-24,1,train,1
558,2017-12-24,1,train,1
559,2017-12-24,1,train,1
560,2017-12-24,1,train,1
561,2017-12-24,1,train,1
562,2017-12-24,1,train,1
563,2017-12-24,1,train,1
564,2017-12-24,1,train,1
565,2017-12-24,1,train,1
566,2017-12-24,1,train,1
567,2017-12-24,1,train,1
568,2017-12-24,1,train,1
569,2017-12-24,1,train,1
570,2017-12-24,1,train,1
571,2017-12-24,1,train,1
572,2017-12-24,1,train,1
573,2017-12-24,1,train,1
574,2017-12-24,1,train,1
575,2017-12-24,1,train,1
576,2017-12-24,1,train,1
577,2017-12-25,1,train,1
578,2017-12-25,1,train,1
579,2017-12-25,1,train,1
580,2017-12-25,1,train,1
581,2017-12-25,1,train,1
582,2017-12-25,1,train,1
583,2017-12-25,1,train,1
584,2017-12-25,1,train,1
585,2017-12-25,1,train,1
586,2017-12-25,1,train,1
587,2017-12-25,1,train,1
588,2017-12-25,1,train,1
589,2017-12-25,1,train,1
590,2017-12-25,1,train,1
591,2017-12-25,1,train,1
592,2017-12-25,1,train,1
593,2017-12-25,1,train,1
594,2017-12-25,1,train,1
595,2017-12-25,1,train,1
596,2017-12-25,1,train,1
597,2017-12-25,1,train,1
598,2017-12-25,1,train,1
599,2017-12-25,1,train,1
600,2017-12-25,1,train,1
601,2017-12-26,1,train,1
602,2017-12-26,1,train,1
603,2017-12-26,1,train,1
604,2017-12-26,1,train,1
605,2017-12-26,1,train,1
606,2017-12-26,1,train,1
607,2017-12-26,1,train,1
608,2017-12-26,1,train,1
609,2017-12-26,1,train,1
610,2017-12-26,1,train,1
611,2017-12-26,1,train,1
612,2017-12-26,1,train,1
613,2017-12-26,1,train,1
614,2017-12-26,1,train,1
615,2017-12-26,1,train,1
616,2017-12-26,1,train,1
617,2017-12-26,1,train,1
618,2017-12-26,1,train,1
619,2017-12-26,1,train,1
620,2017-12-26,1,train,1
621,2017-12-26,1,train,1
622,2017-12-26,1,train,1
623,2017-12-26,1,train,1
624,2017-12-26,1,train,1
625,2017-12-27,1,train,1
626,2017-12-27,1,train,1
627,2017-12-27,1,train,1
628,2017-12-27,1,train,1
629,2017-12-27,1,train,1
630,2017-12-27,1,train,1
631,2017-12-27,1,train,1
632,2017-12-27,1,train,1
633,2017-12-27,1,train,1
634,2017-12-27,1,train,1
635,2017-12-27,1,train,1
636,2017-12-27,1,train,1
637,2017-12-27,1,train,1
638,2017-12-27,1,train,1
639,2017-12-27,1,train,1
640,2017-12-27,1,train,1
641,2017-12-27,1,train,1
642,2017-12-27,1,train,1
643,2017-12-27,1,train,1
644,2017-12-27,1,train,1
645,2017-12-27,1,train,1
646,2017-12-27,1,train,1
647,2017-12-27,1,train,1
648,2017-12-27,1,train,1
649,2017-12-28,1,train,1
650,2017-12-28,1,train,1
651,2017-12-28,1,train,1
652,2017-12-28,1,train,1
653,2017-12-28,1,train,1
654,2017-12-28,1,train,1
655,2017-12-28,1,train,1
656,2017-12-28,1,train,1
657,2017-12-28,1,train,1
658,2017-12-28,1,train,1
659,2017-12-28,1,train,1
660,2017-12-28,1,train,1
661,2017-12-28,1,train,1
662,2017-12-28,1,train,1
663,2017-12-28,1,train,1
664,2017-12-28,1,train,1
665,2017-12-28,1,train,1
666,2017-12-28,1,train,1
667,2017-12-28,1,train,1
668,2017-12-28,1,train,1
669,2017-12-28,1,train,1
670,2017-12-28,1,train,1
671,2017-12-28,1,train,1
672,2017-12-28,1,train,1
673,2017-12-29,1,train,1
674,2017-12-29,1,train,1
675,2017-12-29,1,train,1
676,2017-12-29,1,train,1
677,2017-12-29,1,train,1
678,2017-12-29,1,train,1
679,2017-12-29,1,train,1
680,2017-12-29,1,train,1
681,2017-12-29,1,train,1
682,2017-12-29,1,train,1
683,2017-12-29,1,train,1
684,2017-12-29,1,train,1
685,2017-12-29,1,train,1
686,2017-12-29,1,train,1
687,2017-12-29,1,train,1
688,2017-12-29,1,train,1
689,2017-12-29,1,train,1
690,2017-12-29,1,train,1
691,2017-12-29,1,train,1
692,2017-12-29,1,train,1
693,2017-12-29,1,train,1
694,2017-12-29,1,train,1
695,2017-12-29,1,train,1
696,2017-12-29,1,train,1
697,2017-12-30,1,train,1
698,2017-12-30,1,train,1
699,2017-12-30,1,train,1
700,2017-12-30,1,train,1
701,2017-12-30,1,train,1
702,2017-12-30,1,train,1
703,2017-12-30,1,train,1
704,2017-12-30,1,train,1
705,2017-12-30,1,train,1
706,2017-12-30,1,train,1
707,2017-12-30,1,train,1
708,2017-12-30,1,train,1
709,2017-12-30,1,train,1
710,2017-12-30,1,train,1
711,2017-12-30,1,train,1
712,2017-12-30,1,train,1
713,2017-12-30,1,train,1
714,2017-12-30,1,train,1
715,2017-12-30,1,train,1
716,2017-12-30,1,train,1
717,2017-12-30,1,train,1
718,2017-12-30,1,train,1
719,2017-12-30,1,train,1
720,2017-12-30,1,train,1
721,2017-12-31,1,train,1
722,2017-12-31,1,train,1
723,2017-12-31,1,train,1
724,2017-12-31,1,train,1
725,2017-12-31,1,train,1
726,2017-12-31,1,train,1
727,2017-12-31,1,train,1
728,2017-12-31,1,train,1
729,2017-12-31,1,train,1
730,2017-12-31,1,train,1
731,2017-12-31,1,train,1
732,2017-12-31,1,train,1
733,2017-12-31,1,train,1
734,2017-12-31,1,train,1
735,2017-12-31,1,train,1
736,2017-12-31,1,train,1
737,2017-12-31,1,train,1
738,2017-12-31,1,train,1
739,2017-12-31,1,train,1
740,2017-12-31,1,train,1
741,2017-12-31,1,train,1
742,2017-12-31,1,train,1
743,2017-12-31,1,train,1
744,2017-12-31,1,train,1
745,2018-01-01,1,train,1
746,2018-01-01,1,train,1
747,2018-01-01,1,train,1
748,2018-01-01,1,train,1
749,2018-01-01,1,train,1
750,2018-01-01,1,train,1
751,2018-01-01,1,train,1
752,2018-01-01,1,train,1
753,2018-01-01,1,train,1
754,2018-01-01,1,train,1
755,2018-01-01,1,train,1
756,2018-01-01,1,train,1
757,2018-01-01,1,train,1
758,2018-01-01,1,train,1
759,2018-01-01,1,train,1
760,2018-01-01,1,train,1
761,2018-01-01,1,train,1
762,2018-01-01,1,train,1
763,2018-01-01,1,train,1
764,2018-01-01,1,train,1
765,2018-01-01,1,train,1
766,2018-01-01,1,train,1
767,2018-01-01,1,train,1
768,2018-01-01,1,train,1
769,2018-01-02,1,train,1
770,2018-01-02,1,train,1
771,2018-01-02,1,train,1
772,2018-01-02,1,train,1
773,2018-01-02,1,train,1
774,2018-01-02,1,train,1
775,2018-01-02,1,train,1
776,2018-01-02,1,train,1
777,2018-01-02,1,train,1
778,2018-01-02,1,train,1
779,2018-01-02,1,train,1
780,2018-01-02,1,train,1
781,2018-01-02,1,train,1
782,2018-01-02,1,train,1
783,2018-01-02,1,train,1
784,2018-01-02,1,train,1
785,2018-01-02,1,train,1
786,2018-01-02,1,train,1
787,2018-01-02,1,train,1
788,2018-01-02,1,train,1
789,2018-01-02,1,train,1
790,2018-01-02,1,train,1
791,2018-01-02,1,train,1
792,2018-01-02,1,train,1
793,2018-01-03,1,train,1
794,2018-01-03,1,train,1
795,2018-01-03,1,train,1
796,2018-01-03,1,train,1
797,2018-01-03,1,train,1
798,2018-01-03,1,train,1
799,2018-01-03,1,train,1
800,2018-01-03,1,train,1
801,2018-01-03,1,train,1
802,2018-01-03,1,train,1
803,2018-01-03,1,train,1
804,2018-01-03,1,train,1
805,2018-01-03,1,train,1
806,2018-01-03,1,train,1
807,2018-01-03,1,train,1
808,2018-01-03,1,train,1
809,2018-01-03,1,train,1
810,2018-01-03,1,train,1
811,2018-01-03,1,train,1
812,2018-01-03,1,train,1
813,2018-01-03,1,train,1
814,2018-01-03,1,train,1
815,2018-01-03,1,train,1
816,2018-01-03,1,train,1
817,2018-01-04,1,train,1
818,2018-01-04,1,train,1
819,2018-01-04,1,train,1
820,2018-01-04,1,train,1
821,2018-01-04,1,train,1
822,2018-01-04,1,train,1
823,2018-01-04,1,train,1
824,2018-01-04,1,train,1
825,2018-01-04,1,train,1
826,2018-01-04,1,train,1
827,2018-01-04,1,train,1
828,2018-01-04,1,train,1
829,2018-01-04,1,train,1
830,2018-01-04,1,train,1
831,2018-01-04,1,train,1
832,2018-01-04,1,train,1
833,2018-01-04,1,train,1
834,2018-01-04,1,train,1
835,2018-01-04,1,train,1
836,2018-01-04,1,train,1
837,2018-01-04,1,train,1
838,2018-01-04,1,train,1
839,2018-01-04,1,train,1
840,2018-01-04,1,train,1
841,2018-01-05,1,train,1
842,2018-01-05,1,train,1
843,2018-01-05,1,train,1
844,2018-01-05,1,train,1
845,2018-01-05,1,train,1
846,2018-01-05,1,train,1
847,2018-01-05,1,train,1
848,2018-01-05,1,train,1
849,2018-01-05,1,train,1
850,2018-01-05,1,train,1
851,2018-01-05,1,train,1
852,2018-01-05,1,train,1
853,2018-01-05,1,train,1
854,2018-01-05,1,train,1
855,2018-01-05,1,train,1
856,2018-01-05,1,train,1
857,2018-01-05,1,train,1
858,2018-01-05,1,train,1
859,2018-01-05,1,train,1
860,2018-01-05,1,train,1
861,2018-01-05,1,train,1
862,2018-01-05,1,train,1
863,2018-01-05,1,train,1
864,2018-01-05,1,train,1
865,2018-01-06,1,train,1
866,2018-01-06,1,train,1
867,2018-01-06,1,train,1
868,2018-01-06,1,train,1
869,2018-01-06,1,train,1
870,2018-01-06,1,train,1
871,2018-01-06,1,train,1
872,2018-01-06,1,train,1
873,2018-01-06,1,train,1
874,2018-01-06,1,train,1
875,2018-01-06,1,train,1
876,2018-01-06,1,train,1
877,2018-01-06,1,train,1
878,2018-01-06,1,train,1
879,2018-01-06,1,train,1
880,2018-01-06,1,train,1
881,2018-01-06,1,train,1
882,2018-01-06,1,train,1
883,2018-01-06,1,train,1
884,2018-01-06,1,train,1
885,2018-01-06,1,train,1
886,2018-01-06,1,train,1
887,2018-01-06,1,train,1
888,2018-01-06,1,train,1
889,2018-01-07,1,train,1
890,2018-01-07,1,train,1
891,2018-01-07,1,train,1
892,2018-01-07,1,train,1
893,2018-01-07,1,train,1
894,2018-01-07,1,train,1
895,2018-01-07,1,train,1
896,2018-01-07,1,train,1
897,2018-01-07,1,train,1
898,2018-01-07,1,train,1
899,2018-01-07,1,train,1
900,2018-01-07,1,train,1
901,2018-01-07,1,train,1
902,2018-01-07,1,train,1
903,2018-01-07,1,train,1
904,2018-01-07,1,train,1
905,2018-01-07,1,train,1
906,2018-01-07,1,train,1
907,2018-01-07,1,train,1
908,2018-01-07,1,train,1
909,2018-01-07,1,train,1
910,2018-01-07,1,train,1
911,2018-01-07,1,train,1
912,2018-01-07,1,train,1
913,2018-01-08,1,train,1
914,2018-01-08,1,train,1
915,2018-01-08,1,train,1
916,2018-01-08,1,train,1
917,2018-01-08,1,train,1
918,2018-01-08,1,train,1
919,2018-01-08,1,train,1
920,2018-01-08,1,train,1
921,2018-01-08,1,train,1
922,2018-01-08,1,train,1
923,2018-01-08,1,train,1
924,2018-01-08,1,train,1
925,2018-01-08,1,train,1
926,2018-01-08,1,train,1
927,2018-01-08,1,train,1
928,2018-01-08,1,train,1
929,2018-01-08,1,train,1
930,2018-01-08,1,train,1
931,2018-01-08,1,train,1
932,2018-01-08,1,train,1
933,2018-01-08,1,train,1
934,2018-01-08,1,train,1
935,2018-01-08,1,train,1
936,2018-01-08,1,train,1
937,2018-01-09,1,train,1
938,2018-01-09,1,train,1
939,2018-01-09,1,train,1
940,2018-01-09,1,train,1
941,2018-01-09,1,train,1
942,2018-01-09,1,train,1
943,2018-01-09,1,train,1
944,2018-01-09,1,train,1
945,2018-01-09,1,train,1
946,2018-01-09,1,train,1
947,2018-01-09,1,train,1
948,2018-01-09,1,train,1
949,2018-01-09,1,train,1
950,2018-01-09,1,train,1
951,2018-01-09,1,train,1
952,2018-01-09,1,train,1
953,2018-01-09,1,train,1
954,2018-01-09,1,train,1
955,2018-01-09,1,train,1
956,2018-01-09,1,train,1
957,2018-01-09,1,train,1
958,2018-01-09,1,train,1
959,2018-01-09,1,train,1
960,2018-01-09,1,train,1
961,2018-01-10,1,train,1
962,2018-01-10,1,train,1
963,2018-01-10,1,train,1
964,2018-01-10,1,train,1
965,2018-01-10,1,train,1
966,2018-01-10,1,train,1
967,2018-01-10,1,train,1
968,2018-01-10,1,train,1
969,2018-01-10,1,train,1
970,2018-01-10,1,train,1
971,2018-01-10,1,train,1
972,2018-01-10,1,train,1
973,2018-01-10,1,train,1
974,2018-01-10,1,train,1
975,2018-01-10,1,train,1
976,2018-01-10,1,train,1
977,2018-01-10,1,train,1
978,2018-01-10,1,train,1
979,2018-01-10,1,train,1
980,2018-01-10,1,train,1
981,2018-01-10,1,train,1
982,2018-01-10,1,train,1
983,2018-01-10,1,train,1
984,2018-01-10,1,train,1
985,2018-01-11,1,train,1
986,2018-01-11,1,train,1
987,2018-01-11,1,train,1
988,2018-01-11,1,train,1
989,2018-01-11,1,train,1
990,2018-01-11,1,train,1
991,2018-01-11,1,train,1
992,2018-01-11,1,train,1
993,2018-01-11,1,train,1
994,2018-01-11,1,train,1
995,2018-01-11,1,train,1
996,2018-01-11,1,train,1
997,2018-01-11,1,train,1
998,2018-01-11,1,train,1
999,2018-01-11,1,train,1
1000,2018-01-11,1,train,1
1001,2018-01-11,1,train,1
1002,2018-01-11,1,train,1
1003,2018-01-11,1,train,1
1004,2018-01-11,1,train,1
1005,2018-01-11,1,train,1
1006,2018-01-11,1,train,1
1007,2018-01-11,1,train,1
1008,2018-01-11,1,train,1
1009,2018-01-12,1,train,1
1010,2018-01-12,1,train,1
1011,2018-01-12,1,train,1
1012,2018-01-12,1,train,1
1013,2018-01-12,1,train,1
1014,2018-01-12,1,train,1
1015,2018-01-12,1,train,1
1016,2018-01-12,1,train,1
1017,2018-01-12,1,train,1
1018,2018-01-12,1,train,1
1019,2018-01-12,1,train,1
1020,2018-01-12,1,train,1
1021,2018-01-12,1,train,1
1022,2018-01-12,1,train,1
1023,2018-01-12,1,train,1
1024,2018-01-12,1,train,1
1025,2018-01-12,1,train,1
1026,2018-01-12,1,train,1
1027,2018-01-12,1,train,1
1028,2018-01-12,1,train,1
1029,2018-01-12,1,train,1
1030,2018-01-12,1,train,1
1031,2018-01-12,1,train,1
1032,2018-01-12,1,train,1
1033,2018-01-13,1,train,1
1034,2018-01-13,1,train,1
1035,2018-01-13,1,train,1
1036,2018-01-13,1,train,1
1037,2018-01-13,1,train,1
1038,2018-01-13,1,train,1
1039,2018-01-13,1,train,1
1040,2018-01-13,1,train,1
1041,2018-01-13,1,train,1
1042,2018-01-13,1,train,1
1043,2018-01-13,1,train,1
1044,2018-01-13,1,train,1
1045,2018-01-13,1,train,1
1046,2018-01-13,1,train,1
1047,2018-01-13,1,train,1
1048,2018-01-13,1,train,1
1049,2018-01-13,1,train,1
1050,2018-01-13,1,train,1
1051,2018-01-13,1,train,1
1052,2018-01-13,1,train,1
1053,2018-01-13,1,train,1
1054,2018-01-13,1,train,1
1055,2018-01-13,1,train,1
1056,2018-01-13,1,train,1
1057,2018-01-14,1,train,1
1058,2018-01-14,1,train,1
1059,2018-01-14,1,train,1
1060,2018-01-14,1,train,1
1061,2018-01-14,1,train,1
1062,2018-01-14,1,train,1
1063,2018-01-14,1,train,1
1064,2018-01-14,1,train,1
1065,2018-01-14,1,train,1
1066,2018-01-14,1,train,1
1067,2018-01-14,1,train,1
1068,2018-01-14,1,train,1
1069,2018-01-14,1,train,1
1070,2018-01-14,1,train,1
1071,2018-01-14,1,train,1
1072,2018-01-14,1,train,1
1073,2018-01-14,1,train,1
1074,2018-01-14,1,train,1
1075,2018-01-14,1,train,1
1076,2018-01-14,1,train,1
1077,2018-01-14,1,train,1
1078,2018-01-14,1,train,1
1079,2018-01-14,1,train,1
1080,2018-01-14,1,train,1
1081,2018-01-15,1,train,1
1082,2018-01-15,1,train,1
1083,2018-01-15,1,train,1
1084,2018-01-15,1,train,1
1085,2018-01-15,1,train,1
1086,2018-01-15,1,train,1
1087,2018-01-15,1,train,1
1088,2018-01-15,1,train,1
1089,2018-01-15,1,train,1
1090,2018-01-15,1,train,1
1091,2018-01-15,1,train,1
1092,2018-01-15,1,train,1
1093,2018-01-15,1,train,1
1094,2018-01-15,1,train,1
1095,2018-01-15,1,train,1
1096,2018-01-15,1,train,1
1097,2018-01-15,1,train,1
1098,2018-01-15,1,train,1
1099,2018-01-15,1,train,1
1100,2018-01-15,1,train,1
1101,2018-01-15,1,train,1
1102,2018-01-15,1,train,1
1103,2018-01-15,1,train,1
1104,2018-01-15,1,train,1
1105,2018-01-16,1,train,1
1106,2018-01-16,1,train,1
1107,2018-01-16,1,train,1
1108,2018-01-16,1,train,1
1109,2018-01-16,1,train,1
1110,2018-01-16,1,train,1
1111,2018-01-16,1,train,1
1112,2018-01-16,1,train,1
1113,2018-01-16,1,train,1
1114,2018-01-16,1,train,1
1115,2018-01-16,1,train,1
1116,2018-01-16,1,train,1
1117,2018-01-16,1,train,1
1118,2018-01-16,1,train,1
1119,2018-01-16,1,train,1
1120,2018-01-16,1,train,1
1121,2018-01-16,1,train,1
1122,2018-01-16,1,train,1
1123,2018-01-16,1,train,1
1124,2018-01-16,1,train,1
1125,2018-01-16,1,train,1
1126,2018-01-16,1,train,1
1127,2018-01-16,1,train,1
1128,2018-01-16,1,train,1
1129,2018-01-17,1,train,1
1130,2018-01-17,1,train,1
1131,2018-01-17,1,train,1
1132,2018-01-17,1,train,1
1133,2018-01-17,1,train,1
1134,2018-01-17,1,train,1
1135,2018-01-17,1,train,1
1136,2018-01-17,1,train,1
1137,2018-01-17,1,train,1
1138,2018-01-17,1,train,1
1139,2018-01-17,1,train,1
1140,2018-01-17,1,train,1
1141,2018-01-17,1,train,1
1142,2018-01-17,1,train,1
1143,2018-01-17,1,train,1
1144,2018-01-17,1,train,1
1145,2018-01-17,1,train,1
1146,2018-01-17,1,train,1
1147,2018-01-17,1,train,1
1148,2018-01-17,1,train,1
1149,2018-01-17,1,train,1
1150,2018-01-17,1,train,1
1151,2018-01-17,1,train,1
1152,2018-01-17,1,train,1
1153,2018-01-18,1,train,1
1154,2018-01-18,1,train,1
1155,2018-01-18,1,train,1
1156,2018-01-18,1,train,1
1157,2018-01-18,1,train,1
1158,2018-01-18,1,train,1
1159,2018-01-18,1,train,1
1160,2018-01-18,1,train,1
1161,2018-01-18,1,train,1
1162,2018-01-18,1,train,1
1163,2018-01-18,1,train,1
1164,2018-01-18,1,train,1
1165,2018-01-18,1,train,1
1166,2018-01-18,1,train,1
1167,2018-01-18,1,train,1
1168,2018-01-18,1,train,1
1169,2018-01-18,1,train,1
1170,2018-01-18,1,train,1
1171,2018-01-18,1,train,1
1172,2018-01-18,1,train,1
1173,2018-01-18,1,train,1
1174,2018-01-18,1,train,1
1175,2018-01-18,1,train,1
1176,2018-01-18,1,train,1
1177,2018-01-19,1,train,1
1178,2018-01-19,1,train,1
1179,2018-01-19,1,train,1
1180,2018-01-19,1,train,1
1181,2018-01-19,1,train,1
1182,2018-01-19,1,train,1
1183,2018-01-19,1,train,1
1184,2018-01-19,1,train,1
1185,2018-01-19,1,train,1
1186,2018-01-19,1,train,1
1187,2018-01-19,1,train,1
1188,2018-01-19,1,train,1
1189,2018-01-19,1,train,1
1190,2018-01-19,1,train,1
1191,2018-01-19,1,train,1
1192,2018-01-19,1,train,1
1193,2018-01-19,1,train,1
1194,2018-01-19,1,train,1
1195,2018-01-19,1,train,1
1196,2018-01-19,1,train,1
1197,2018-01-19,1,train,1
1198,2018-01-19,1,train,1
1199,2018-01-19,1,train,1
1200,2018-01-19,1,train,1
1201,2018-01-20,1,train,1
1202,2018-01-20,1,train,1
1203,2018-01-20,1,train,1
1204,2018-01-20,1,train,1
1205,2018-01-20,1,train,1
1206,2018-01-20,1,train,1
1207,2018-01-20,1,train,1
1208,2018-01-20,1,train,1
1209,2018-01-20,1,train,1
1210,2018-01-20,1,train,1
1211,2018-01-20,1,train,1
1212,2018-01-20,1,train,1
1213,2018-01-20,1,train,1
1214,2018-01-20,1,train,1
1215,2018-01-20,1,train,1
1216,2018-01-20,1,train,1
1217,2018-01-20,1,train,1
1218,2018-01-20,1,train,1
1219,2018-01-20,1,train,1
1220,2018-01-20,1,train,1
1221,2018-01-20,1,train,1
1222,2018-01-20,1,train,1
1223,2018-01-20,1,train,1
1224,2018-01-20,1,train,1
1225,2018-01-21,1,train,1
1226,2018-01-21,1,train,1
1227,2018-01-21,1,train,1
1228,2018-01-21,1,train,1
1229,2018-01-21,1,train,1
1230,2018-01-21,1,train,1
1231,2018-01-21,1,train,1
1232,2018-01-21,1,train,1
1233,2018-01-21,1,train,1
1234,2018-01-21,1,train,1
1235,2018-01-21,1,train,1
1236,2018-01-21,1,train,1
1237,2018-01-21,1,train,1
1238,2018-01-21,1,train,1
1239,2018-01-21,1,train,1
1240,2018-01-21,1,train,1
1241,2018-01-21,1,train,1
1242,2018-01-21,1,train,1
1243,2018-01-21,1,train,1
1244,2018-01-21,1,train,1
1245,2018-01-21,1,train,1
1246,2018-01-21,1,train,1
1247,2018-01-21,1,train,1
1248,2018-01-21,1,train,1
1249,2018-01-22,1,train,1
1250,2018-01-22,1,train,1
1251,2018-01-22,1,train,1
1252,2018-01-22,1,train,1
1253,2018-01-22,1,train,1
1254,2018-01-22,1,train,1
1255,2018-01-22,1,train,1
1256,2018-01-22,1,train,1
1257,2018-01-22,1,train,1
1258,2018-01-22,1,train,1
1259,2018-01-22,1,train,1
1260,2018-01-22,1,train,1
1261,2018-01-22,1,train,1
1262,2018-01-22,1,train,1
1263,2018-01-22,1,train,1
1264,2018-01-22,1,train,1
1265,2018-01-22,1,train,1
1266,2018-01-22,1,train,1
1267,2018-01-22,1,train,1
1268,2018-01-22,1,train,1
1269,2018-01-22,1,train,1
1270,2018-01-22,1,train,1
1271,2018-01-22,1,train,1
1272,2018-01-22,1,train,1
1273,2018-01-23,1,train,1
1274,2018-01-23,1,train,1
1275,2018-01-23,1,train,1
1276,2018-01-23,1,train,1
1277,2018-01-23,1,train,1
1278,2018-01-23,1,train,1
1279,2018-01-23,1,train,1
1280,2018-01-23,1,train,1
1281,2018-01-23,1,train,1
1282,2018-01-23,1,train,1
1283,2018-01-23,1,train,1
1284,2018-01-23,1,train,1
1285,2018-01-23,1,train,1
1286,2018-01-23,1,train,1
1287,2018-01-23,1,train,1
1288,2018-01-23,1,train,1
1289,2018-01-23,1,train,1
1290,2018-01-23,1,train,1
1291,2018-01-23,1,train,1
1292,2018-01-23,1,train,1
1293,2018-01-23,1,train,1
1294,2018-01-23,1,train,1
1295,2018-01-23,1,train,1
1296,2018-01-23,1,train,1
1297,2018-01-24,1,train,1
1298,2018-01-24,1,train,1
1299,2018-01-24,1,train,1
1300,2018-01-24,1,train,1
1301,2018-01-24,1,train,1
1302,2018-01-24,1,train,1
1303,2018-01-24,1,train,1
1304,2018-01-24,1,train,1
1305,2018-01-24,1,train,1
1306,2018-01-24,1,train,1
1307,2018-01-24,1,train,1
1308,2018-01-24,1,train,1
1309,2018-01-24,1,train,1
1310,2018-01-24,1,train,1
1311,2018-01-24,1,train,1
1312,2018-01-24,1,train,1
1313,2018-01-24,1,train,1
1314,2018-01-24,1,train,1
1315,2018-01-24,1,train,1
1316,2018-01-24,1,train,1
1317,2018-01-24,1,train,1
1318,2018-01-24,1,train,1
1319,2018-01-24,1,train,1
1320,2018-01-24,1,train,1
1321,2018-01-25,1,train,1
1322,2018-01-25,1,train,1
1323,2018-01-25,1,train,1
1324,2018-01-25,1,train,1
1325,2018-01-25,1,train,1
1326,2018-01-25,1,train,1
1327,2018-01-25,1,train,1
1328,2018-01-25,1,train,1
1329,2018-01-25,1,train,1
1330,2018-01-25,1,train,1
1331,2018-01-25,1,train,1
1332,2018-01-25,1,train,1
1333,2018-01-25,1,train,1
1334,2018-01-25,1,train,1
1335,2018-01-25,1,train,1
1336,2018-01-25,1,train,1
1337,2018-01-25,1,train,1
1338,2018-01-25,1,train,1
1339,2018-01-25,1,train,1
1340,2018-01-25,1,train,1
1341,2018-01-25,1,train,1
1342,2018-01-25,1,train,1
1343,2018-01-25,1,train,1
1344,2018-01-25,1,train,1
1345,2018-01-26,1,train,1
1346,2018-01-26,1,train,1
1347,2018-01-26,1,train,1
1348,2018-01-26,1,train,1
1349,2018-01-26,1,train,1
1350,2018-01-26,1,train,1
1351,2018-01-26,1,train,1
1352,2018-01-26,1,train,1
1353,2018-01-26,1,train,1
1354,2018-01-26,1,train,1
1355,2018-01-26,1,train,1
1356,2018-01-26,1,train,1
1357,2018-01-26,1,train,1
1358,2018-01-26,1,train,1
1359,2018-01-26,1,train,1
1360,2018-01-26,1,train,1
1361,2018-01-26,1,train,1
1362,2018-01-26,1,train,1
1363,2018-01-26,1,train,1
1364,2018-01-26,1,train,1
1365,2018-01-26,1,train,1
1366,2018-01-26,1,train,1
1367,2018-01-26,1,train,1
1368,2018-01-26,1,train,1
1369,2018-01-27,1,train,1
1370,2018-01-27,1,train,1
1371,2018-01-27,1,train,1
1372,2018-01-27,1,train,1
1373,2018-01-27,1,train,1
1374,2018-01-27,1,train,1
1375,2018-01-27,1,train,1
1376,2018-01-27,1,train,1
1377,2018-01-27,1,train,1
1378,2018-01-27,1,train,1
1379,2018-01-27,1,train,1
1380,2018-01-27,1,train,1
1381,2018-01-27,1,train,1
1382,2018-01-27,1,train,1
1383,2018-01-27,1,train,1
1384,2018-01-27,1,train,1
1385,2018-01-27,1,train,1
1386,2018-01-27,1,train,1
1387,2018-01-27,1,train,1
1388,2018-01-27,1,train,1
1389,2018-01-27,1,train,1
1390,2018-01-27,1,train,1
1391,2018-01-27,1,train,1
1392,2018-01-27,1,train,1
1393,2018-01-28,1,train,1
1394,2018-01-28,1,train,1
1395,2018-01-28,1,train,1
1396,2018-01-28,1,train,1
1397,2018-01-28,1,train,1
1398,2018-01-28,1,train,1
1399,2018-01-28,1,train,1
1400,2018-01-28,1,train,1
1401,2018-01-28,1,train,1
1402,2018-01-28,1,train,1
1403,2018-01-28,1,train,1
1404,2018-01-28,1,train,1
1405,2018-01-28,1,train,1
1406,2018-01-28,1,train,1
1407,2018-01-28,1,train,1
1408,2018-01-28,1,train,1
1409,2018-01-28,1,train,1
1410,2018-01-28,1,train,1
1411,2018-01-28,1,train,1
1412,2018-01-28,1,train,1
1413,2018-01-28,1,train,1
1414,2018-01-28,1,train,1
1415,2018-01-28,1,train,1
1416,2018-01-28,1,train,1
1417,2018-01-29,1,train,1
1418,2018-01-29,1,train,1
1419,2018-01-29,1,train,1
1420,2018-01-29,1,train,1
1421,2018-01-29,1,train,1
1422,2018-01-29,1,train,1
1423,2018-01-29,1,train,1
1424,2018-01-29,1,train,1
1425,2018-01-29,1,train,1
1426,2018-01-29,1,train,1
1427,2018-01-29,1,train,1
1428,2018-01-29,1,train,1
1429,2018-01-29,1,train,1
1430,2018-01-29,1,train,1
1431,2018-01-29,1,train,1
1432,2018-01-29,1,train,1
1433,2018-01-29,1,train,1
1434,2018-01-29,1,train,1
1435,2018-01-29,1,train,1
1436,2018-01-29,1,train,1
1437,2018-01-29,1,train,1
1438,2018-01-29,1,train,1
1439,2018-01-29,1,train,1
1440,2018-01-29,1,train,1
1441,2018-01-30,1,train,1
1442,2018-01-30,1,train,1
1443,2018-01-30,1,train,1
1444,2018-01-30,1,train,1
1445,2018-01-30,1,train,1
1446,2018-01-30,1,train,1
1447,2018-01-30,1,train,1
1448,2018-01-30,1,train,1
1449,2018-01-30,1,train,1
1450,2018-01-30,1,train,1
1451,2018-01-30,1,train,1
1452,2018-01-30,1,train,1
1453,2018-01-30,1,train,1
1454,2018-01-30,1,train,1
1455,2018-01-30,1,train,1
1456,2018-01-30,1,train,1
1457,2018-01-30,1,train,1
1458,2018-01-30,1,train,1
1459,2018-01-30,1,train,1
1460,2018-01-30,1,train,1
1461,2018-01-30,1,train,1
1462,2018-01-30,1,train,1
1463,2018-01-30,1,train,1
1464,2018-01-30,1,train,1
1465,2018-01-31,1,train,1
1466,2018-01-31,1,train,1
1467,2018-01-31,1,train,1
1468,2018-01-31,1,train,1
1469,2018-01-31,1,train,1
1470,2018-01-31,1,train,1
1471,2018-01-31,1,train,1
1472,2018-01-31,1,train,1
1473,2018-01-31,1,train,1
1474,2018-01-31,1,train,1
1475,2018-01-31,1,train,1
1476,2018-01-31,1,train,1
1477,2018-01-31,1,train,1
1478,2018-01-31,1,train,1
1479,2018-01-31,1,train,1
1480,2018-01-31,1,train,1
1481,2018-01-31,1,train,1
1482,2018-01-31,1,train,1
1483,2018-01-31,1,train,1
1484,2018-01-31,1,train,1
1485,2018-01-31,1,train,1
1486,2018-01-31,1,train,1
1487,2018-01-31,1,train,1
1488,2018-01-31,1,train,1
1489,2018-02-01,1,train,1
1490,2018-02-01,1,train,1
1491,2018-02-01,1,train,1
1492,2018-02-01,1,train,1
1493,2018-02-01,1,train,1
1494,2018-02-01,1,train,1
1495,2018-02-01,1,train,1
1496,2018-02-01,1,train,1
1497,2018-02-01,1,train,1
1498,2018-02-01,1,train,1
1499,2018-02-01,1,train,1
1500,2018-02-01,1,train,1
1501,2018-02-01,1,train,1
1502,2018-02-01,1,train,1
1503,2018-02-01,1,train,1
1504,2018-02-01,1,train,1
1505,2018-02-01,1,train,1
1506,2018-02-01,1,train,1
1507,2018-02-01,1,train,1
1508,2018-02-01,1,train,1
1509,2018-02-01,1,train,1
1510,2018-02-01,1,train,1
1511,2018-02-01,1,train,1
1512,2018-02-01,1,train,1
1513,2018-02-02,1,train,1
1514,2018-02-02,1,train,1
1515,2018-02-02,1,train,1
1516,2018-02-02,1,train,1
1517,2018-02-02,1,train,1
1518,2018-02-02,1,train,1
1519,2018-02-02,1,train,1
1520,2018-02-02,1,train,1
1521,2018-02-02,1,train,1
1522,2018-02-02,1,train,1
1523,2018-02-02,1,train,1
1524,2018-02-02,1,train,1
1525,2018-02-02,1,train,1
1526,2018-02-02,1,train,1
1527,2018-02-02,1,train,1
1528,2018-02-02,1,train,1
1529,2018-02-02,1,train,1
1530,2018-02-02,1,train,1
1531,2018-02-02,1,train,1
1532,2018-02-02,1,train,1
1533,2018-02-02,1,train,1
1534,2018-02-02,1,train,1
1535,2018-02-02,1,train,1
1536,2018-02-02,1,train,1
1537,2018-02-03,1,train,1
1538,2018-02-03,1,train,1
1539,2018-02-03,1,train,1
1540,2018-02-03,1,train,1
1541,2018-02-03,1,train,1
1542,2018-02-03,1,train,1
1543,2018-02-03,1,train,1
1544,2018-02-03,1,train,1
1545,2018-02-03,1,train,1
1546,2018-02-03,1,train,1
1547,2018-02-03,1,train,1
1548,2018-02-03,1,train,1
1549,2018-02-03,1,train,1
1550,2018-02-03,1,train,1
1551,2018-02-03,1,train,1
1552,2018-02-03,1,train,1
1553,2018-02-03,1,train,1
1554,2018-02-03,1,train,1
1555,2018-02-03,1,train,1
1556,2018-02-03,1,train,1
1557,2018-02-03,1,train,1
1558,2018-02-03,1,train,1
1559,2018-02-03,1,train,1
1560,2018-02-03,1,train,1
1561,2018-02-04,1,train,1
1562,2018-02-04,1,train,1
1563,2018-02-04,1,train,1
1564,2018-02-04,1,train,1
1565,2018-02-04,1,train,1
1566,2018-02-04,1,train,1
1567,2018-02-04,1,train,1
1568,2018-02-04,1,train,1
1569,2018-02-04,1,train,1
1570,2018-02-04,1,train,1
1571,2018-02-04,1,train,1
1572,2018-02-04,1,train,1
1573,2018-02-04,1,train,1
1574,2018-02-04,1,train,1
1575,2018-02-04,1,train,1
1576,2018-02-04,1,train,1
1577,2018-02-04,1,train,1
1578,2018-02-04,1,train,1
1579,2018-02-04,1,train,1
1580,2018-02-04,1,train,1
1581,2018-02-04,1,train,1
1582,2018-02-04,1,train,1
1583,2018-02-04,1,train,1
1584,2018-02-04,1,train,1
1585,2018-02-05,1,train,1
1586,2018-02-05,1,train,1
1587,2018-02-05,1,train,1
1588,2018-02-05,1,train,1
1589,2018-02-05,1,train,1
1590,2018-02-05,1,train,1
1591,2018-02-05,1,train,1
1592,2018-02-05,1,train,1
1593,2018-02-05,1,train,1
1594,2018-02-05,1,train,1
1595,2018-02-05,1,train,1
1596,2018-02-05,1,train,1
1597,2018-02-05,1,train,1
1598,2018-02-05,1,train,1
1599,2018-02-05,1,train,1
1600,2018-02-05,1,train,1
1601,2018-02-05,1,train,1
1602,2018-02-05,1,train,1
1603,2018-02-05,1,train,1
1604,2018-02-05,1,train,1
1605,2018-02-05,1,train,1
1606,2018-02-05,1,train,1
1607,2018-02-05,1,train,1
1608,2018-02-05,1,train,1
1609,2018-02-06,1,train,1
1610,2018-02-06,1,train,1
1611,2018-02-06,1,train,1
1612,2018-02-06,1,train,1
1613,2018-02-06,1,train,1
1614,2018-02-06,1,train,1
1615,2018-02-06,1,train,1
1616,2018-02-06,1,train,1
1617,2018-02-06,1,train,1
1618,2018-02-06,1,train,1
1619,2018-02-06,1,train,1
1620,2018-02-06,1,train,1
1621,2018-02-06,1,train,1
1622,2018-02-06,1,train,1
1623,2018-02-06,1,train,1
1624,2018-02-06,1,train,1
1625,2018-02-06,1,train,1
1626,2018-02-06,1,train,1
1627,2018-02-06,1,train,1
1628,2018-02-06,1,train,1
1629,2018-02-06,1,train,1
1630,2018-02-06,1,train,1
1631,2018-02-06,1,train,1
1632,2018-02-06,1,train,1
1633,2018-02-07,1,train,1
1634,2018-02-07,1,train,1
1635,2018-02-07,1,train,1
1636,2018-02-07,1,train,1
1637,2018-02-07,1,train,1
1638,2018-02-07,1,train,1
1639,2018-02-07,1,train,1
1640,2018-02-07,1,train,1
1641,2018-02-07,1,train,1
1642,2018-02-07,1,train,1
1643,2018-02-07,1,train,1
1644,2018-02-07,1,train,1
1645,2018-02-07,1,train,1
1646,2018-02-07,1,train,1
1647,2018-02-07,1,train,1
1648,2018-02-07,1,train,1
1649,2018-02-07,1,train,1
1650,2018-02-07,1,train,1
1651,2018-02-07,1,train,1
1652,2018-02-07,1,train,1
1653,2018-02-07,1,train,1
1654,2018-02-07,1,train,1
1655,2018-02-07,1,train,1
1656,2018-02-07,1,train,1
1657,2018-02-08,1,train,1
1658,2018-02-08,1,train,1
1659,2018-02-08,1,train,1
1660,2018-02-08,1,train,1
1661,2018-02-08,1,train,1
1662,2018-02-08,1,train,1
1663,2018-02-08,1,train,1
1664,2018-02-08,1,train,1
1665,2018-02-08,1,train,1
1666,2018-02-08,1,train,1
1667,2018-02-08,1,train,1
1668,2018-02-08,1,train,1
1669,2018-02-08,1,train,1
1670,2018-02-08,1,train,1
1671,2018-02-08,1,train,1
1672,2018-02-08,1,train,1
1673,2018-02-08,1,train,1
1674,2018-02-08,1,train,1
1675,2018-02-08,1,train,1
1676,2018-02-08,1,train,1
1677,2018-02-08,1,train,1
1678,2018-02-08,1,train,1
1679,2018-02-08,1,train,1
1680,2018-02-08,1,train,1
1681,2018-02-09,1,train,1
1682,2018-02-09,1,train,1
1683,2018-02-09,1,train,1
1684,2018-02-09,1,train,1
1685,2018-02-09,1,train,1
1686,2018-02-09,1,train,1
1687,2018-02-09,1,train,1
1688,2018-02-09,1,train,1
1689,2018-02-09,1,train,1
1690,2018-02-09,1,train,1
1691,2018-02-09,1,train,1
1692,2018-02-09,1,train,1
1693,2018-02-09,1,train,1
1694,2018-02-09,1,train,1
1695,2018-02-09,1,train,1
1696,2018-02-09,1,train,1
1697,2018-02-09,1,train,1
1698,2018-02-09,1,train,1
1699,2018-02-09,1,train,1
1700,2018-02-09,1,train,1
1701,2018-02-09,1,train,1
1702,2018-02-09,1,train,1
1703,2018-02-09,1,train,1
1704,2018-02-09,1,train,1
1705,2018-02-10,1,train,1
1706,2018-02-10,1,train,1
1707,2018-02-10,1,train,1
1708,2018-02-10,1,train,1
1709,2018-02-10,1,train,1
1710,2018-02-10,1,train,1
1711,2018-02-10,1,train,1
1712,2018-02-10,1,train,1
1713,2018-02-10,1,train,1
1714,2018-02-10,1,train,1
1715,2018-02-10,1,train,1
1716,2018-02-10,1,train,1
1717,2018-02-10,1,train,1
1718,2018-02-10,1,train,1
1719,2018-02-10,1,train,1
1720,2018-02-10,1,train,1
1721,2018-02-10,1,train,1
1722,2018-02-10,1,train,1
1723,2018-02-10,1,train,1
1724,2018-02-10,1,train,1
1725,2018-02-10,1,train,1
1726,2018-02-10,1,train,1
1727,2018-02-10,1,train,1
1728,2018-02-10,1,train,1
1729,2018-02-11,1,train,1
1730,2018-02-11,1,train,1
1731,2018-02-11,1,train,1
1732,2018-02-11,1,train,1
1733,2018-02-11,1,train,1
1734,2018-02-11,1,train,1
1735,2018-02-11,1,train,1
1736,2018-02-11,1,train,1
1737,2018-02-11,1,train,1
1738,2018-02-11,1,train,1
1739,2018-02-11,1,train,1
1740,2018-02-11,1,train,1
1741,2018-02-11,1,train,1
1742,2018-02-11,1,train,1
1743,2018-02-11,1,train,1
1744,2018-02-11,1,train,1
1745,2018-02-11,1,train,1
1746,2018-02-11,1,train,1
1747,2018-02-11,1,train,1
1748,2018-02-11,1,train,1
1749,2018-02-11,1,train,1
1750,2018-02-11,1,train,1
1751,2018-02-11,1,train,1
1752,2018-02-11,1,train,1
1753,2018-02-12,1,train,1
1754,2018-02-12,1,train,1
1755,2018-02-12,1,train,1
1756,2018-02-12,1,train,1
1757,2018-02-12,1,train,1
1758,2018-02-12,1,train,1
1759,2018-02-12,1,train,1
1760,2018-02-12,1,train,1
1761,2018-02-12,1,train,1
1762,2018-02-12,1,train,1
1763,2018-02-12,1,train,1
1764,2018-02-12,1,train,1
1765,2018-02-12,1,train,1
1766,2018-02-12,1,train,1
1767,2018-02-12,1,train,1
1768,2018-02-12,1,train,1
1769,2018-02-12,1,train,1
1770,2018-02-12,1,train,1
1771,2018-02-12,1,train,1
1772,2018-02-12,1,train,1
1773,2018-02-12,1,train,1
1774,2018-02-12,1,train,1
1775,2018-02-12,1,train,1
1776,2018-02-12,1,train,1
1777,2018-02-13,1,train,1
1778,2018-02-13,1,train,1
1779,2018-02-13,1,train,1
1780,2018-02-13,1,train,1
1781,2018-02-13,1,train,1
1782,2018-02-13,1,train,1
1783,2018-02-13,1,train,1
1784,2018-02-13,1,train,1
1785,2018-02-13,1,train,1
1786,2018-02-13,1,train,1
1787,2018-02-13,1,train,1
1788,2018-02-13,1,train,1
1789,2018-02-13,1,train,1
1790,2018-02-13,1,train,1
1791,2018-02-13,1,train,1
1792,2018-02-13,1,train,1
1793,2018-02-13,1,train,1
1794,2018-02-13,1,train,1
1795,2018-02-13,1,train,1
1796,2018-02-13,1,train,1
1797,2018-02-13,1,train,1
1798,2018-02-13,1,train,1
1799,2018-02-13,1,train,1
1800,2018-02-13,1,train,1
1801,2018-02-14,1,train,1
1802,2018-02-14,1,train,1
1803,2018-02-14,1,train,1
1804,2018-02-14,1,train,1
1805,2018-02-14,1,train,1
1806,2018-02-14,1,train,1
1807,2018-02-14,1,train,1
1808,2018-02-14,1,train,1
1809,2018-02-14,1,train,1
1810,2018-02-14,1,train,1
1811,2018-02-14,1,train,1
1812,2018-02-14,1,train,1
1813,2018-02-14,1,train,1
1814,2018-02-14,1,train,1
1815,2018-02-14,1,train,1
1816,2018-02-14,1,train,1
1817,2018-02-14,1,train,1
1818,2018-02-14,1,train,1
1819,2018-02-14,1,train,1
1820,2018-02-14,1,train,1
1821,2018-02-14,1,train,1
1822,2018-02-14,1,train,1
1823,2018-02-14,1,train,1
1824,2018-02-14,1,train,1
1825,2018-02-15,1,train,1
1826,2018-02-15,1,train,1
1827,2018-02-15,1,train,1
1828,2018-02-15,1,train,1
1829,2018-02-15,1,train,1
1830,2018-02-15,1,train,1
1831,2018-02-15,1,train,1
1832,2018-02-15,1,train,1
1833,2018-02-15,1,train,1
1834,2018-02-15,1,train,1
1835,2018-02-15,1,train,1
1836,2018-02-15,1,train,1
1837,2018-02-15,1,train,1
1838,2018-02-15,1,train,1
1839,2018-02-15,1,train,1
1840,2018-02-15,1,train,1
1841,2018-02-15,1,train,1
1842,2018-02-15,1,train,1
1843,2018-02-15,1,train,1
1844,2018-02-15,1,train,1
1845,2018-02-15,1,train,1
1846,2018-02-15,1,train,1
1847,2018-02-15,1,train,1
1848,2018-02-15,1,train,1
1849,2018-02-16,1,train,1
1850,2018-02-16,1,train,1
1851,2018-02-16,1,train,1
1852,2018-02-16,1,train,1
1853,2018-02-16,1,train,1
1854,2018-02-16,1,train,1
1855,2018-02-16,1,train,1
1856,2018-02-16,1,train,1
1857,2018-02-16,1,train,1
1858,2018-02-16,1,train,1
1859,2018-02-16,1,train,1
1860,2018-02-16,1,train,1
1861,2018-02-16,1,train,1
1862,2018-02-16,1,train,1
1863,2018-02-16,1,train,1
1864,2018-02-16,1,train,1
1865,2018-02-16,1,train,1
1866,2018-02-16,1,train,1
1867,2018-02-16,1,train,1
1868,2018-02-16,1,train,1
1869,2018-02-16,1,train,1
1870,2018-02-16,1,train,1
1871,2018-02-16,1,train,1
1872,2018-02-16,1,train,1
1873,2018-02-17,1,train,1
1874,2018-02-17,1,train,1
1875,2018-02-17,1,train,1
1876,2018-02-17,1,train,1
1877,2018-02-17,1,train,1
1878,2018-02-17,1,train,1
1879,2018-02-17,1,train,1
1880,2018-02-17,1,train,1
1881,2018-02-17,1,train,1
1882,2018-02-17,1,train,1
1883,2018-02-17,1,train,1
1884,2018-02-17,1,train,1
1885,2018-02-17,1,train,1
1886,2018-02-17,1,train,1
1887,2018-02-17,1,train,1
1888,2018-02-17,1,train,1
1889,2018-02-17,1,train,1
1890,2018-02-17,1,train,1
1891,2018-02-17,1,train,1
1892,2018-02-17,1,train,1
1893,2018-02-17,1,train,1
1894,2018-02-17,1,train,1
1895,2018-02-17,1,train,1
1896,2018-02-17,1,train,1
1897,2018-02-18,1,train,1
1898,2018-02-18,1,train,1
1899,2018-02-18,1,train,1
1900,2018-02-18,1,train,1
1901,2018-02-18,1,train,1
1902,2018-02-18,1,train,1
1903,2018-02-18,1,train,1
1904,2018-02-18,1,train,1
1905,2018-02-18,1,train,1
1906,2018-02-18,1,train,1
1907,2018-02-18,1,train,1
1908,2018-02-18,1,train,1
1909,2018-02-18,1,train,1
1910,2018-02-18,1,train,1
1911,2018-02-18,1,train,1
1912,2018-02-18,1,train,1
1913,2018-02-18,1,train,1
1914,2018-02-18,1,train,1
1915,2018-02-18,1,train,1
1916,2018-02-18,1,train,1
1917,2018-02-18,1,train,1
1918,2018-02-18,1,train,1
1919,2018-02-18,1,train,1
1920,2018-02-18,1,train,1
1921,2018-02-19,1,train,1
1922,2018-02-19,1,train,1
1923,2018-02-19,1,train,1
1924,2018-02-19,1,train,1
1925,2018-02-19,1,train,1
1926,2018-02-19,1,train,1
1927,2018-02-19,1,train,1
1928,2018-02-19,1,train,1
1929,2018-02-19,1,train,1
1930,2018-02-19,1,train,1
1931,2018-02-19,1,train,1
1932,2018-02-19,1,train,1
1933,2018-02-19,1,train,1
1934,2018-02-19,1,train,1
1935,2018-02-19,1,train,1
1936,2018-02-19,1,train,1
1937,2018-02-19,1,train,1
1938,2018-02-19,1,train,1
1939,2018-02-19,1,train,1
1940,2018-02-19,1,train,1
1941,2018-02-19,1,train,1
1942,2018-02-19,1,train,1
1943,2018-02-19,1,train,1
1944,2018-02-19,1,train,1
1,2018-02-20,1,val,1
2,2018-02-20,1,val,1
3,2018-02-20,1,val,1
4,2018-02-20,1,val,1
5,2018-02-20,1,val,1
6,2018-02-20,1,val,1
7,2018-02-20,1,val,1
8,2018-02-20,1,val,1
9,2018-02-20,1,val,1
10,2018-02-20,1,val,1
11,2018-02-20,1,val,1
12,2018-02-20,1,val,1
13,2018-02-20,1,val,1
14,2018-02-20,1,val,1
15,2018-02-20,1,val,1
16,2018-02-20,1,val,1
17,2018-02-20,1,val,1
18,2018-02-20,1,val,1
19,2018-02-20,1,val,1
20,2018-02-20,1,val,1
21,2018-02-20,1,val,1
22,2018-02-20,1,val,1
23,2018-02-20,1,val,1
24,2018-02-20,1,val,1
25,2018-02-21,1,val,1
26,2018-02-21,1,val,1
27,2018-02-21,1,val,1
28,2018-02-21,1,val,1
29,2018-02-21,1,val,1
30,2018-02-21,1,val,1
31,2018-02-21,1,val,1
32,2018-02-21,1,val,1
33,2018-02-21,1,val,1
34,2018-02-21,1,val,1
35,2018-02-21,1,val,1
36,2018-02-21,1,val,1
37,2018-02-21,1,val,1
38,2018-02-21,1,val,1
39,2018-02-21,1,val,1
40,2018-02-21,1,val,1
41,2018-02-21,1,val,1
42,2018-02-21,1,val,1
43,2018-02-21,1,val,1
44,2018-02-21,1,val,1
45,2018-02-21,1,val,1
46,2018-02-21,1,val,1
47,2018-02-21,1,val,1
48,2018-02-21,1,val,1
49,2018-02-22,1,val,1
50,2018-02-22,1,val,1
51,2018-02-22,1,val,1
52,2018-02-22,1,val,1
53,2018-02-22,1,val,1
54,2018-02-22,1,val,1
55,2018-02-22,1,val,1
56,2018-02-22,1,val,1
57,2018-02-22,1,val,1
58,2018-02-22,1,val,1
59,2018-02-22,1,val,1
60,2018-02-22,1,val,1
61,2018-02-22,1,val,1
62,2018-02-22,1,val,1
63,2018-02-22,1,val,1
64,2018-02-22,1,val,1
65,2018-02-22,1,val,1
66,2018-02-22,1,val,1
67,2018-02-22,1,val,1
68,2018-02-22,1,val,1
69,2018-02-22,1,val,1
70,2018-02-22,1,val,1
71,2018-02-22,1,val,1
72,2018-02-22,1,val,1
73,2018-02-23,1,val,1
74,2018-02-23,1,val,1
75,2018-02-23,1,val,1
76,2018-02-23,1,val,1
77,2018-02-23,1,val,1
78,2018-02-23,1,val,1
79,2018-02-23,1,val,1
80,2018-02-23,1,val,1
81,2018-02-23,1,val,1
82,2018-02-23,1,val,1
83,2018-02-23,1,val,1
84,2018-02-23,1,val,1
85,2018-02-23,1,val,1
86,2018-02-23,1,val,1
87,2018-02-23,1,val,1
88,2018-02-23,1,val,1
89,2018-02-23,1,val,1
90,2018-02-23,1,val,1
91,2018-02-23,1,val,1
92,2018-02-23,1,val,1
93,2018-02-23,1,val,1
94,2018-02-23,1,val,1
95,2018-02-23,1,val,1
96,2018-02-23,1,val,1
1,2018-02-24,1,test,1
2,2018-02-24,1,test,1
3,2018-02-24,1,test,1
4,2018-02-24,1,test,1
5,2018-02-24,1,test,1
6,2018-02-24,1,test,1
7,2018-02-24,1,test,1
8,2018-02-24,1,test,1
9,2018-02-24,1,test,1
10,2018-02-24,1,test,1
11,2018-02-24,1,test,1
12,2018-02-24,1,test,1
13,2018-02-24,1,test,1
14,2018-02-24,1,test,1
15,2018-02-24,1,test,1
16,2018-02-24,1,test,1
17,2018-02-24,1,test,1
18,2018-02-24,1,test,1
19,2018-02-24,1,test,1
20,2018-02-24,1,test,1
21,2018-02-24,1,test,1
22,2018-02-24,1,test,1
23,2018-02-24,1,test,1
24,2018-02-24,1,test,1
25,2018-02-25,1,test,1
26,2018-02-25,1,test,1
27,2018-02-25,1,test,1
28,2018-02-25,1,test,1
29,2018-02-25,1,test,1
30,2018-02-25,1,test,1
31,2018-02-25,1,test,1
32,2018-02-25,1,test,1
33,2018-02-25,1,test,1
34,2018-02-25,1,test,1
35,2018-02-25,1,test,1
36,2018-02-25,1,test,1
37,2018-02-25,1,test,1
38,2018-02-25,1,test,1
39,2018-02-25,1,test,1
40,2018-02-25,1,test,1
41,2018-02-25,1,test,1
42,2018-02-25,1,test,1
43,2018-02-25,1,test,1
44,2018-02-25,1,test,1
45,2018-02-25,1,test,1
46,2018-02-25,1,test,1
47,2018-02-25,1,test,1
48,2018-02-25,1,test,1
49,2018-02-26,1,test,1
50,2018-02-26,1,test,1
51,2018-02-26,1,test,1
52,2018-02-26,1,test,1
53,2018-02-26,1,test,1
54,2018-02-26,1,test,1
55,2018-02-26,1,test,1
56,2018-02-26,1,test,1
57,2018-02-26,1,test,1
58,2018-02-26,1,test,1
59,2018-02-26,1,test,1
60,2018-02-26,1,test,1
61,2018-02-26,1,test,1
62,2018-02-26,1,test,1
63,2018-02-26,1,test,1
64,2018-02-26,1,test,1
65,2018-02-26,1,test,1
66,2018-02-26,1,test,1
67,2018-02-26,1,test,1
68,2018-02-26,1,test,1
69,2018-02-26,1,test,1
70,2018-02-26,1,test,1
71,2018-02-26,1,test,1
72,2018-02-26,1,test,1
73,2018-02-27,1,test,1
74,2018-02-27,1,test,1
75,2018-02-27,1,test,1
76,2018-02-27,1,test,1
77,2018-02-27,1,test,1
78,2018-02-27,1,test,1
79,2018-02-27,1,test,1
80,2018-02-27,1,test,1
81,2018-02-27,1,test,1
82,2018-02-27,1,test,1
83,2018-02-27,1,test,1
84,2018-02-27,1,test,1
85,2018-02-27,1,test,1
86,2018-02-27,1,test,1
87,2018-02-27,1,test,1
88,2018-02-27,1,test,1
89,2018-02-27,1,test,1
90,2018-02-27,1,test,1
91,2018-02-27,1,test,1
92,2018-02-27,1,test,1
93,2018-02-27,1,test,1
94,2018-02-27,1,test,1
95,2018-02-27,1,test,1
96,2018-02-27,1,test,1
97,2018-02-28,1,test,1
98,2018-02-28,1,test,1
99,2018-02-28,1,test,1
100,2018-02-28,1,test,1
101,2018-02-28,1,test,1
102,2018-02-28,1,test,1
103,2018-02-28,1,test,1
104,2018-02-28,1,test,1
105,2018-02-28,1,test,1
106,2018-02-28,1,test,1
107,2018-02-28,1,test,1
108,2018-02-28,1,test,1
109,2018-02-28,1,test,1
110,2018-02-28,1,test,1
111,2018-02-28,1,test,1
112,2018-02-28,1,test,1
113,2018-02-28,1,test,1
114,2018-02-28,1,test,1
115,2018-02-28,1,test,1
116,2018-02-28,1,test,1
117,2018-02-28,1,test,1
118,2018-02-28,1,test,1
119,2018-02-28,1,test,1
120,2018-02-28,1,test,1
1,2018-03-01,2,train,1
2,2018-03-01,2,train,1
3,2018-03-01,2,train,1
4,2018-03-01,2,train,1
5,2018-03-01,2,train,1
6,2018-03-01,2,train,1
7,2018-03-01,2,train,1
8,2018-03-01,2,train,1
9,2018-03-01,2,train,1
10,2018-03-01,2,train,1
11,2018-03-01,2,train,1
12,2018-03-01,2,train,1
13,2018-03-01,2,train,1
14,2018-03-01,2,train,1
15,2018-03-01,2,train,1
16,2018-03-01,2,train,1
17,2018-03-01,2,train,1
18,2018-03-01,2,train,1
19,2018-03-01,2,train,1
20,2018-03-01,2,train,1
21,2018-03-01,2,train,1
22,2018-03-01,2,train,1
23,2018-03-01,2,train,1
24,2018-03-01,2,train,1
25,2018-03-02,2,train,1
26,2018-03-02,2,train,1
27,2018-03-02,2,train,1
28,2018-03-02,2,train,1
29,2018-03-02,2,train,1
30,2018-03-02,2,train,1
31,2018-03-02,2,train,1
32,2018-03-02,2,train,1
33,2018-03-02,2,train,1
34,2018-03-02,2,train,1
35,2018-03-02,2,train,1
36,2018-03-02,2,train,1
37,2018-03-02,2,train,1
38,2018-03-02,2,train,1
39,2018-03-02,2,train,1
40,2018-03-02,2,train,1
41,2018-03-02,2,train,1
42,2018-03-02,2,train,1
43,2018-03-02,2,train,1
44,2018-03-02,2,train,1
45,2018-03-02,2,train,1
46,2018-03-02,2,train,1
47,2018-03-02,2,train,1
48,2018-03-02,2,train,1
49,2018-03-03,2,train,1
50,2018-03-03,2,train,1
51,2018-03-03,2,train,1
52,2018-03-03,2,train,1
53,2018-03-03,2,train,1
54,2018-03-03,2,train,1
55,2018-03-03,2,train,1
56,2018-03-03,2,train,1
57,2018-03-03,2,train,1
58,2018-03-03,2,train,1
59,2018-03-03,2,train,1
60,2018-03-03,2,train,1
61,2018-03-03,2,train,1
62,2018-03-03,2,train,1
63,2018-03-03,2,train,1
64,2018-03-03,2,train,1
65,2018-03-03,2,train,1
66,2018-03-03,2,train,1
67,2018-03-03,2,train,1
68,2018-03-03,2,train,1
69,2018-03-03,2,train,1
70,2018-03-03,2,train,1
71,2018-03-03,2,train,1
72,2018-03-03,2,train,1
73,2018-03-04,2,train,1
74,2018-03-04,2,train,1
75,2018-03-04,2,train,1
76,2018-03-04,2,train,1
77,2018-03-04,2,train,1
78,2018-03-04,2,train,1
79,2018-03-04,2,train,1
80,2018-03-04,2,train,1
81,2018-03-04,2,train,1
82,2018-03-04,2,train,1
83,2018-03-04,2,train,1
84,2018-03-04,2,train,1
85,2018-03-04,2,train,1
86,2018-03-04,2,train,1
87,2018-03-04,2,train,1
88,2018-03-04,2,train,1
89,2018-03-04,2,train,1
90,2018-03-04,2,train,1
91,2018-03-04,2,train,1
92,2018-03-04,2,train,1
93,2018-03-04,2,train,1
94,2018-03-04,2,train,1
95,2018-03-04,2,train,1
96,2018-03-04,2,train,1
97,2018-03-05,2,train,1
98,2018-03-05,2,train,1
99,2018-03-05,2,train,1
100,2018-03-05,2,train,1
101,2018-03-05,2,train,1
102,2018-03-05,2,train,1
103,2018-03-05,2,train,1
104,2018-03-05,2,train,1
105,2018-03-05,2,train,1
106,2018-03-05,2,train,1
107,2018-03-05,2,train,1
108,2018-03-05,2,train,1
109,2018-03-05,2,train,1
110,2018-03-05,2,train,1
111,2018-03-05,2,train,1
112,2018-03-05,2,train,1
113,2018-03-05,2,train,1
114,2018-03-05,2,train,1
115,2018-03-05,2,train,1
116,2018-03-05,2,train,1
117,2018-03-05,2,train,1
118,2018-03-05,2,train,1
119,2018-03-05,2,train,1
120,2018-03-05,2,train,1
121,2018-03-06,2,train,1
122,2018-03-06,2,train,1
123,2018-03-06,2,train,1
124,2018-03-06,2,train,1
125,2018-03-06,2,train,1
126,2018-03-06,2,train,1
127,2018-03-06,2,train,1
128,2018-03-06,2,train,1
129,2018-03-06,2,train,1
130,2018-03-06,2,train,1
131,2018-03-06,2,train,1
132,2018-03-06,2,train,1
133,2018-03-06,2,train,1
134,2018-03-06,2,train,1
135,2018-03-06,2,train,1
136,2018-03-06,2,train,1
137,2018-03-06,2,train,1
138,2018-03-06,2,train,1
139,2018-03-06,2,train,1
140,2018-03-06,2,train,1
141,2018-03-06,2,train,1
142,2018-03-06,2,train,1
143,2018-03-06,2,train,1
144,2018-03-06,2,train,1
145,2018-03-07,2,train,1
146,2018-03-07,2,train,1
147,2018-03-07,2,train,1
148,2018-03-07,2,train,1
149,2018-03-07,2,train,1
150,2018-03-07,2,train,1
151,2018-03-07,2,train,1
152,2018-03-07,2,train,1
153,2018-03-07,2,train,1
154,2018-03-07,2,train,1
155,2018-03-07,2,train,1
156,2018-03-07,2,train,1
157,2018-03-07,2,train,1
158,2018-03-07,2,train,1
159,2018-03-07,2,train,1
160,2018-03-07,2,train,1
161,2018-03-07,2,train,1
162,2018-03-07,2,train,1
163,2018-03-07,2,train,1
164,2018-03-07,2,train,1
165,2018-03-07,2,train,1
166,2018-03-07,2,train,1
167,2018-03-07,2,train,1
168,2018-03-07,2,train,1
169,2018-03-08,2,train,1
170,2018-03-08,2,train,1
171,2018-03-08,2,train,1
172,2018-03-08,2,train,1
173,2018-03-08,2,train,1
174,2018-03-08,2,train,1
175,2018-03-08,2,train,1
176,2018-03-08,2,train,1
177,2018-03-08,2,train,1
178,2018-03-08,2,train,1
179,2018-03-08,2,train,1
180,2018-03-08,2,train,1
181,2018-03-08,2,train,1
182,2018-03-08,2,train,1
183,2018-03-08,2,train,1
184,2018-03-08,2,train,1
185,2018-03-08,2,train,1
186,2018-03-08,2,train,1
187,2018-03-08,2,train,1
188,2018-03-08,2,train,1
189,2018-03-08,2,train,1
190,2018-03-08,2,train,1
191,2018-03-08,2,train,1
192,2018-03-08,2,train,1
193,2018-03-09,2,train,1
194,2018-03-09,2,train,1
195,2018-03-09,2,train,1
196,2018-03-09,2,train,1
197,2018-03-09,2,train,1
198,2018-03-09,2,train,1
199,2018-03-09,2,train,1
200,2018-03-09,2,train,1
201,2018-03-09,2,train,1
202,2018-03-09,2,train,1
203,2018-03-09,2,train,1
204,2018-03-09,2,train,1
205,2018-03-09,2,train,1
206,2018-03-09,2,train,1
207,2018-03-09,2,train,1
208,2018-03-09,2,train,1
209,2018-03-09,2,train,1
210,2018-03-09,2,train,1
211,2018-03-09,2,train,1
212,2018-03-09,2,train,1
213,2018-03-09,2,train,1
214,2018-03-09,2,train,1
215,2018-03-09,2,train,1
216,2018-03-09,2,train,1
217,2018-03-10,2,train,1
218,2018-03-10,2,train,1
219,2018-03-10,2,train,1
220,2018-03-10,2,train,1
221,2018-03-10,2,train,1
222,2018-03-10,2,train,1
223,2018-03-10,2,train,1
224,2018-03-10,2,train,1
225,2018-03-10,2,train,1
226,2018-03-10,2,train,1
227,2018-03-10,2,train,1
228,2018-03-10,2,train,1
229,2018-03-10,2,train,1
230,2018-03-10,2,train,1
231,2018-03-10,2,train,1
232,2018-03-10,2,train,1
233,2018-03-10,2,train,1
234,2018-03-10,2,train,1
235,2018-03-10,2,train,1
236,2018-03-10,2,train,1
237,2018-03-10,2,train,1
238,2018-03-10,2,train,1
239,2018-03-10,2,train,1
240,2018-03-10,2,train,1
241,2018-03-11,2,train,1
242,2018-03-11,2,train,1
243,2018-03-11,2,train,1
244,2018-03-11,2,train,1
245,2018-03-11,2,train,1
246,2018-03-11,2,train,1
247,2018-03-11,2,train,1
248,2018-03-11,2,train,1
249,2018-03-11,2,train,1
250,2018-03-11,2,train,1
251,2018-03-11,2,train,1
252,2018-03-11,2,train,1
253,2018-03-11,2,train,1
254,2018-03-11,2,train,1
255,2018-03-11,2,train,1
256,2018-03-11,2,train,1
257,2018-03-11,2,train,1
258,2018-03-11,2,train,1
259,2018-03-11,2,train,1
260,2018-03-11,2,train,1
261,2018-03-11,2,train,1
262,2018-03-11,2,train,1
263,2018-03-11,2,train,1
264,2018-03-11,2,train,1
265,2018-03-12,2,train,1
266,2018-03-12,2,train,1
267,2018-03-12,2,train,1
268,2018-03-12,2,train,1
269,2018-03-12,2,train,1
270,2018-03-12,2,train,1
271,2018-03-12,2,train,1
272,2018-03-12,2,train,1
273,2018-03-12,2,train,1
274,2018-03-12,2,train,1
275,2018-03-12,2,train,1
276,2018-03-12,2,train,1
277,2018-03-12,2,train,1
278,2018-03-12,2,train,1
279,2018-03-12,2,train,1
280,2018-03-12,2,train,1
281,2018-03-12,2,train,1
282,2018-03-12,2,train,1
283,2018-03-12,2,train,1
284,2018-03-12,2,train,1
285,2018-03-12,2,train,1
286,2018-03-12,2,train,1
287,2018-03-12,2,train,1
288,2018-03-12,2,train,1
289,2018-03-13,2,train,1
290,2018-03-13,2,train,1
291,2018-03-13,2,train,1
292,2018-03-13,2,train,1
293,2018-03-13,2,train,1
294,2018-03-13,2,train,1
295,2018-03-13,2,train,1
296,2018-03-13,2,train,1
297,2018-03-13,2,train,1
298,2018-03-13,2,train,1
299,2018-03-13,2,train,1
300,2018-03-13,2,train,1
301,2018-03-13,2,train,1
302,2018-03-13,2,train,1
303,2018-03-13,2,train,1
304,2018-03-13,2,train,1
305,2018-03-13,2,train,1
306,2018-03-13,2,train,1
307,2018-03-13,2,train,1
308,2018-03-13,2,train,1
309,2018-03-13,2,train,1
310,2018-03-13,2,train,1
311,2018-03-13,2,train,1
312,2018-03-13,2,train,1
313,2018-03-14,2,train,1
314,2018-03-14,2,train,1
315,2018-03-14,2,train,1
316,2018-03-14,2,train,1
317,2018-03-14,2,train,1
318,2018-03-14,2,train,1
319,2018-03-14,2,train,1
320,2018-03-14,2,train,1
321,2018-03-14,2,train,1
322,2018-03-14,2,train,1
323,2018-03-14,2,train,1
324,2018-03-14,2,train,1
325,2018-03-14,2,train,1
326,2018-03-14,2,train,1
327,2018-03-14,2,train,1
328,2018-03-14,2,train,1
329,2018-03-14,2,train,1
330,2018-03-14,2,train,1
331,2018-03-14,2,train,1
332,2018-03-14,2,train,1
333,2018-03-14,2,train,1
334,2018-03-14,2,train,1
335,2018-03-14,2,train,1
336,2018-03-14,2,train,1
337,2018-03-15,2,train,1
338,2018-03-15,2,train,1
339,2018-03-15,2,train,1
340,2018-03-15,2,train,1
341,2018-03-15,2,train,1
342,2018-03-15,2,train,1
343,2018-03-15,2,train,1
344,2018-03-15,2,train,1
345,2018-03-15,2,train,1
346,2018-03-15,2,train,1
347,2018-03-15,2,train,1
348,2018-03-15,2,train,1
349,2018-03-15,2,train,1
350,2018-03-15,2,train,1
351,2018-03-15,2,train,1
352,2018-03-15,2,train,1
353,2018-03-15,2,train,1
354,2018-03-15,2,train,1
355,2018-03-15,2,train,1
356,2018-03-15,2,train,1
357,2018-03-15,2,train,1
358,2018-03-15,2,train,1
359,2018-03-15,2,train,1
360,2018-03-15,2,train,1
361,2018-03-16,2,train,1
362,2018-03-16,2,train,1
363,2018-03-16,2,train,1
364,2018-03-16,2,train,1
365,2018-03-16,2,train,1
366,2018-03-16,2,train,1
367,2018-03-16,2,train,1
368,2018-03-16,2,train,1
369,2018-03-16,2,train,1
370,2018-03-16,2,train,1
371,2018-03-16,2,train,1
372,2018-03-16,2,train,1
373,2018-03-16,2,train,1
374,2018-03-16,2,train,1
375,2018-03-16,2,train,1
376,2018-03-16,2,train,1
377,2018-03-16,2,train,1
378,2018-03-16,2,train,1
379,2018-03-16,2,train,1
380,2018-03-16,2,train,1
381,2018-03-16,2,train,1
382,2018-03-16,2,train,1
383,2018-03-16,2,train,1
384,2018-03-16,2,train,1
385,2018-03-17,2,train,1
386,2018-03-17,2,train,1
387,2018-03-17,2,train,1
388,2018-03-17,2,train,1
389,2018-03-17,2,train,1
390,2018-03-17,2,train,1
391,2018-03-17,2,train,1
392,2018-03-17,2,train,1
393,2018-03-17,2,train,1
394,2018-03-17,2,train,1
395,2018-03-17,2,train,1
396,2018-03-17,2,train,1
397,2018-03-17,2,train,1
398,2018-03-17,2,train,1
399,2018-03-17,2,train,1
400,2018-03-17,2,train,1
401,2018-03-17,2,train,1
402,2018-03-17,2,train,1
403,2018-03-17,2,train,1
404,2018-03-17,2,train,1
405,2018-03-17,2,train,1
406,2018-03-17,2,train,1
407,2018-03-17,2,train,1
408,2018-03-17,2,train,1
409,2018-03-18,2,train,1
410,2018-03-18,2,train,1
411,2018-03-18,2,train,1
412,2018-03-18,2,train,1
413,2018-03-18,2,train,1
414,2018-03-18,2,train,1
415,2018-03-18,2,train,1
416,2018-03-18,2,train,1
417,2018-03-18,2,train,1
418,2018-03-18,2,train,1
419,2018-03-18,2,train,1
420,2018-03-18,2,train,1
421,2018-03-18,2,train,1
422,2018-03-18,2,train,1
423,2018-03-18,2,train,1
424,2018-03-18,2,train,1
425,2018-03-18,2,train,1
426,2018-03-18,2,train,1
427,2018-03-18,2,train,1
428,2018-03-18,2,train,1
429,2018-03-18,2,train,1
430,2018-03-18,2,train,1
431,2018-03-18,2,train,1
432,2018-03-18,2,train,1
433,2018-03-19,2,train,1
434,2018-03-19,2,train,1
435,2018-03-19,2,train,1
436,2018-03-19,2,train,1
437,2018-03-19,2,train,1
438,2018-03-19,2,train,1
439,2018-03-19,2,train,1
440,2018-03-19,2,train,1
441,2018-03-19,2,train,1
442,2018-03-19,2,train,1
443,2018-03-19,2,train,1
444,2018-03-19,2,train,1
445,2018-03-19,2,train,1
446,2018-03-19,2,train,1
447,2018-03-19,2,train,1
448,2018-03-19,2,train,1
449,2018-03-19,2,train,1
450,2018-03-19,2,train,1
451,2018-03-19,2,train,1
452,2018-03-19,2,train,1
453,2018-03-19,2,train,1
454,2018-03-19,2,train,1
455,2018-03-19,2,train,1
456,2018-03-19,2,train,1
457,2018-03-20,2,train,1
458,2018-03-20,2,train,1
459,2018-03-20,2,train,1
460,2018-03-20,2,train,1
461,2018-03-20,2,train,1
462,2018-03-20,2,train,1
463,2018-03-20,2,train,1
464,2018-03-20,2,train,1
465,2018-03-20,2,train,1
466,2018-03-20,2,train,1
467,2018-03-20,2,train,1
468,2018-03-20,2,train,1
469,2018-03-20,2,train,1
470,2018-03-20,2,train,1
471,2018-03-20,2,train,1
472,2018-03-20,2,train,1
473,2018-03-20,2,train,1
474,2018-03-20,2,train,1
475,2018-03-20,2,train,1
476,2018-03-20,2,train,1
477,2018-03-20,2,train,1
478,2018-03-20,2,train,1
479,2018-03-20,2,train,1
480,2018-03-20,2,train,1
481,2018-03-21,2,train,1
482,2018-03-21,2,train,1
483,2018-03-21,2,train,1
484,2018-03-21,2,train,1
485,2018-03-21,2,train,1
486,2018-03-21,2,train,1
487,2018-03-21,2,train,1
488,2018-03-21,2,train,1
489,2018-03-21,2,train,1
490,2018-03-21,2,train,1
491,2018-03-21,2,train,1
492,2018-03-21,2,train,1
493,2018-03-21,2,train,1
494,2018-03-21,2,train,1
495,2018-03-21,2,train,1
496,2018-03-21,2,train,1
497,2018-03-21,2,train,1
498,2018-03-21,2,train,1
499,2018-03-21,2,train,1
500,2018-03-21,2,train,1
501,2018-03-21,2,train,1
502,2018-03-21,2,train,1
503,2018-03-21,2,train,1
504,2018-03-21,2,train,1
505,2018-03-22,2,train,1
506,2018-03-22,2,train,1
507,2018-03-22,2,train,1
508,2018-03-22,2,train,1
509,2018-03-22,2,train,1
510,2018-03-22,2,train,1
511,2018-03-22,2,train,1
512,2018-03-22,2,train,1
513,2018-03-22,2,train,1
514,2018-03-22,2,train,1
515,2018-03-22,2,train,1
516,2018-03-22,2,train,1
517,2018-03-22,2,train,1
518,2018-03-22,2,train,1
519,2018-03-22,2,train,1
520,2018-03-22,2,train,1
521,2018-03-22,2,train,1
522,2018-03-22,2,train,1
523,2018-03-22,2,train,1
524,2018-03-22,2,train,1
525,2018-03-22,2,train,1
526,2018-03-22,2,train,1
527,2018-03-22,2,train,1
528,2018-03-22,2,train,1
529,2018-03-23,2,train,1
530,2018-03-23,2,train,1
531,2018-03-23,2,train,1
532,2018-03-23,2,train,1
533,2018-03-23,2,train,1
534,2018-03-23,2,train,1
535,2018-03-23,2,train,1
536,2018-03-23,2,train,1
537,2018-03-23,2,train,1
538,2018-03-23,2,train,1
539,2018-03-23,2,train,1
540,2018-03-23,2,train,1
541,2018-03-23,2,train,1
542,2018-03-23,2,train,1
543,2018-03-23,2,train,1
544,2018-03-23,2,train,1
545,2018-03-23,2,train,1
546,2018-03-23,2,train,1
547,2018-03-23,2,train,1
548,2018-03-23,2,train,1
549,2018-03-23,2,train,1
550,2018-03-23,2,train,1
551,2018-03-23,2,train,1
552,2018-03-23,2,train,1
553,2018-03-24,2,train,1
554,2018-03-24,2,train,1
555,2018-03-24,2,train,1
556,2018-03-24,2,train,1
557,2018-03-24,2,train,1
558,2018-03-24,2,train,1
559,2018-03-24,2,train,1
560,2018-03-24,2,train,1
561,2018-03-24,2,train,1
562,2018-03-24,2,train,1
563,2018-03-24,2,train,1
564,2018-03-24,2,train,1
565,2018-03-24,2,train,1
566,2018-03-24,2,train,1
567,2018-03-24,2,train,1
568,2018-03-24,2,train,1
569,2018-03-24,2,train,1
570,2018-03-24,2,train,1
571,2018-03-24,2,train,1
572,2018-03-24,2,train,1
573,2018-03-24,2,train,1
574,2018-03-24,2,train,1
575,2018-03-24,2,train,1
576,2018-03-24,2,train,1
577,2018-03-25,2,train,1
578,2018-03-25,2,train,1
579,2018-03-25,2,train,1
580,2018-03-25,2,train,1
581,2018-03-25,2,train,1
582,2018-03-25,2,train,1
583,2018-03-25,2,train,1
584,2018-03-25,2,train,1
585,2018-03-25,2,train,1
586,2018-03-25,2,train,1
587,2018-03-25,2,train,1
588,2018-03-25,2,train,1
589,2018-03-25,2,train,1
590,2018-03-25,2,train,1
591,2018-03-25,2,train,1
592,2018-03-25,2,train,1
593,2018-03-25,2,train,1
594,2018-03-25,2,train,1
595,2018-03-25,2,train,1
596,2018-03-25,2,train,1
597,2018-03-25,2,train,1
598,2018-03-25,2,train,1
599,2018-03-25,2,train,1
600,2018-03-25,2,train,1
601,2018-03-26,2,train,1
602,2018-03-26,2,train,1
603,2018-03-26,2,train,1
604,2018-03-26,2,train,1
605,2018-03-26,2,train,1
606,2018-03-26,2,train,1
607,2018-03-26,2,train,1
608,2018-03-26,2,train,1
609,2018-03-26,2,train,1
610,2018-03-26,2,train,1
611,2018-03-26,2,train,1
612,2018-03-26,2,train,1
613,2018-03-26,2,train,1
614,2018-03-26,2,train,1
615,2018-03-26,2,train,1
616,2018-03-26,2,train,1
617,2018-03-26,2,train,1
618,2018-03-26,2,train,1
619,2018-03-26,2,train,1
620,2018-03-26,2,train,1
621,2018-03-26,2,train,1
622,2018-03-26,2,train,1
623,2018-03-26,2,train,1
624,2018-03-26,2,train,1
625,2018-03-27,2,train,1
626,2018-03-27,2,train,1
627,2018-03-27,2,train,1
628,2018-03-27,2,train,1
629,2018-03-27,2,train,1
630,2018-03-27,2,train,1
631,2018-03-27,2,train,1
632,2018-03-27,2,train,1
633,2018-03-27,2,train,1
634,2018-03-27,2,train,1
635,2018-03-27,2,train,1
636,2018-03-27,2,train,1
637,2018-03-27,2,train,1
638,2018-03-27,2,train,1
639,2018-03-27,2,train,1
640,2018-03-27,2,train,1
641,2018-03-27,2,train,1
642,2018-03-27,2,train,1
643,2018-03-27,2,train,1
644,2018-03-27,2,train,1
645,2018-03-27,2,train,1
646,2018-03-27,2,train,1
647,2018-03-27,2,train,1
648,2018-03-27,2,train,1
649,2018-03-28,2,train,1
650,2018-03-28,2,train,1
651,2018-03-28,2,train,1
652,2018-03-28,2,train,1
653,2018-03-28,2,train,1
654,2018-03-28,2,train,1
655,2018-03-28,2,train,1
656,2018-03-28,2,train,1
657,2018-03-28,2,train,1
658,2018-03-28,2,train,1
659,2018-03-28,2,train,1
660,2018-03-28,2,train,1
661,2018-03-28,2,train,1
662,2018-03-28,2,train,1
663,2018-03-28,2,train,1
664,2018-03-28,2,train,1
665,2018-03-28,2,train,1
666,2018-03-28,2,train,1
667,2018-03-28,2,train,1
668,2018-03-28,2,train,1
669,2018-03-28,2,train,1
670,2018-03-28,2,train,1
671,2018-03-28,2,train,1
672,2018-03-28,2,train,1
673,2018-03-29,2,train,1
674,2018-03-29,2,train,1
675,2018-03-29,2,train,1
676,2018-03-29,2,train,1
677,2018-03-29,2,train,1
678,2018-03-29,2,train,1
679,2018-03-29,2,train,1
680,2018-03-29,2,train,1
681,2018-03-29,2,train,1
682,2018-03-29,2,train,1
683,2018-03-29,2,train,1
684,2018-03-29,2,train,1
685,2018-03-29,2,train,1
686,2018-03-29,2,train,1
687,2018-03-29,2,train,1
688,2018-03-29,2,train,1
689,2018-03-29,2,train,1
690,2018-03-29,2,train,1
691,2018-03-29,2,train,1
692,2018-03-29,2,train,1
693,2018-03-29,2,train,1
694,2018-03-29,2,train,1
695,2018-03-29,2,train,1
696,2018-03-29,2,train,1
697,2018-03-30,2,train,1
698,2018-03-30,2,train,1
699,2018-03-30,2,train,1
700,2018-03-30,2,train,1
701,2018-03-30,2,train,1
702,2018-03-30,2,train,1
703,2018-03-30,2,train,1
704,2018-03-30,2,train,1
705,2018-03-30,2,train,1
706,2018-03-30,2,train,1
707,2018-03-30,2,train,1
708,2018-03-30,2,train,1
709,2018-03-30,2,train,1
710,2018-03-30,2,train,1
711,2018-03-30,2,train,1
712,2018-03-30,2,train,1
713,2018-03-30,2,train,1
714,2018-03-30,2,train,1
715,2018-03-30,2,train,1
716,2018-03-30,2,train,1
717,2018-03-30,2,train,1
718,2018-03-30,2,train,1
719,2018-03-30,2,train,1
720,2018-03-30,2,train,1
721,2018-03-31,2,train,1
722,2018-03-31,2,train,1
723,2018-03-31,2,train,1
724,2018-03-31,2,train,1
725,2018-03-31,2,train,1
726,2018-03-31,2,train,1
727,2018-03-31,2,train,1
728,2018-03-31,2,train,1
729,2018-03-31,2,train,1
730,2018-03-31,2,train,1
731,2018-03-31,2,train,1
732,2018-03-31,2,train,1
733,2018-03-31,2,train,1
734,2018-03-31,2,train,1
735,2018-03-31,2,train,1
736,2018-03-31,2,train,1
737,2018-03-31,2,train,1
738,2018-03-31,2,train,1
739,2018-03-31,2,train,1
740,2018-03-31,2,train,1
741,2018-03-31,2,train,1
742,2018-03-31,2,train,1
743,2018-03-31,2,train,1
744,2018-03-31,2,train,1
745,2018-04-01,2,train,1
746,2018-04-01,2,train,1
747,2018-04-01,2,train,1
748,2018-04-01,2,train,1
749,2018-04-01,2,train,1
750,2018-04-01,2,train,1
751,2018-04-01,2,train,1
752,2018-04-01,2,train,1
753,2018-04-01,2,train,1
754,2018-04-01,2,train,1
755,2018-04-01,2,train,1
756,2018-04-01,2,train,1
757,2018-04-01,2,train,1
758,2018-04-01,2,train,1
759,2018-04-01,2,train,1
760,2018-04-01,2,train,1
761,2018-04-01,2,train,1
762,2018-04-01,2,train,1
763,2018-04-01,2,train,1
764,2018-04-01,2,train,1
765,2018-04-01,2,train,1
766,2018-04-01,2,train,1
767,2018-04-01,2,train,1
768,2018-04-01,2,train,1
769,2018-04-02,2,train,1
770,2018-04-02,2,train,1
771,2018-04-02,2,train,1
772,2018-04-02,2,train,1
773,2018-04-02,2,train,1
774,2018-04-02,2,train,1
775,2018-04-02,2,train,1
776,2018-04-02,2,train,1
777,2018-04-02,2,train,1
778,2018-04-02,2,train,1
779,2018-04-02,2,train,1
780,2018-04-02,2,train,1
781,2018-04-02,2,train,1
782,2018-04-02,2,train,1
783,2018-04-02,2,train,1
784,2018-04-02,2,train,1
785,2018-04-02,2,train,1
786,2018-04-02,2,train,1
787,2018-04-02,2,train,1
788,2018-04-02,2,train,1
789,2018-04-02,2,train,1
790,2018-04-02,2,train,1
791,2018-04-02,2,train,1
792,2018-04-02,2,train,1
793,2018-04-03,2,train,1
794,2018-04-03,2,train,1
795,2018-04-03,2,train,1
796,2018-04-03,2,train,1
797,2018-04-03,2,train,1
798,2018-04-03,2,train,1
799,2018-04-03,2,train,1
800,2018-04-03,2,train,1
801,2018-04-03,2,train,1
802,2018-04-03,2,train,1
803,2018-04-03,2,train,1
804,2018-04-03,2,train,1
805,2018-04-03,2,train,1
806,2018-04-03,2,train,1
807,2018-04-03,2,train,1
808,2018-04-03,2,train,1
809,2018-04-03,2,train,1
810,2018-04-03,2,train,1
811,2018-04-03,2,train,1
812,2018-04-03,2,train,1
813,2018-04-03,2,train,1
814,2018-04-03,2,train,1
815,2018-04-03,2,train,1
816,2018-04-03,2,train,1
817,2018-04-04,2,train,1
818,2018-04-04,2,train,1
819,2018-04-04,2,train,1
820,2018-04-04,2,train,1
821,2018-04-04,2,train,1
822,2018-04-04,2,train,1
823,2018-04-04,2,train,1
824,2018-04-04,2,train,1
825,2018-04-04,2,train,1
826,2018-04-04,2,train,1
827,2018-04-04,2,train,1
828,2018-04-04,2,train,1
829,2018-04-04,2,train,1
830,2018-04-04,2,train,1
831,2018-04-04,2,train,1
832,2018-04-04,2,train,1
833,2018-04-04,2,train,1
834,2018-04-04,2,train,1
835,2018-04-04,2,train,1
836,2018-04-04,2,train,1
837,2018-04-04,2,train,1
838,2018-04-04,2,train,1
839,2018-04-04,2,train,1
840,2018-04-04,2,train,1
841,2018-04-05,2,train,1
842,2018-04-05,2,train,1
843,2018-04-05,2,train,1
844,2018-04-05,2,train,1
845,2018-04-05,2,train,1
846,2018-04-05,2,train,1
847,2018-04-05,2,train,1
848,2018-04-05,2,train,1
849,2018-04-05,2,train,1
850,2018-04-05,2,train,1
851,2018-04-05,2,train,1
852,2018-04-05,2,train,1
853,2018-04-05,2,train,1
854,2018-04-05,2,train,1
855,2018-04-05,2,train,1
856,2018-04-05,2,train,1
857,2018-04-05,2,train,1
858,2018-04-05,2,train,1
859,2018-04-05,2,train,1
860,2018-04-05,2,train,1
861,2018-04-05,2,train,1
862,2018-04-05,2,train,1
863,2018-04-05,2,train,1
864,2018-04-05,2,train,1
865,2018-04-06,2,train,1
866,2018-04-06,2,train,1
867,2018-04-06,2,train,1
868,2018-04-06,2,train,1
869,2018-04-06,2,train,1
870,2018-04-06,2,train,1
871,2018-04-06,2,train,1
872,2018-04-06,2,train,1
873,2018-04-06,2,train,1
874,2018-04-06,2,train,1
875,2018-04-06,2,train,1
876,2018-04-06,2,train,1
877,2018-04-06,2,train,1
878,2018-04-06,2,train,1
879,2018-04-06,2,train,1
880,2018-04-06,2,train,1
881,2018-04-06,2,train,1
882,2018-04-06,2,train,1
883,2018-04-06,2,train,1
884,2018-04-06,2,train,1
885,2018-04-06,2,train,1
886,2018-04-06,2,train,1
887,2018-04-06,2,train,1
888,2018-04-06,2,train,1
889,2018-04-07,2,train,1
890,2018-04-07,2,train,1
891,2018-04-07,2,train,1
892,2018-04-07,2,train,1
893,2018-04-07,2,train,1
894,2018-04-07,2,train,1
895,2018-04-07,2,train,1
896,2018-04-07,2,train,1
897,2018-04-07,2,train,1
898,2018-04-07,2,train,1
899,2018-04-07,2,train,1
900,2018-04-07,2,train,1
901,2018-04-07,2,train,1
902,2018-04-07,2,train,1
903,2018-04-07,2,train,1
904,2018-04-07,2,train,1
905,2018-04-07,2,train,1
906,2018-04-07,2,train,1
907,2018-04-07,2,train,1
908,2018-04-07,2,train,1
909,2018-04-07,2,train,1
910,2018-04-07,2,train,1
911,2018-04-07,2,train,1
912,2018-04-07,2,train,1
913,2018-04-08,2,train,1
914,2018-04-08,2,train,1
915,2018-04-08,2,train,1
916,2018-04-08,2,train,1
917,2018-04-08,2,train,1
918,2018-04-08,2,train,1
919,2018-04-08,2,train,1
920,2018-04-08,2,train,1
921,2018-04-08,2,train,1
922,2018-04-08,2,train,1
923,2018-04-08,2,train,1
924,2018-04-08,2,train,1
925,2018-04-08,2,train,1
926,2018-04-08,2,train,1
927,2018-04-08,2,train,1
928,2018-04-08,2,train,1
929,2018-04-08,2,train,1
930,2018-04-08,2,train,1
931,2018-04-08,2,train,1
932,2018-04-08,2,train,1
933,2018-04-08,2,train,1
934,2018-04-08,2,train,1
935,2018-04-08,2,train,1
936,2018-04-08,2,train,1
937,2018-04-09,2,train,1
938,2018-04-09,2,train,1
939,2018-04-09,2,train,1
940,2018-04-09,2,train,1
941,2018-04-09,2,train,1
942,2018-04-09,2,train,1
943,2018-04-09,2,train,1
944,2018-04-09,2,train,1
945,2018-04-09,2,train,1
946,2018-04-09,2,train,1
947,2018-04-09,2,train,1
948,2018-04-09,2,train,1
949,2018-04-09,2,train,1
950,2018-04-09,2,train,1
951,2018-04-09,2,train,1
952,2018-04-09,2,train,1
953,2018-04-09,2,train,1
954,2018-04-09,2,train,1
955,2018-04-09,2,train,1
956,2018-04-09,2,train,1
957,2018-04-09,2,train,1
958,2018-04-09,2,train,1
959,2018-04-09,2,train,1
960,2018-04-09,2,train,1
961,2018-04-10,2,train,1
962,2018-04-10,2,train,1
963,2018-04-10,2,train,1
964,2018-04-10,2,train,1
965,2018-04-10,2,train,1
966,2018-04-10,2,train,1
967,2018-04-10,2,train,1
968,2018-04-10,2,train,1
969,2018-04-10,2,train,1
970,2018-04-10,2,train,1
971,2018-04-10,2,train,1
972,2018-04-10,2,train,1
973,2018-04-10,2,train,1
974,2018-04-10,2,train,1
975,2018-04-10,2,train,1
976,2018-04-10,2,train,1
977,2018-04-10,2,train,1
978,2018-04-10,2,train,1
979,2018-04-10,2,train,1
980,2018-04-10,2,train,1
981,2018-04-10,2,train,1
982,2018-04-10,2,train,1
983,2018-04-10,2,train,1
984,2018-04-10,2,train,1
985,2018-04-11,2,train,0
986,2018-04-11,2,train,0
987,2018-04-11,2,train,0
988,2018-04-11,2,train,0
989,2018-04-11,2,train,0
990,2018-04-11,2,train,0
991,2018-04-11,2,train,0
992,2018-04-11,2,train,0
993,2018-04-11,2,train,0
994,2018-04-11,2,train,0
995,2018-04-11,2,train,0
996,2018-04-11,2,train,0
997,2018-04-11,2,train,0
998,2018-04-11,2,train,0
999,2018-04-11,2,train,0
1000,2018-04-11,2,train,0
1001,2018-04-11,2,train,0
1002,2018-04-11,2,train,0
1003,2018-04-11,2,train,0
1004,2018-04-11,2,train,0
1005,2018-04-11,2,train,0
1006,2018-04-11,2,train,0
1007,2018-04-11,2,train,0
1008,2018-04-11,2,train,0
1009,2018-04-12,2,train,1
1010,2018-04-12,2,train,1
1011,2018-04-12,2,train,1
1012,2018-04-12,2,train,1
1013,2018-04-12,2,train,1
1014,2018-04-12,2,train,1
1015,2018-04-12,2,train,1
1016,2018-04-12,2,train,1
1017,2018-04-12,2,train,1
1018,2018-04-12,2,train,1
1019,2018-04-12,2,train,1
1020,2018-04-12,2,train,1
1021,2018-04-12,2,train,1
1022,2018-04-12,2,train,1
1023,2018-04-12,2,train,1
1024,2018-04-12,2,train,1
1025,2018-04-12,2,train,1
1026,2018-04-12,2,train,1
1027,2018-04-12,2,train,1
1028,2018-04-12,2,train,1
1029,2018-04-12,2,train,1
1030,2018-04-12,2,train,1
1031,2018-04-12,2,train,1
1032,2018-04-12,2,train,1
1033,2018-04-13,2,train,1
1034,2018-04-13,2,train,1
1035,2018-04-13,2,train,1
1036,2018-04-13,2,train,1
1037,2018-04-13,2,train,1
1038,2018-04-13,2,train,1
1039,2018-04-13,2,train,1
1040,2018-04-13,2,train,1
1041,2018-04-13,2,train,1
1042,2018-04-13,2,train,1
1043,2018-04-13,2,train,1
1044,2018-04-13,2,train,1
1045,2018-04-13,2,train,1
1046,2018-04-13,2,train,1
1047,2018-04-13,2,train,1
1048,2018-04-13,2,train,1
1049,2018-04-13,2,train,1
1050,2018-04-13,2,train,1
1051,2018-04-13,2,train,1
1052,2018-04-13,2,train,1
1053,2018-04-13,2,train,1
1054,2018-04-13,2,train,1
1055,2018-04-13,2,train,1
1056,2018-04-13,2,train,1
1057,2018-04-14,2,train,1
1058,2018-04-14,2,train,1
1059,2018-04-14,2,train,1
1060,2018-04-14,2,train,1
1061,2018-04-14,2,train,1
1062,2018-04-14,2,train,1
1063,2018-04-14,2,train,1
1064,2018-04-14,2,train,1
1065,2018-04-14,2,train,1
1066,2018-04-14,2,train,1
1067,2018-04-14,2,train,1
1068,2018-04-14,2,train,1
1069,2018-04-14,2,train,1
1070,2018-04-14,2,train,1
1071,2018-04-14,2,train,1
1072,2018-04-14,2,train,1
1073,2018-04-14,2,train,1
1074,2018-04-14,2,train,1
1075,2018-04-14,2,train,1
1076,2018-04-14,2,train,1
1077,2018-04-14,2,train,1
1078,2018-04-14,2,train,1
1079,2018-04-14,2,train,1
1080,2018-04-14,2,train,1
1081,2018-04-15,2,train,1
1082,2018-04-15,2,train,1
1083,2018-04-15,2,train,1
1084,2018-04-15,2,train,1
1085,2018-04-15,2,train,1
1086,2018-04-15,2,train,1
1087,2018-04-15,2,train,1
1088,2018-04-15,2,train,1
1089,2018-04-15,2,train,1
1090,2018-04-15,2,train,1
1091,2018-04-15,2,train,1
1092,2018-04-15,2,train,1
1093,2018-04-15,2,train,1
1094,2018-04-15,2,train,1
1095,2018-04-15,2,train,1
1096,2018-04-15,2,train,1
1097,2018-04-15,2,train,1
1098,2018-04-15,2,train,1
1099,2018-04-15,2,train,1
1100,2018-04-15,2,train,1
1101,2018-04-15,2,train,1
1102,2018-04-15,2,train,1
1103,2018-04-15,2,train,1
1104,2018-04-15,2,train,1
1105,2018-04-16,2,train,1
1106,2018-04-16,2,train,1
1107,2018-04-16,2,train,1
1108,2018-04-16,2,train,1
1109,2018-04-16,2,train,1
1110,2018-04-16,2,train,1
1111,2018-04-16,2,train,1
1112,2018-04-16,2,train,1
1113,2018-04-16,2,train,1
1114,2018-04-16,2,train,1
1115,2018-04-16,2,train,1
1116,2018-04-16,2,train,1
1117,2018-04-16,2,train,1
1118,2018-04-16,2,train,1
1119,2018-04-16,2,train,1
1120,2018-04-16,2,train,1
1121,2018-04-16,2,train,1
1122,2018-04-16,2,train,1
1123,2018-04-16,2,train,1
1124,2018-04-16,2,train,1
1125,2018-04-16,2,train,1
1126,2018-04-16,2,train,1
1127,2018-04-16,2,train,1
1128,2018-04-16,2,train,1
1129,2018-04-17,2,train,1
1130,2018-04-17,2,train,1
1131,2018-04-17,2,train,1
1132,2018-04-17,2,train,1
1133,2018-04-17,2,train,1
1134,2018-04-17,2,train,1
1135,2018-04-17,2,train,1
1136,2018-04-17,2,train,1
1137,2018-04-17,2,train,1
1138,2018-04-17,2,train,1
1139,2018-04-17,2,train,1
1140,2018-04-17,2,train,1
1141,2018-04-17,2,train,1
1142,2018-04-17,2,train,1
1143,2018-04-17,2,train,1
1144,2018-04-17,2,train,1
1145,2018-04-17,2,train,1
1146,2018-04-17,2,train,1
1147,2018-04-17,2,train,1
1148,2018-04-17,2,train,1
1149,2018-04-17,2,train,1
1150,2018-04-17,2,train,1
1151,2018-04-17,2,train,1
1152,2018-04-17,2,train,1
1153,2018-04-18,2,train,1
1154,2018-04-18,2,train,1
1155,2018-04-18,2,train,1
1156,2018-04-18,2,train,1
1157,2018-04-18,2,train,1
1158,2018-04-18,2,train,1
1159,2018-04-18,2,train,1
1160,2018-04-18,2,train,1
1161,2018-04-18,2,train,1
1162,2018-04-18,2,train,1
1163,2018-04-18,2,train,1
1164,2018-04-18,2,train,1
1165,2018-04-18,2,train,1
1166,2018-04-18,2,train,1
1167,2018-04-18,2,train,1
1168,2018-04-18,2,train,1
1169,2018-04-18,2,train,1
1170,2018-04-18,2,train,1
1171,2018-04-18,2,train,1
1172,2018-04-18,2,train,1
1173,2018-04-18,2,train,1
1174,2018-04-18,2,train,1
1175,2018-04-18,2,train,1
1176,2018-04-18,2,train,1
1177,2018-04-19,2,train,1
1178,2018-04-19,2,train,1
1179,2018-04-19,2,train,1
1180,2018-04-19,2,train,1
1181,2018-04-19,2,train,1
1182,2018-04-19,2,train,1
1183,2018-04-19,2,train,1
1184,2018-04-19,2,train,1
1185,2018-04-19,2,train,1
1186,2018-04-19,2,train,1
1187,2018-04-19,2,train,1
1188,2018-04-19,2,train,1
1189,2018-04-19,2,train,1
1190,2018-04-19,2,train,1
1191,2018-04-19,2,train,1
1192,2018-04-19,2,train,1
1193,2018-04-19,2,train,1
1194,2018-04-19,2,train,1
1195,2018-04-19,2,train,1
1196,2018-04-19,2,train,1
1197,2018-04-19,2,train,1
1198,2018-04-19,2,train,1
1199,2018-04-19,2,train,1
1200,2018-04-19,2,train,1
1201,2018-04-20,2,train,1
1202,2018-04-20,2,train,1
1203,2018-04-20,2,train,1
1204,2018-04-20,2,train,1
1205,2018-04-20,2,train,1
1206,2018-04-20,2,train,1
1207,2018-04-20,2,train,1
1208,2018-04-20,2,train,1
1209,2018-04-20,2,train,1
1210,2018-04-20,2,train,1
1211,2018-04-20,2,train,1
1212,2018-04-20,2,train,1
1213,2018-04-20,2,train,1
1214,2018-04-20,2,train,1
1215,2018-04-20,2,train,1
1216,2018-04-20,2,train,1
1217,2018-04-20,2,train,1
1218,2018-04-20,2,train,1
1219,2018-04-20,2,train,1
1220,2018-04-20,2,train,1
1221,2018-04-20,2,train,1
1222,2018-04-20,2,train,1
1223,2018-04-20,2,train,1
1224,2018-04-20,2,train,1
1225,2018-04-21,2,train,1
1226,2018-04-21,2,train,1
1227,2018-04-21,2,train,1
1228,2018-04-21,2,train,1
1229,2018-04-21,2,train,1
1230,2018-04-21,2,train,1
1231,2018-04-21,2,train,1
1232,2018-04-21,2,train,1
1233,2018-04-21,2,train,1
1234,2018-04-21,2,train,1
1235,2018-04-21,2,train,1
1236,2018-04-21,2,train,1
1237,2018-04-21,2,train,1
1238,2018-04-21,2,train,1
1239,2018-04-21,2,train,1
1240,2018-04-21,2,train,1
1241,2018-04-21,2,train,1
1242,2018-04-21,2,train,1
1243,2018-04-21,2,train,1
1244,2018-04-21,2,train,1
1245,2018-04-21,2,train,1
1246,2018-04-21,2,train,1
1247,2018-04-21,2,train,1
1248,2018-04-21,2,train,1
1249,2018-04-22,2,train,1
1250,2018-04-22,2,train,1
1251,2018-04-22,2,train,1
1252,2018-04-22,2,train,1
1253,2018-04-22,2,train,1
1254,2018-04-22,2,train,1
1255,2018-04-22,2,train,1
1256,2018-04-22,2,train,1
1257,2018-04-22,2,train,1
1258,2018-04-22,2,train,1
1259,2018-04-22,2,train,1
1260,2018-04-22,2,train,1
1261,2018-04-22,2,train,1
1262,2018-04-22,2,train,1
1263,2018-04-22,2,train,1
1264,2018-04-22,2,train,1
1265,2018-04-22,2,train,1
1266,2018-04-22,2,train,1
1267,2018-04-22,2,train,1
1268,2018-04-22,2,train,1
1269,2018-04-22,2,train,1
1270,2018-04-22,2,train,1
1271,2018-04-22,2,train,1
1272,2018-04-22,2,train,1
1273,2018-04-23,2,train,1
1274,2018-04-23,2,train,1
1275,2018-04-23,2,train,1
1276,2018-04-23,2,train,1
1277,2018-04-23,2,train,1
1278,2018-04-23,2,train,1
1279,2018-04-23,2,train,1
1280,2018-04-23,2,train,1
1281,2018-04-23,2,train,1
1282,2018-04-23,2,train,1
1283,2018-04-23,2,train,1
1284,2018-04-23,2,train,1
1285,2018-04-23,2,train,1
1286,2018-04-23,2,train,1
1287,2018-04-23,2,train,1
1288,2018-04-23,2,train,1
1289,2018-04-23,2,train,1
1290,2018-04-23,2,train,1
1291,2018-04-23,2,train,1
1292,2018-04-23,2,train,1
1293,2018-04-23,2,train,1
1294,2018-04-23,2,train,1
1295,2018-04-23,2,train,1
1296,2018-04-23,2,train,1
1297,2018-04-24,2,train,1
1298,2018-04-24,2,train,1
1299,2018-04-24,2,train,1
1300,2018-04-24,2,train,1
1301,2018-04-24,2,train,1
1302,2018-04-24,2,train,1
1303,2018-04-24,2,train,1
1304,2018-04-24,2,train,1
1305,2018-04-24,2,train,1
1306,2018-04-24,2,train,1
1307,2018-04-24,2,train,1
1308,2018-04-24,2,train,1
1309,2018-04-24,2,train,1
1310,2018-04-24,2,train,1
1311,2018-04-24,2,train,1
1312,2018-04-24,2,train,1
1313,2018-04-24,2,train,1
1314,2018-04-24,2,train,1
1315,2018-04-24,2,train,1
1316,2018-04-24,2,train,1
1317,2018-04-24,2,train,1
1318,2018-04-24,2,train,1
1319,2018-04-24,2,train,1
1320,2018-04-24,2,train,1
1321,2018-04-25,2,train,1
1322,2018-04-25,2,train,1
1323,2018-04-25,2,train,1
1324,2018-04-25,2,train,1
1325,2018-04-25,2,train,1
1326,2018-04-25,2,train,1
1327,2018-04-25,2,train,1
1328,2018-04-25,2,train,1
1329,2018-04-25,2,train,1
1330,2018-04-25,2,train,1
1331,2018-04-25,2,train,1
1332,2018-04-25,2,train,1
1333,2018-04-25,2,train,1
1334,2018-04-25,2,train,1
1335,2018-04-25,2,train,1
1336,2018-04-25,2,train,1
1337,2018-04-25,2,train,1
1338,2018-04-25,2,train,1
1339,2018-04-25,2,train,1
1340,2018-04-25,2,train,1
1341,2018-04-25,2,train,1
1342,2018-04-25,2,train,1
1343,2018-04-25,2,train,1
1344,2018-04-25,2,train,1
1345,2018-04-26,2,train,1
1346,2018-04-26,2,train,1
1347,2018-04-26,2,train,1
1348,2018-04-26,2,train,1
1349,2018-04-26,2,train,1
1350,2018-04-26,2,train,1
1351,2018-04-26,2,train,1
1352,2018-04-26,2,train,1
1353,2018-04-26,2,train,1
1354,2018-04-26,2,train,1
1355,2018-04-26,2,train,1
1356,2018-04-26,2,train,1
1357,2018-04-26,2,train,1
1358,2018-04-26,2,train,1
1359,2018-04-26,2,train,1
1360,2018-04-26,2,train,1
1361,2018-04-26,2,train,1
1362,2018-04-26,2,train,1
1363,2018-04-26,2,train,1
1364,2018-04-26,2,train,1
1365,2018-04-26,2,train,1
1366,2018-04-26,2,train,1
1367,2018-04-26,2,train,1
1368,2018-04-26,2,train,1
1369,2018-04-27,2,train,1
1370,2018-04-27,2,train,1
1371,2018-04-27,2,train,1
1372,2018-04-27,2,train,1
1373,2018-04-27,2,train,1
1374,2018-04-27,2,train,1
1375,2018-04-27,2,train,1
1376,2018-04-27,2,train,1
1377,2018-04-27,2,train,1
1378,2018-04-27,2,train,1
1379,2018-04-27,2,train,1
1380,2018-04-27,2,train,1
1381,2018-04-27,2,train,1
1382,2018-04-27,2,train,1
1383,2018-04-27,2,train,1
1384,2018-04-27,2,train,1
1385,2018-04-27,2,train,1
1386,2018-04-27,2,train,1
1387,2018-04-27,2,train,1
1388,2018-04-27,2,train,1
1389,2018-04-27,2,train,1
1390,2018-04-27,2,train,1
1391,2018-04-27,2,train,1
1392,2018-04-27,2,train,1
1393,2018-04-28,2,train,1
1394,2018-04-28,2,train,1
1395,2018-04-28,2,train,1
1396,2018-04-28,2,train,1
1397,2018-04-28,2,train,1
1398,2018-04-28,2,train,1
1399,2018-04-28,2,train,1
1400,2018-04-28,2,train,1
1401,2018-04-28,2,train,1
1402,2018-04-28,2,train,1
1403,2018-04-28,2,train,1
1404,2018-04-28,2,train,1
1405,2018-04-28,2,train,1
1406,2018-04-28,2,train,1
1407,2018-04-28,2,train,1
1408,2018-04-28,2,train,1
1409,2018-04-28,2,train,1
1410,2018-04-28,2,train,1
1411,2018-04-28,2,train,1
1412,2018-04-28,2,train,1
1413,2018-04-28,2,train,1
1414,2018-04-28,2,train,1
1415,2018-04-28,2,train,1
1416,2018-04-28,2,train,1
1417,2018-04-29,2,train,1
1418,2018-04-29,2,train,1
1419,2018-04-29,2,train,1
1420,2018-04-29,2,train,1
1421,2018-04-29,2,train,1
1422,2018-04-29,2,train,1
1423,2018-04-29,2,train,1
1424,2018-04-29,2,train,1
1425,2018-04-29,2,train,1
1426,2018-04-29,2,train,1
1427,2018-04-29,2,train,1
1428,2018-04-29,2,train,1
1429,2018-04-29,2,train,1
1430,2018-04-29,2,train,1
1431,2018-04-29,2,train,1
1432,2018-04-29,2,train,1
1433,2018-04-29,2,train,1
1434,2018-04-29,2,train,1
1435,2018-04-29,2,train,1
1436,2018-04-29,2,train,1
1437,2018-04-29,2,train,1
1438,2018-04-29,2,train,1
1439,2018-04-29,2,train,1
1440,2018-04-29,2,train,1
1441,2018-04-30,2,train,1
1442,2018-04-30,2,train,1
1443,2018-04-30,2,train,1
1444,2018-04-30,2,train,1
1445,2018-04-30,2,train,1
1446,2018-04-30,2,train,1
1447,2018-04-30,2,train,1
1448,2018-04-30,2,train,1
1449,2018-04-30,2,train,1
1450,2018-04-30,2,train,1
1451,2018-04-30,2,train,1
1452,2018-04-30,2,train,1
1453,2018-04-30,2,train,1
1454,2018-04-30,2,train,1
1455,2018-04-30,2,train,1
1456,2018-04-30,2,train,1
1457,2018-04-30,2,train,1
1458,2018-04-30,2,train,1
1459,2018-04-30,2,train,1
1460,2018-04-30,2,train,1
1461,2018-04-30,2,train,1
1462,2018-04-30,2,train,1
1463,2018-04-30,2,train,1
1464,2018-04-30,2,train,1
1465,2018-05-01,2,train,1
1466,2018-05-01,2,train,1
1467,2018-05-01,2,train,1
1468,2018-05-01,2,train,1
1469,2018-05-01,2,train,1
1470,2018-05-01,2,train,1
1471,2018-05-01,2,train,1
1472,2018-05-01,2,train,1
1473,2018-05-01,2,train,1
1474,2018-05-01,2,train,1
1475,2018-05-01,2,train,1
1476,2018-05-01,2,train,1
1477,2018-05-01,2,train,1
1478,2018-05-01,2,train,1
1479,2018-05-01,2,train,1
1480,2018-05-01,2,train,1
1481,2018-05-01,2,train,1
1482,2018-05-01,2,train,1
1483,2018-05-01,2,train,1
1484,2018-05-01,2,train,1
1485,2018-05-01,2,train,1
1486,2018-05-01,2,train,1
1487,2018-05-01,2,train,1
1488,2018-05-01,2,train,1
1489,2018-05-02,2,train,1
1490,2018-05-02,2,train,1
1491,2018-05-02,2,train,1
1492,2018-05-02,2,train,1
1493,2018-05-02,2,train,1
1494,2018-05-02,2,train,1
1495,2018-05-02,2,train,1
1496,2018-05-02,2,train,1
1497,2018-05-02,2,train,1
1498,2018-05-02,2,train,1
1499,2018-05-02,2,train,1
1500,2018-05-02,2,train,1
1501,2018-05-02,2,train,1
1502,2018-05-02,2,train,1
1503,2018-05-02,2,train,1
1504,2018-05-02,2,train,1
1505,2018-05-02,2,train,1
1506,2018-05-02,2,train,1
1507,2018-05-02,2,train,1
1508,2018-05-02,2,train,1
1509,2018-05-02,2,train,1
1510,2018-05-02,2,train,1
1511,2018-05-02,2,train,1
1512,2018-05-02,2,train,1
1513,2018-05-03,2,train,1
1514,2018-05-03,2,train,1
1515,2018-05-03,2,train,1
1516,2018-05-03,2,train,1
1517,2018-05-03,2,train,1
1518,2018-05-03,2,train,1
1519,2018-05-03,2,train,1
1520,2018-05-03,2,train,1
1521,2018-05-03,2,train,1
1522,2018-05-03,2,train,1
1523,2018-05-03,2,train,1
1524,2018-05-03,2,train,1
1525,2018-05-03,2,train,1
1526,2018-05-03,2,train,1
1527,2018-05-03,2,train,1
1528,2018-05-03,2,train,1
1529,2018-05-03,2,train,1
1530,2018-05-03,2,train,1
1531,2018-05-03,2,train,1
1532,2018-05-03,2,train,1
1533,2018-05-03,2,train,1
1534,2018-05-03,2,train,1
1535,2018-05-03,2,train,1
1536,2018-05-03,2,train,1
1537,2018-05-04,2,train,1
1538,2018-05-04,2,train,1
1539,2018-05-04,2,train,1
1540,2018-05-04,2,train,1
1541,2018-05-04,2,train,1
1542,2018-05-04,2,train,1
1543,2018-05-04,2,train,1
1544,2018-05-04,2,train,1
1545,2018-05-04,2,train,1
1546,2018-05-04,2,train,1
1547,2018-05-04,2,train,1
1548,2018-05-04,2,train,1
1549,2018-05-04,2,train,1
1550,2018-05-04,2,train,1
1551,2018-05-04,2,train,1
1552,2018-05-04,2,train,1
1553,2018-05-04,2,train,1
1554,2018-05-04,2,train,1
1555,2018-05-04,2,train,1
1556,2018-05-04,2,train,1
1557,2018-05-04,2,train,1
1558,2018-05-04,2,train,1
1559,2018-05-04,2,train,1
1560,2018-05-04,2,train,1
1561,2018-05-05,2,train,1
1562,2018-05-05,2,train,1
1563,2018-05-05,2,train,1
1564,2018-05-05,2,train,1
1565,2018-05-05,2,train,1
1566,2018-05-05,2,train,1
1567,2018-05-05,2,train,1
1568,2018-05-05,2,train,1
1569,2018-05-05,2,train,1
1570,2018-05-05,2,train,1
1571,2018-05-05,2,train,1
1572,2018-05-05,2,train,1
1573,2018-05-05,2,train,1
1574,2018-05-05,2,train,1
1575,2018-05-05,2,train,1
1576,2018-05-05,2,train,1
1577,2018-05-05,2,train,1
1578,2018-05-05,2,train,1
1579,2018-05-05,2,train,1
1580,2018-05-05,2,train,1
1581,2018-05-05,2,train,1
1582,2018-05-05,2,train,1
1583,2018-05-05,2,train,1
1584,2018-05-05,2,train,1
1585,2018-05-06,2,train,1
1586,2018-05-06,2,train,1
1587,2018-05-06,2,train,1
1588,2018-05-06,2,train,1
1589,2018-05-06,2,train,1
1590,2018-05-06,2,train,1
1591,2018-05-06,2,train,1
1592,2018-05-06,2,train,1
1593,2018-05-06,2,train,1
1594,2018-05-06,2,train,1
1595,2018-05-06,2,train,1
1596,2018-05-06,2,train,1
1597,2018-05-06,2,train,1
1598,2018-05-06,2,train,1
1599,2018-05-06,2,train,1
1600,2018-05-06,2,train,1
1601,2018-05-06,2,train,1
1602,2018-05-06,2,train,1
1603,2018-05-06,2,train,1
1604,2018-05-06,2,train,1
1605,2018-05-06,2,train,1
1606,2018-05-06,2,train,1
1607,2018-05-06,2,train,1
1608,2018-05-06,2,train,1
1609,2018-05-07,2,train,1
1610,2018-05-07,2,train,1
1611,2018-05-07,2,train,1
1612,2018-05-07,2,train,1
1613,2018-05-07,2,train,1
1614,2018-05-07,2,train,1
1615,2018-05-07,2,train,1
1616,2018-05-07,2,train,1
1617,2018-05-07,2,train,1
1618,2018-05-07,2,train,1
1619,2018-05-07,2,train,1
1620,2018-05-07,2,train,1
1621,2018-05-07,2,train,1
1622,2018-05-07,2,train,1
1623,2018-05-07,2,train,1
1624,2018-05-07,2,train,1
1625,2018-05-07,2,train,1
1626,2018-05-07,2,train,1
1627,2018-05-07,2,train,1
1628,2018-05-07,2,train,1
1629,2018-05-07,2,train,1
1630,2018-05-07,2,train,1
1631,2018-05-07,2,train,1
1632,2018-05-07,2,train,1
1633,2018-05-08,2,train,1
1634,2018-05-08,2,train,1
1635,2018-05-08,2,train,1
1636,2018-05-08,2,train,1
1637,2018-05-08,2,train,1
1638,2018-05-08,2,train,1
1639,2018-05-08,2,train,1
1640,2018-05-08,2,train,1
1641,2018-05-08,2,train,1
1642,2018-05-08,2,train,1
1643,2018-05-08,2,train,1
1644,2018-05-08,2,train,1
1645,2018-05-08,2,train,1
1646,2018-05-08,2,train,1
1647,2018-05-08,2,train,1
1648,2018-05-08,2,train,1
1649,2018-05-08,2,train,1
1650,2018-05-08,2,train,1
1651,2018-05-08,2,train,1
1652,2018-05-08,2,train,1
1653,2018-05-08,2,train,1
1654,2018-05-08,2,train,1
1655,2018-05-08,2,train,1
1656,2018-05-08,2,train,1
1657,2018-05-09,2,train,1
1658,2018-05-09,2,train,1
1659,2018-05-09,2,train,1
1660,2018-05-09,2,train,1
1661,2018-05-09,2,train,1
1662,2018-05-09,2,train,1
1663,2018-05-09,2,train,1
1664,2018-05-09,2,train,1
1665,2018-05-09,2,train,1
1666,2018-05-09,2,train,1
1667,2018-05-09,2,train,1
1668,2018-05-09,2,train,1
1669,2018-05-09,2,train,1
1670,2018-05-09,2,train,1
1671,2018-05-09,2,train,1
1672,2018-05-09,2,train,1
1673,2018-05-09,2,train,1
1674,2018-05-09,2,train,1
1675,2018-05-09,2,train,1
1676,2018-05-09,2,train,1
1677,2018-05-09,2,train,1
1678,2018-05-09,2,train,1
1679,2018-05-09,2,train,1
1680,2018-05-09,2,train,1
1681,2018-05-10,2,train,0
1682,2018-05-10,2,train,0
1683,2018-05-10,2,train,0
1684,2018-05-10,2,train,0
1685,2018-05-10,2,train,0
1686,2018-05-10,2,train,0
1687,2018-05-10,2,train,0
1688,2018-05-10,2,train,0
1689,2018-05-10,2,train,0
1690,2018-05-10,2,train,0
1691,2018-05-10,2,train,0
1692,2018-05-10,2,train,0
1693,2018-05-10,2,train,0
1694,2018-05-10,2,train,0
1695,2018-05-10,2,train,0
1696,2018-05-10,2,train,0
1697,2018-05-10,2,train,0
1698,2018-05-10,2,train,0
1699,2018-05-10,2,train,0
1700,2018-05-10,2,train,0
1701,2018-05-10,2,train,0
1702,2018-05-10,2,train,0
1703,2018-05-10,2,train,0
1704,2018-05-10,2,train,0
1705,2018-05-11,2,train,1
1706,2018-05-11,2,train,1
1707,2018-05-11,2,train,1
1708,2018-05-11,2,train,1
1709,2018-05-11,2,train,1
1710,2018-05-11,2,train,1
1711,2018-05-11,2,train,1
1712,2018-05-11,2,train,1
1713,2018-05-11,2,train,1
1714,2018-05-11,2,train,1
1715,2018-05-11,2,train,1
1716,2018-05-11,2,train,1
1717,2018-05-11,2,train,1
1718,2018-05-11,2,train,1
1719,2018-05-11,2,train,1
1720,2018-05-11,2,train,1
1721,2018-05-11,2,train,1
1722,2018-05-11,2,train,1
1723,2018-05-11,2,train,1
1724,2018-05-11,2,train,1
1725,2018-05-11,2,train,1
1726,2018-05-11,2,train,1
1727,2018-05-11,2,train,1
1728,2018-05-11,2,train,1
1729,2018-05-12,2,train,1
1730,2018-05-12,2,train,1
1731,2018-05-12,2,train,1
1732,2018-05-12,2,train,1
1733,2018-05-12,2,train,1
1734,2018-05-12,2,train,1
1735,2018-05-12,2,train,1
1736,2018-05-12,2,train,1
1737,2018-05-12,2,train,1
1738,2018-05-12,2,train,1
1739,2018-05-12,2,train,1
1740,2018-05-12,2,train,1
1741,2018-05-12,2,train,1
1742,2018-05-12,2,train,1
1743,2018-05-12,2,train,1
1744,2018-05-12,2,train,1
1745,2018-05-12,2,train,1
1746,2018-05-12,2,train,1
1747,2018-05-12,2,train,1
1748,2018-05-12,2,train,1
1749,2018-05-12,2,train,1
1750,2018-05-12,2,train,1
1751,2018-05-12,2,train,1
1752,2018-05-12,2,train,1
1753,2018-05-13,2,train,1
1754,2018-05-13,2,train,1
1755,2018-05-13,2,train,1
1756,2018-05-13,2,train,1
1757,2018-05-13,2,train,1
1758,2018-05-13,2,train,1
1759,2018-05-13,2,train,1
1760,2018-05-13,2,train,1
1761,2018-05-13,2,train,1
1762,2018-05-13,2,train,1
1763,2018-05-13,2,train,1
1764,2018-05-13,2,train,1
1765,2018-05-13,2,train,1
1766,2018-05-13,2,train,1
1767,2018-05-13,2,train,1
1768,2018-05-13,2,train,1
1769,2018-05-13,2,train,1
1770,2018-05-13,2,train,1
1771,2018-05-13,2,train,1
1772,2018-05-13,2,train,1
1773,2018-05-13,2,train,1
1774,2018-05-13,2,train,1
1775,2018-05-13,2,train,1
1776,2018-05-13,2,train,1
1777,2018-05-14,2,train,1
1778,2018-05-14,2,train,1
1779,2018-05-14,2,train,1
1780,2018-05-14,2,train,1
1781,2018-05-14,2,train,1
1782,2018-05-14,2,train,1
1783,2018-05-14,2,train,1
1784,2018-05-14,2,train,1
1785,2018-05-14,2,train,1
1786,2018-05-14,2,train,1
1787,2018-05-14,2,train,1
1788,2018-05-14,2,train,1
1789,2018-05-14,2,train,1
1790,2018-05-14,2,train,1
1791,2018-05-14,2,train,1
1792,2018-05-14,2,train,1
1793,2018-05-14,2,train,1
1794,2018-05-14,2,train,1
1795,2018-05-14,2,train,1
1796,2018-05-14,2,train,1
1797,2018-05-14,2,train,1
1798,2018-05-14,2,train,1
1799,2018-05-14,2,train,1
1800,2018-05-14,2,train,1
1801,2018-05-15,2,train,1
1802,2018-05-15,2,train,1
1803,2018-05-15,2,train,1
1804,2018-05-15,2,train,1
1805,2018-05-15,2,train,1
1806,2018-05-15,2,train,1
1807,2018-05-15,2,train,1
1808,2018-05-15,2,train,1
1809,2018-05-15,2,train,1
1810,2018-05-15,2,train,1
1811,2018-05-15,2,train,1
1812,2018-05-15,2,train,1
1813,2018-05-15,2,train,1
1814,2018-05-15,2,train,1
1815,2018-05-15,2,train,1
1816,2018-05-15,2,train,1
1817,2018-05-15,2,train,1
1818,2018-05-15,2,train,1
1819,2018-05-15,2,train,1
1820,2018-05-15,2,train,1
1821,2018-05-15,2,train,1
1822,2018-05-15,2,train,1
1823,2018-05-15,2,train,1
1824,2018-05-15,2,train,1
1825,2018-05-16,2,train,1
1826,2018-05-16,2,train,1
1827,2018-05-16,2,train,1
1828,2018-05-16,2,train,1
1829,2018-05-16,2,train,1
1830,2018-05-16,2,train,1
1831,2018-05-16,2,train,1
1832,2018-05-16,2,train,1
1833,2018-05-16,2,train,1
1834,2018-05-16,2,train,1
1835,2018-05-16,2,train,1
1836,2018-05-16,2,train,1
1837,2018-05-16,2,train,1
1838,2018-05-16,2,train,1
1839,2018-05-16,2,train,1
1840,2018-05-16,2,train,1
1841,2018-05-16,2,train,1
1842,2018-05-16,2,train,1
1843,2018-05-16,2,train,1
1844,2018-05-16,2,train,1
1845,2018-05-16,2,train,1
1846,2018-05-16,2,train,1
1847,2018-05-16,2,train,1
1848,2018-05-16,2,train,1
1849,2018-05-17,2,train,1
1850,2018-05-17,2,train,1
1851,2018-05-17,2,train,1
1852,2018-05-17,2,train,1
1853,2018-05-17,2,train,1
1854,2018-05-17,2,train,1
1855,2018-05-17,2,train,1
1856,2018-05-17,2,train,1
1857,2018-05-17,2,train,1
1858,2018-05-17,2,train,1
1859,2018-05-17,2,train,1
1860,2018-05-17,2,train,1
1861,2018-05-17,2,train,1
1862,2018-05-17,2,train,1
1863,2018-05-17,2,train,1
1864,2018-05-17,2,train,1
1865,2018-05-17,2,train,1
1866,2018-05-17,2,train,1
1867,2018-05-17,2,train,1
1868,2018-05-17,2,train,1
1869,2018-05-17,2,train,1
1870,2018-05-17,2,train,1
1871,2018-05-17,2,train,1
1872,2018-05-17,2,train,1
1873,2018-05-18,2,train,1
1874,2018-05-18,2,train,1
1875,2018-05-18,2,train,1
1876,2018-05-18,2,train,1
1877,2018-05-18,2,train,1
1878,2018-05-18,2,train,1
1879,2018-05-18,2,train,1
1880,2018-05-18,2,train,1
1881,2018-05-18,2,train,1
1882,2018-05-18,2,train,1
1883,2018-05-18,2,train,1
1884,2018-05-18,2,train,1
1885,2018-05-18,2,train,1
1886,2018-05-18,2,train,1
1887,2018-05-18,2,train,1
1888,2018-05-18,2,train,1
1889,2018-05-18,2,train,1
1890,2018-05-18,2,train,1
1891,2018-05-18,2,train,1
1892,2018-05-18,2,train,1
1893,2018-05-18,2,train,1
1894,2018-05-18,2,train,1
1895,2018-05-18,2,train,1
1896,2018-05-18,2,train,1
1897,2018-05-19,2,train,1
1898,2018-05-19,2,train,1
1899,2018-05-19,2,train,1
1900,2018-05-19,2,train,1
1901,2018-05-19,2,train,1
1902,2018-05-19,2,train,1
1903,2018-05-19,2,train,1
1904,2018-05-19,2,train,1
1905,2018-05-19,2,train,1
1906,2018-05-19,2,train,1
1907,2018-05-19,2,train,1
1908,2018-05-19,2,train,1
1909,2018-05-19,2,train,1
1910,2018-05-19,2,train,1
1911,2018-05-19,2,train,1
1912,2018-05-19,2,train,1
1913,2018-05-19,2,train,1
1914,2018-05-19,2,train,1
1915,2018-05-19,2,train,1
1916,2018-05-19,2,train,1
1917,2018-05-19,2,train,1
1918,2018-05-19,2,train,1
1919,2018-05-19,2,train,1
1920,2018-05-19,2,train,1
1921,2018-05-20,2,train,1
1922,2018-05-20,2,train,1
1923,2018-05-20,2,train,1
1924,2018-05-20,2,train,1
1925,2018-05-20,2,train,1
1926,2018-05-20,2,train,1
1927,2018-05-20,2,train,1
1928,2018-05-20,2,train,1
1929,2018-05-20,2,train,1
1930,2018-05-20,2,train,1
1931,2018-05-20,2,train,1
1932,2018-05-20,2,train,1
1933,2018-05-20,2,train,1
1934,2018-05-20,2,train,1
1935,2018-05-20,2,train,1
1936,2018-05-20,2,train,1
1937,2018-05-20,2,train,1
1938,2018-05-20,2,train,1
1939,2018-05-20,2,train,1
1940,2018-05-20,2,train,1
1941,2018-05-20,2,train,1
1942,2018-05-20,2,train,1
1943,2018-05-20,2,train,1
1944,2018-05-20,2,train,1
1945,2018-05-21,2,train,1
1946,2018-05-21,2,train,1
1947,2018-05-21,2,train,1
1948,2018-05-21,2,train,1
1949,2018-05-21,2,train,1
1950,2018-05-21,2,train,1
1951,2018-05-21,2,train,1
1952,2018-05-21,2,train,1
1953,2018-05-21,2,train,1
1954,2018-05-21,2,train,1
1955,2018-05-21,2,train,1
1956,2018-05-21,2,train,1
1957,2018-05-21,2,train,1
1958,2018-05-21,2,train,1
1959,2018-05-21,2,train,1
1960,2018-05-21,2,train,1
1961,2018-05-21,2,train,1
1962,2018-05-21,2,train,1
1963,2018-05-21,2,train,1
1964,2018-05-21,2,train,1
1965,2018-05-21,2,train,1
1966,2018-05-21,2,train,1
1967,2018-05-21,2,train,1
1968,2018-05-21,2,train,1
1969,2018-05-22,2,train,1
1970,2018-05-22,2,train,1
1971,2018-05-22,2,train,1
1972,2018-05-22,2,train,1
1973,2018-05-22,2,train,1
1974,2018-05-22,2,train,1
1975,2018-05-22,2,train,1
1976,2018-05-22,2,train,1
1977,2018-05-22,2,train,1
1978,2018-05-22,2,train,1
1979,2018-05-22,2,train,1
1980,2018-05-22,2,train,1
1981,2018-05-22,2,train,1
1982,2018-05-22,2,train,1
1983,2018-05-22,2,train,1
1984,2018-05-22,2,train,1
1985,2018-05-22,2,train,1
1986,2018-05-22,2,train,1
1987,2018-05-22,2,train,1
1988,2018-05-22,2,train,1
1989,2018-05-22,2,train,1
1990,2018-05-22,2,train,1
1991,2018-05-22,2,train,1
1992,2018-05-22,2,train,1
1,2018-05-23,2,val,1
2,2018-05-23,2,val,1
3,2018-05-23,2,val,1
4,2018-05-23,2,val,1
5,2018-05-23,2,val,1
6,2018-05-23,2,val,1
7,2018-05-23,2,val,1
8,2018-05-23,2,val,1
9,2018-05-23,2,val,1
10,2018-05-23,2,val,1
11,2018-05-23,2,val,1
12,2018-05-23,2,val,1
13,2018-05-23,2,val,1
14,2018-05-23,2,val,1
15,2018-05-23,2,val,1
16,2018-05-23,2,val,1
17,2018-05-23,2,val,1
18,2018-05-23,2,val,1
19,2018-05-23,2,val,1
20,2018-05-23,2,val,1
21,2018-05-23,2,val,1
22,2018-05-23,2,val,1
23,2018-05-23,2,val,1
24,2018-05-23,2,val,1
25,2018-05-24,2,val,1
26,2018-05-24,2,val,1
27,2018-05-24,2,val,1
28,2018-05-24,2,val,1
29,2018-05-24,2,val,1
30,2018-05-24,2,val,1
31,2018-05-24,2,val,1
32,2018-05-24,2,val,1
33,2018-05-24,2,val,1
34,2018-05-24,2,val,1
35,2018-05-24,2,val,1
36,2018-05-24,2,val,1
37,2018-05-24,2,val,1
38,2018-05-24,2,val,1
39,2018-05-24,2,val,1
40,2018-05-24,2,val,1
41,2018-05-24,2,val,1
42,2018-05-24,2,val,1
43,2018-05-24,2,val,1
44,2018-05-24,2,val,1
45,2018-05-24,2,val,1
46,2018-05-24,2,val,1
47,2018-05-24,2,val,1
48,2018-05-24,2,val,1
49,2018-05-25,2,val,1
50,2018-05-25,2,val,1
51,2018-05-25,2,val,1
52,2018-05-25,2,val,1
53,2018-05-25,2,val,1
54,2018-05-25,2,val,1
55,2018-05-25,2,val,1
56,2018-05-25,2,val,1
57,2018-05-25,2,val,1
58,2018-05-25,2,val,1
59,2018-05-25,2,val,1
60,2018-05-25,2,val,1
61,2018-05-25,2,val,1
62,2018-05-25,2,val,1
63,2018-05-25,2,val,1
64,2018-05-25,2,val,1
65,2018-05-25,2,val,1
66,2018-05-25,2,val,1
67,2018-05-25,2,val,1
68,2018-05-25,2,val,1
69,2018-05-25,2,val,1
70,2018-05-25,2,val,1
71,2018-05-25,2,val,1
72,2018-05-25,2,val,1
73,2018-05-26,2,val,1
74,2018-05-26,2,val,1
75,2018-05-26,2,val,1
76,2018-05-26,2,val,1
77,2018-05-26,2,val,1
78,2018-05-26,2,val,1
79,2018-05-26,2,val,1
80,2018-05-26,2,val,1
81,2018-05-26,2,val,1
82,2018-05-26,2,val,1
83,2018-05-26,2,val,1
84,2018-05-26,2,val,1
85,2018-05-26,2,val,1
86,2018-05-26,2,val,1
87,2018-05-26,2,val,1
88,2018-05-26,2,val,1
89,2018-05-26,2,val,1
90,2018-05-26,2,val,1
91,2018-05-26,2,val,1
92,2018-05-26,2,val,1
93,2018-05-26,2,val,1
94,2018-05-26,2,val,1
95,2018-05-26,2,val,1
96,2018-05-26,2,val,1
1,2018-05-27,2,test,1
2,2018-05-27,2,test,1
3,2018-05-27,2,test,1
4,2018-05-27,2,test,1
5,2018-05-27,2,test,1
6,2018-05-27,2,test,1
7,2018-05-27,2,test,1
8,2018-05-27,2,test,1
9,2018-05-27,2,test,1
10,2018-05-27,2,test,1
11,2018-05-27,2,test,1
12,2018-05-27,2,test,1
13,2018-05-27,2,test,1
14,2018-05-27,2,test,1
15,2018-05-27,2,test,1
16,2018-05-27,2,test,1
17,2018-05-27,2,test,1
18,2018-05-27,2,test,1
19,2018-05-27,2,test,1
20,2018-05-27,2,test,1
21,2018-05-27,2,test,1
22,2018-05-27,2,test,1
23,2018-05-27,2,test,1
24,2018-05-27,2,test,1
25,2018-05-28,2,test,1
26,2018-05-28,2,test,1
27,2018-05-28,2,test,1
28,2018-05-28,2,test,1
29,2018-05-28,2,test,1
30,2018-05-28,2,test,1
31,2018-05-28,2,test,1
32,2018-05-28,2,test,1
33,2018-05-28,2,test,1
34,2018-05-28,2,test,1
35,2018-05-28,2,test,1
36,2018-05-28,2,test,1
37,2018-05-28,2,test,1
38,2018-05-28,2,test,1
39,2018-05-28,2,test,1
40,2018-05-28,2,test,1
41,2018-05-28,2,test,1
42,2018-05-28,2,test,1
43,2018-05-28,2,test,1
44,2018-05-28,2,test,1
45,2018-05-28,2,test,1
46,2018-05-28,2,test,1
47,2018-05-28,2,test,1
48,2018-05-28,2,test,1
49,2018-05-29,2,test,1
50,2018-05-29,2,test,1
51,2018-05-29,2,test,1
52,2018-05-29,2,test,1
53,2018-05-29,2,test,1
54,2018-05-29,2,test,1
55,2018-05-29,2,test,1
56,2018-05-29,2,test,1
57,2018-05-29,2,test,1
58,2018-05-29,2,test,1
59,2018-05-29,2,test,1
60,2018-05-29,2,test,1
61,2018-05-29,2,test,1
62,2018-05-29,2,test,1
63,2018-05-29,2,test,1
64,2018-05-29,2,test,1
65,2018-05-29,2,test,1
66,2018-05-29,2,test,1
67,2018-05-29,2,test,1
68,2018-05-29,2,test,1
69,2018-05-29,2,test,1
70,2018-05-29,2,test,1
71,2018-05-29,2,test,1
72,2018-05-29,2,test,1
73,2018-05-30,2,test,1
74,2018-05-30,2,test,1
75,2018-05-30,2,test,1
76,2018-05-30,2,test,1
77,2018-05-30,2,test,1
78,2018-05-30,2,test,1
79,2018-05-30,2,test,1
80,2018-05-30,2,test,1
81,2018-05-30,2,test,1
82,2018-05-30,2,test,1
83,2018-05-30,2,test,1
84,2018-05-30,2,test,1
85,2018-05-30,2,test,1
86,2018-05-30,2,test,1
87,2018-05-30,2,test,1
88,2018-05-30,2,test,1
89,2018-05-30,2,test,1
90,2018-05-30,2,test,1
91,2018-05-30,2,test,1
92,2018-05-30,2,test,1
93,2018-05-30,2,test,1
94,2018-05-30,2,test,1
95,2018-05-30,2,test,1
96,2018-05-30,2,test,1
97,2018-05-31,2,test,1
98,2018-05-31,2,test,1
99,2018-05-31,2,test,1
100,2018-05-31,2,test,1
101,2018-05-31,2,test,1
102,2018-05-31,2,test,1
103,2018-05-31,2,test,1
104,2018-05-31,2,test,1
105,2018-05-31,2,test,1
106,2018-05-31,2,test,1
107,2018-05-31,2,test,1
108,2018-05-31,2,test,1
109,2018-05-31,2,test,1
110,2018-05-31,2,test,1
111,2018-05-31,2,test,1
112,2018-05-31,2,test,1
113,2018-05-31,2,test,1
114,2018-05-31,2,test,1
115,2018-05-31,2,test,1
116,2018-05-31,2,test,1
117,2018-05-31,2,test,1
118,2018-05-31,2,test,1
119,2018-05-31,2,test,1
120,2018-05-31,2,test,1
1,2018-06-01,3,train,1
2,2018-06-01,3,train,1
3,2018-06-01,3,train,1
4,2018-06-01,3,train,1
5,2018-06-01,3,train,1
6,2018-06-01,3,train,1
7,2018-06-01,3,train,1
8,2018-06-01,3,train,1
9,2018-06-01,3,train,1
10,2018-06-01,3,train,1
11,2018-06-01,3,train,1
12,2018-06-01,3,train,1
13,2018-06-01,3,train,1
14,2018-06-01,3,train,1
15,2018-06-01,3,train,1
16,2018-06-01,3,train,1
17,2018-06-01,3,train,1
18,2018-06-01,3,train,1
19,2018-06-01,3,train,1
20,2018-06-01,3,train,1
21,2018-06-01,3,train,1
22,2018-06-01,3,train,1
23,2018-06-01,3,train,1
24,2018-06-01,3,train,1
25,2018-06-02,3,train,1
26,2018-06-02,3,train,1
27,2018-06-02,3,train,1
28,2018-06-02,3,train,1
29,2018-06-02,3,train,1
30,2018-06-02,3,train,1
31,2018-06-02,3,train,1
32,2018-06-02,3,train,1
33,2018-06-02,3,train,1
34,2018-06-02,3,train,1
35,2018-06-02,3,train,1
36,2018-06-02,3,train,1
37,2018-06-02,3,train,1
38,2018-06-02,3,train,1
39,2018-06-02,3,train,1
40,2018-06-02,3,train,1
41,2018-06-02,3,train,1
42,2018-06-02,3,train,1
43,2018-06-02,3,train,1
44,2018-06-02,3,train,1
45,2018-06-02,3,train,1
46,2018-06-02,3,train,1
47,2018-06-02,3,train,1
48,2018-06-02,3,train,1
49,2018-06-03,3,train,1
50,2018-06-03,3,train,1
51,2018-06-03,3,train,1
52,2018-06-03,3,train,1
53,2018-06-03,3,train,1
54,2018-06-03,3,train,1
55,2018-06-03,3,train,1
56,2018-06-03,3,train,1
57,2018-06-03,3,train,1
58,2018-06-03,3,train,1
59,2018-06-03,3,train,1
60,2018-06-03,3,train,1
61,2018-06-03,3,train,1
62,2018-06-03,3,train,1
63,2018-06-03,3,train,1
64,2018-06-03,3,train,1
65,2018-06-03,3,train,1
66,2018-06-03,3,train,1
67,2018-06-03,3,train,1
68,2018-06-03,3,train,1
69,2018-06-03,3,train,1
70,2018-06-03,3,train,1
71,2018-06-03,3,train,1
72,2018-06-03,3,train,1
73,2018-06-04,3,train,1
74,2018-06-04,3,train,1
75,2018-06-04,3,train,1
76,2018-06-04,3,train,1
77,2018-06-04,3,train,1
78,2018-06-04,3,train,1
79,2018-06-04,3,train,1
80,2018-06-04,3,train,1
81,2018-06-04,3,train,1
82,2018-06-04,3,train,1
83,2018-06-04,3,train,1
84,2018-06-04,3,train,1
85,2018-06-04,3,train,1
86,2018-06-04,3,train,1
87,2018-06-04,3,train,1
88,2018-06-04,3,train,1
89,2018-06-04,3,train,1
90,2018-06-04,3,train,1
91,2018-06-04,3,train,1
92,2018-06-04,3,train,1
93,2018-06-04,3,train,1
94,2018-06-04,3,train,1
95,2018-06-04,3,train,1
96,2018-06-04,3,train,1
97,2018-06-05,3,train,1
98,2018-06-05,3,train,1
99,2018-06-05,3,train,1
100,2018-06-05,3,train,1
101,2018-06-05,3,train,1
102,2018-06-05,3,train,1
103,2018-06-05,3,train,1
104,2018-06-05,3,train,1
105,2018-06-05,3,train,1
106,2018-06-05,3,train,1
107,2018-06-05,3,train,1
108,2018-06-05,3,train,1
109,2018-06-05,3,train,1
110,2018-06-05,3,train,1
111,2018-06-05,3,train,1
112,2018-06-05,3,train,1
113,2018-06-05,3,train,1
114,2018-06-05,3,train,1
115,2018-06-05,3,train,1
116,2018-06-05,3,train,1
117,2018-06-05,3,train,1
118,2018-06-05,3,train,1
119,2018-06-05,3,train,1
120,2018-06-05,3,train,1
121,2018-06-06,3,train,1
122,2018-06-06,3,train,1
123,2018-06-06,3,train,1
124,2018-06-06,3,train,1
125,2018-06-06,3,train,1
126,2018-06-06,3,train,1
127,2018-06-06,3,train,1
128,2018-06-06,3,train,1
129,2018-06-06,3,train,1
130,2018-06-06,3,train,1
131,2018-06-06,3,train,1
132,2018-06-06,3,train,1
133,2018-06-06,3,train,1
134,2018-06-06,3,train,1
135,2018-06-06,3,train,1
136,2018-06-06,3,train,1
137,2018-06-06,3,train,1
138,2018-06-06,3,train,1
139,2018-06-06,3,train,1
140,2018-06-06,3,train,1
141,2018-06-06,3,train,1
142,2018-06-06,3,train,1
143,2018-06-06,3,train,1
144,2018-06-06,3,train,1
145,2018-06-07,3,train,1
146,2018-06-07,3,train,1
147,2018-06-07,3,train,1
148,2018-06-07,3,train,1
149,2018-06-07,3,train,1
150,2018-06-07,3,train,1
151,2018-06-07,3,train,1
152,2018-06-07,3,train,1
153,2018-06-07,3,train,1
154,2018-06-07,3,train,1
155,2018-06-07,3,train,1
156,2018-06-07,3,train,1
157,2018-06-07,3,train,1
158,2018-06-07,3,train,1
159,2018-06-07,3,train,1
160,2018-06-07,3,train,1
161,2018-06-07,3,train,1
162,2018-06-07,3,train,1
163,2018-06-07,3,train,1
164,2018-06-07,3,train,1
165,2018-06-07,3,train,1
166,2018-06-07,3,train,1
167,2018-06-07,3,train,1
168,2018-06-07,3,train,1
169,2018-06-08,3,train,1
170,2018-06-08,3,train,1
171,2018-06-08,3,train,1
172,2018-06-08,3,train,1
173,2018-06-08,3,train,1
174,2018-06-08,3,train,1
175,2018-06-08,3,train,1
176,2018-06-08,3,train,1
177,2018-06-08,3,train,1
178,2018-06-08,3,train,1
179,2018-06-08,3,train,1
180,2018-06-08,3,train,1
181,2018-06-08,3,train,1
182,2018-06-08,3,train,1
183,2018-06-08,3,train,1
184,2018-06-08,3,train,1
185,2018-06-08,3,train,1
186,2018-06-08,3,train,1
187,2018-06-08,3,train,1
188,2018-06-08,3,train,1
189,2018-06-08,3,train,1
190,2018-06-08,3,train,1
191,2018-06-08,3,train,1
192,2018-06-08,3,train,1
193,2018-06-09,3,train,1
194,2018-06-09,3,train,1
195,2018-06-09,3,train,1
196,2018-06-09,3,train,1
197,2018-06-09,3,train,1
198,2018-06-09,3,train,1
199,2018-06-09,3,train,1
200,2018-06-09,3,train,1
201,2018-06-09,3,train,1
202,2018-06-09,3,train,1
203,2018-06-09,3,train,1
204,2018-06-09,3,train,1
205,2018-06-09,3,train,1
206,2018-06-09,3,train,1
207,2018-06-09,3,train,1
208,2018-06-09,3,train,1
209,2018-06-09,3,train,1
210,2018-06-09,3,train,1
211,2018-06-09,3,train,1
212,2018-06-09,3,train,1
213,2018-06-09,3,train,1
214,2018-06-09,3,train,1
215,2018-06-09,3,train,1
216,2018-06-09,3,train,1
217,2018-06-10,3,train,1
218,2018-06-10,3,train,1
219,2018-06-10,3,train,1
220,2018-06-10,3,train,1
221,2018-06-10,3,train,1
222,2018-06-10,3,train,1
223,2018-06-10,3,train,1
224,2018-06-10,3,train,1
225,2018-06-10,3,train,1
226,2018-06-10,3,train,1
227,2018-06-10,3,train,1
228,2018-06-10,3,train,1
229,2018-06-10,3,train,1
230,2018-06-10,3,train,1
231,2018-06-10,3,train,1
232,2018-06-10,3,train,1
233,2018-06-10,3,train,1
234,2018-06-10,3,train,1
235,2018-06-10,3,train,1
236,2018-06-10,3,train,1
237,2018-06-10,3,train,1
238,2018-06-10,3,train,1
239,2018-06-10,3,train,1
240,2018-06-10,3,train,1
241,2018-06-11,3,train,1
242,2018-06-11,3,train,1
243,2018-06-11,3,train,1
244,2018-06-11,3,train,1
245,2018-06-11,3,train,1
246,2018-06-11,3,train,1
247,2018-06-11,3,train,1
248,2018-06-11,3,train,1
249,2018-06-11,3,train,1
250,2018-06-11,3,train,1
251,2018-06-11,3,train,1
252,2018-06-11,3,train,1
253,2018-06-11,3,train,1
254,2018-06-11,3,train,1
255,2018-06-11,3,train,1
256,2018-06-11,3,train,1
257,2018-06-11,3,train,1
258,2018-06-11,3,train,1
259,2018-06-11,3,train,1
260,2018-06-11,3,train,1
261,2018-06-11,3,train,1
262,2018-06-11,3,train,1
263,2018-06-11,3,train,1
264,2018-06-11,3,train,1
265,2018-06-12,3,train,1
266,2018-06-12,3,train,1
267,2018-06-12,3,train,1
268,2018-06-12,3,train,1
269,2018-06-12,3,train,1
270,2018-06-12,3,train,1
271,2018-06-12,3,train,1
272,2018-06-12,3,train,1
273,2018-06-12,3,train,1
274,2018-06-12,3,train,1
275,2018-06-12,3,train,1
276,2018-06-12,3,train,1
277,2018-06-12,3,train,1
278,2018-06-12,3,train,1
279,2018-06-12,3,train,1
280,2018-06-12,3,train,1
281,2018-06-12,3,train,1
282,2018-06-12,3,train,1
283,2018-06-12,3,train,1
284,2018-06-12,3,train,1
285,2018-06-12,3,train,1
286,2018-06-12,3,train,1
287,2018-06-12,3,train,1
288,2018-06-12,3,train,1
289,2018-06-13,3,train,1
290,2018-06-13,3,train,1
291,2018-06-13,3,train,1
292,2018-06-13,3,train,1
293,2018-06-13,3,train,1
294,2018-06-13,3,train,1
295,2018-06-13,3,train,1
296,2018-06-13,3,train,1
297,2018-06-13,3,train,1
298,2018-06-13,3,train,1
299,2018-06-13,3,train,1
300,2018-06-13,3,train,1
301,2018-06-13,3,train,1
302,2018-06-13,3,train,1
303,2018-06-13,3,train,1
304,2018-06-13,3,train,1
305,2018-06-13,3,train,1
306,2018-06-13,3,train,1
307,2018-06-13,3,train,1
308,2018-06-13,3,train,1
309,2018-06-13,3,train,1
310,2018-06-13,3,train,1
311,2018-06-13,3,train,1
312,2018-06-13,3,train,1
313,2018-06-14,3,train,1
314,2018-06-14,3,train,1
315,2018-06-14,3,train,1
316,2018-06-14,3,train,1
317,2018-06-14,3,train,1
318,2018-06-14,3,train,1
319,2018-06-14,3,train,1
320,2018-06-14,3,train,1
321,2018-06-14,3,train,1
322,2018-06-14,3,train,1
323,2018-06-14,3,train,1
324,2018-06-14,3,train,1
325,2018-06-14,3,train,1
326,2018-06-14,3,train,1
327,2018-06-14,3,train,1
328,2018-06-14,3,train,1
329,2018-06-14,3,train,1
330,2018-06-14,3,train,1
331,2018-06-14,3,train,1
332,2018-06-14,3,train,1
333,2018-06-14,3,train,1
334,2018-06-14,3,train,1
335,2018-06-14,3,train,1
336,2018-06-14,3,train,1
337,2018-06-15,3,train,1
338,2018-06-15,3,train,1
339,2018-06-15,3,train,1
340,2018-06-15,3,train,1
341,2018-06-15,3,train,1
342,2018-06-15,3,train,1
343,2018-06-15,3,train,1
344,2018-06-15,3,train,1
345,2018-06-15,3,train,1
346,2018-06-15,3,train,1
347,2018-06-15,3,train,1
348,2018-06-15,3,train,1
349,2018-06-15,3,train,1
350,2018-06-15,3,train,1
351,2018-06-15,3,train,1
352,2018-06-15,3,train,1
353,2018-06-15,3,train,1
354,2018-06-15,3,train,1
355,2018-06-15,3,train,1
356,2018-06-15,3,train,1
357,2018-06-15,3,train,1
358,2018-06-15,3,train,1
359,2018-06-15,3,train,1
360,2018-06-15,3,train,1
361,2018-06-16,3,train,1
362,2018-06-16,3,train,1
363,2018-06-16,3,train,1
364,2018-06-16,3,train,1
365,2018-06-16,3,train,1
366,2018-06-16,3,train,1
367,2018-06-16,3,train,1
368,2018-06-16,3,train,1
369,2018-06-16,3,train,1
370,2018-06-16,3,train,1
371,2018-06-16,3,train,1
372,2018-06-16,3,train,1
373,2018-06-16,3,train,1
374,2018-06-16,3,train,1
375,2018-06-16,3,train,1
376,2018-06-16,3,train,1
377,2018-06-16,3,train,1
378,2018-06-16,3,train,1
379,2018-06-16,3,train,1
380,2018-06-16,3,train,1
381,2018-06-16,3,train,1
382,2018-06-16,3,train,1
383,2018-06-16,3,train,1
384,2018-06-16,3,train,1
385,2018-06-17,3,train,1
386,2018-06-17,3,train,1
387,2018-06-17,3,train,1
388,2018-06-17,3,train,1
389,2018-06-17,3,train,1
390,2018-06-17,3,train,1
391,2018-06-17,3,train,1
392,2018-06-17,3,train,1
393,2018-06-17,3,train,1
394,2018-06-17,3,train,1
395,2018-06-17,3,train,1
396,2018-06-17,3,train,1
397,2018-06-17,3,train,1
398,2018-06-17,3,train,1
399,2018-06-17,3,train,1
400,2018-06-17,3,train,1
401,2018-06-17,3,train,1
402,2018-06-17,3,train,1
403,2018-06-17,3,train,1
404,2018-06-17,3,train,1
405,2018-06-17,3,train,1
406,2018-06-17,3,train,1
407,2018-06-17,3,train,1
408,2018-06-17,3,train,1
409,2018-06-18,3,train,1
410,2018-06-18,3,train,1
411,2018-06-18,3,train,1
412,2018-06-18,3,train,1
413,2018-06-18,3,train,1
414,2018-06-18,3,train,1
415,2018-06-18,3,train,1
416,2018-06-18,3,train,1
417,2018-06-18,3,train,1
418,2018-06-18,3,train,1
419,2018-06-18,3,train,1
420,2018-06-18,3,train,1
421,2018-06-18,3,train,1
422,2018-06-18,3,train,1
423,2018-06-18,3,train,1
424,2018-06-18,3,train,1
425,2018-06-18,3,train,1
426,2018-06-18,3,train,1
427,2018-06-18,3,train,1
428,2018-06-18,3,train,1
429,2018-06-18,3,train,1
430,2018-06-18,3,train,1
431,2018-06-18,3,train,1
432,2018-06-18,3,train,1
433,2018-06-19,3,train,1
434,2018-06-19,3,train,1
435,2018-06-19,3,train,1
436,2018-06-19,3,train,1
437,2018-06-19,3,train,1
438,2018-06-19,3,train,1
439,2018-06-19,3,train,1
440,2018-06-19,3,train,1
441,2018-06-19,3,train,1
442,2018-06-19,3,train,1
443,2018-06-19,3,train,1
444,2018-06-19,3,train,1
445,2018-06-19,3,train,1
446,2018-06-19,3,train,1
447,2018-06-19,3,train,1
448,2018-06-19,3,train,1
449,2018-06-19,3,train,1
450,2018-06-19,3,train,1
451,2018-06-19,3,train,1
452,2018-06-19,3,train,1
453,2018-06-19,3,train,1
454,2018-06-19,3,train,1
455,2018-06-19,3,train,1
456,2018-06-19,3,train,1
457,2018-06-20,3,train,1
458,2018-06-20,3,train,1
459,2018-06-20,3,train,1
460,2018-06-20,3,train,1
461,2018-06-20,3,train,1
462,2018-06-20,3,train,1
463,2018-06-20,3,train,1
464,2018-06-20,3,train,1
465,2018-06-20,3,train,1
466,2018-06-20,3,train,1
467,2018-06-20,3,train,1
468,2018-06-20,3,train,1
469,2018-06-20,3,train,1
470,2018-06-20,3,train,1
471,2018-06-20,3,train,1
472,2018-06-20,3,train,1
473,2018-06-20,3,train,1
474,2018-06-20,3,train,1
475,2018-06-20,3,train,1
476,2018-06-20,3,train,1
477,2018-06-20,3,train,1
478,2018-06-20,3,train,1
479,2018-06-20,3,train,1
480,2018-06-20,3,train,1
481,2018-06-21,3,train,1
482,2018-06-21,3,train,1
483,2018-06-21,3,train,1
484,2018-06-21,3,train,1
485,2018-06-21,3,train,1
486,2018-06-21,3,train,1
487,2018-06-21,3,train,1
488,2018-06-21,3,train,1
489,2018-06-21,3,train,1
490,2018-06-21,3,train,1
491,2018-06-21,3,train,1
492,2018-06-21,3,train,1
493,2018-06-21,3,train,1
494,2018-06-21,3,train,1
495,2018-06-21,3,train,1
496,2018-06-21,3,train,1
497,2018-06-21,3,train,1
498,2018-06-21,3,train,1
499,2018-06-21,3,train,1
500,2018-06-21,3,train,1
501,2018-06-21,3,train,1
502,2018-06-21,3,train,1
503,2018-06-21,3,train,1
504,2018-06-21,3,train,1
505,2018-06-22,3,train,1
506,2018-06-22,3,train,1
507,2018-06-22,3,train,1
508,2018-06-22,3,train,1
509,2018-06-22,3,train,1
510,2018-06-22,3,train,1
511,2018-06-22,3,train,1
512,2018-06-22,3,train,1
513,2018-06-22,3,train,1
514,2018-06-22,3,train,1
515,2018-06-22,3,train,1
516,2018-06-22,3,train,1
517,2018-06-22,3,train,1
518,2018-06-22,3,train,1
519,2018-06-22,3,train,1
520,2018-06-22,3,train,1
521,2018-06-22,3,train,1
522,2018-06-22,3,train,1
523,2018-06-22,3,train,1
524,2018-06-22,3,train,1
525,2018-06-22,3,train,1
526,2018-06-22,3,train,1
527,2018-06-22,3,train,1
528,2018-06-22,3,train,1
529,2018-06-23,3,train,1
530,2018-06-23,3,train,1
531,2018-06-23,3,train,1
532,2018-06-23,3,train,1
533,2018-06-23,3,train,1
534,2018-06-23,3,train,1
535,2018-06-23,3,train,1
536,2018-06-23,3,train,1
537,2018-06-23,3,train,1
538,2018-06-23,3,train,1
539,2018-06-23,3,train,1
540,2018-06-23,3,train,1
541,2018-06-23,3,train,1
542,2018-06-23,3,train,1
543,2018-06-23,3,train,1
544,2018-06-23,3,train,1
545,2018-06-23,3,train,1
546,2018-06-23,3,train,1
547,2018-06-23,3,train,1
548,2018-06-23,3,train,1
549,2018-06-23,3,train,1
550,2018-06-23,3,train,1
551,2018-06-23,3,train,1
552,2018-06-23,3,train,1
553,2018-06-24,3,train,1
554,2018-06-24,3,train,1
555,2018-06-24,3,train,1
556,2018-06-24,3,train,1
557,2018-06-24,3,train,1
558,2018-06-24,3,train,1
559,2018-06-24,3,train,1
560,2018-06-24,3,train,1
561,2018-06-24,3,train,1
562,2018-06-24,3,train,1
563,2018-06-24,3,train,1
564,2018-06-24,3,train,1
565,2018-06-24,3,train,1
566,2018-06-24,3,train,1
567,2018-06-24,3,train,1
568,2018-06-24,3,train,1
569,2018-06-24,3,train,1
570,2018-06-24,3,train,1
571,2018-06-24,3,train,1
572,2018-06-24,3,train,1
573,2018-06-24,3,train,1
574,2018-06-24,3,train,1
575,2018-06-24,3,train,1
576,2018-06-24,3,train,1
577,2018-06-25,3,train,1
578,2018-06-25,3,train,1
579,2018-06-25,3,train,1
580,2018-06-25,3,train,1
581,2018-06-25,3,train,1
582,2018-06-25,3,train,1
583,2018-06-25,3,train,1
584,2018-06-25,3,train,1
585,2018-06-25,3,train,1
586,2018-06-25,3,train,1
587,2018-06-25,3,train,1
588,2018-06-25,3,train,1
589,2018-06-25,3,train,1
590,2018-06-25,3,train,1
591,2018-06-25,3,train,1
592,2018-06-25,3,train,1
593,2018-06-25,3,train,1
594,2018-06-25,3,train,1
595,2018-06-25,3,train,1
596,2018-06-25,3,train,1
597,2018-06-25,3,train,1
598,2018-06-25,3,train,1
599,2018-06-25,3,train,1
600,2018-06-25,3,train,1
601,2018-06-26,3,train,1
602,2018-06-26,3,train,1
603,2018-06-26,3,train,1
604,2018-06-26,3,train,1
605,2018-06-26,3,train,1
606,2018-06-26,3,train,1
607,2018-06-26,3,train,1
608,2018-06-26,3,train,1
609,2018-06-26,3,train,1
610,2018-06-26,3,train,1
611,2018-06-26,3,train,1
612,2018-06-26,3,train,1
613,2018-06-26,3,train,1
614,2018-06-26,3,train,1
615,2018-06-26,3,train,1
616,2018-06-26,3,train,1
617,2018-06-26,3,train,1
618,2018-06-26,3,train,1
619,2018-06-26,3,train,1
620,2018-06-26,3,train,1
621,2018-06-26,3,train,1
622,2018-06-26,3,train,1
623,2018-06-26,3,train,1
624,2018-06-26,3,train,1
625,2018-06-27,3,train,1
626,2018-06-27,3,train,1
627,2018-06-27,3,train,1
628,2018-06-27,3,train,1
629,2018-06-27,3,train,1
630,2018-06-27,3,train,1
631,2018-06-27,3,train,1
632,2018-06-27,3,train,1
633,2018-06-27,3,train,1
634,2018-06-27,3,train,1
635,2018-06-27,3,train,1
636,2018-06-27,3,train,1
637,2018-06-27,3,train,1
638,2018-06-27,3,train,1
639,2018-06-27,3,train,1
640,2018-06-27,3,train,1
641,2018-06-27,3,train,1
642,2018-06-27,3,train,1
643,2018-06-27,3,train,1
644,2018-06-27,3,train,1
645,2018-06-27,3,train,1
646,2018-06-27,3,train,1
647,2018-06-27,3,train,1
648,2018-06-27,3,train,1
649,2018-06-28,3,train,1
650,2018-06-28,3,train,1
651,2018-06-28,3,train,1
652,2018-06-28,3,train,1
653,2018-06-28,3,train,1
654,2018-06-28,3,train,1
655,2018-06-28,3,train,1
656,2018-06-28,3,train,1
657,2018-06-28,3,train,1
658,2018-06-28,3,train,1
659,2018-06-28,3,train,1
660,2018-06-28,3,train,1
661,2018-06-28,3,train,1
662,2018-06-28,3,train,1
663,2018-06-28,3,train,1
664,2018-06-28,3,train,1
665,2018-06-28,3,train,1
666,2018-06-28,3,train,1
667,2018-06-28,3,train,1
668,2018-06-28,3,train,1
669,2018-06-28,3,train,1
670,2018-06-28,3,train,1
671,2018-06-28,3,train,1
672,2018-06-28,3,train,1
673,2018-06-29,3,train,1
674,2018-06-29,3,train,1
675,2018-06-29,3,train,1
676,2018-06-29,3,train,1
677,2018-06-29,3,train,1
678,2018-06-29,3,train,1
679,2018-06-29,3,train,1
680,2018-06-29,3,train,1
681,2018-06-29,3,train,1
682,2018-06-29,3,train,1
683,2018-06-29,3,train,1
684,2018-06-29,3,train,1
685,2018-06-29,3,train,1
686,2018-06-29,3,train,1
687,2018-06-29,3,train,1
688,2018-06-29,3,train,1
689,2018-06-29,3,train,1
690,2018-06-29,3,train,1
691,2018-06-29,3,train,1
692,2018-06-29,3,train,1
693,2018-06-29,3,train,1
694,2018-06-29,3,train,1
695,2018-06-29,3,train,1
696,2018-06-29,3,train,1
697,2018-06-30,3,train,1
698,2018-06-30,3,train,1
699,2018-06-30,3,train,1
700,2018-06-30,3,train,1
701,2018-06-30,3,train,1
702,2018-06-30,3,train,1
703,2018-06-30,3,train,1
704,2018-06-30,3,train,1
705,2018-06-30,3,train,1
706,2018-06-30,3,train,1
707,2018-06-30,3,train,1
708,2018-06-30,3,train,1
709,2018-06-30,3,train,1
710,2018-06-30,3,train,1
711,2018-06-30,3,train,1
712,2018-06-30,3,train,1
713,2018-06-30,3,train,1
714,2018-06-30,3,train,1
715,2018-06-30,3,train,1
716,2018-06-30,3,train,1
717,2018-06-30,3,train,1
718,2018-06-30,3,train,1
719,2018-06-30,3,train,1
720,2018-06-30,3,train,1
721,2018-07-01,3,train,1
722,2018-07-01,3,train,1
723,2018-07-01,3,train,1
724,2018-07-01,3,train,1
725,2018-07-01,3,train,1
726,2018-07-01,3,train,1
727,2018-07-01,3,train,1
728,2018-07-01,3,train,1
729,2018-07-01,3,train,1
730,2018-07-01,3,train,1
731,2018-07-01,3,train,1
732,2018-07-01,3,train,1
733,2018-07-01,3,train,1
734,2018-07-01,3,train,1
735,2018-07-01,3,train,1
736,2018-07-01,3,train,1
737,2018-07-01,3,train,1
738,2018-07-01,3,train,1
739,2018-07-01,3,train,1
740,2018-07-01,3,train,1
741,2018-07-01,3,train,1
742,2018-07-01,3,train,1
743,2018-07-01,3,train,1
744,2018-07-01,3,train,1
745,2018-07-02,3,train,1
746,2018-07-02,3,train,1
747,2018-07-02,3,train,1
748,2018-07-02,3,train,1
749,2018-07-02,3,train,1
750,2018-07-02,3,train,1
751,2018-07-02,3,train,1
752,2018-07-02,3,train,1
753,2018-07-02,3,train,1
754,2018-07-02,3,train,1
755,2018-07-02,3,train,1
756,2018-07-02,3,train,1
757,2018-07-02,3,train,1
758,2018-07-02,3,train,1
759,2018-07-02,3,train,1
760,2018-07-02,3,train,1
761,2018-07-02,3,train,1
762,2018-07-02,3,train,1
763,2018-07-02,3,train,1
764,2018-07-02,3,train,1
765,2018-07-02,3,train,1
766,2018-07-02,3,train,1
767,2018-07-02,3,train,1
768,2018-07-02,3,train,1
769,2018-07-03,3,train,1
770,2018-07-03,3,train,1
771,2018-07-03,3,train,1
772,2018-07-03,3,train,1
773,2018-07-03,3,train,1
774,2018-07-03,3,train,1
775,2018-07-03,3,train,1
776,2018-07-03,3,train,1
777,2018-07-03,3,train,1
778,2018-07-03,3,train,1
779,2018-07-03,3,train,1
780,2018-07-03,3,train,1
781,2018-07-03,3,train,1
782,2018-07-03,3,train,1
783,2018-07-03,3,train,1
784,2018-07-03,3,train,1
785,2018-07-03,3,train,1
786,2018-07-03,3,train,1
787,2018-07-03,3,train,1
788,2018-07-03,3,train,1
789,2018-07-03,3,train,1
790,2018-07-03,3,train,1
791,2018-07-03,3,train,1
792,2018-07-03,3,train,1
793,2018-07-04,3,train,1
794,2018-07-04,3,train,1
795,2018-07-04,3,train,1
796,2018-07-04,3,train,1
797,2018-07-04,3,train,1
798,2018-07-04,3,train,1
799,2018-07-04,3,train,1
800,2018-07-04,3,train,1
801,2018-07-04,3,train,1
802,2018-07-04,3,train,1
803,2018-07-04,3,train,1
804,2018-07-04,3,train,1
805,2018-07-04,3,train,1
806,2018-07-04,3,train,1
807,2018-07-04,3,train,1
808,2018-07-04,3,train,1
809,2018-07-04,3,train,1
810,2018-07-04,3,train,1
811,2018-07-04,3,train,1
812,2018-07-04,3,train,1
813,2018-07-04,3,train,1
814,2018-07-04,3,train,1
815,2018-07-04,3,train,1
816,2018-07-04,3,train,1
817,2018-07-05,3,train,1
818,2018-07-05,3,train,1
819,2018-07-05,3,train,1
820,2018-07-05,3,train,1
821,2018-07-05,3,train,1
822,2018-07-05,3,train,1
823,2018-07-05,3,train,1
824,2018-07-05,3,train,1
825,2018-07-05,3,train,1
826,2018-07-05,3,train,1
827,2018-07-05,3,train,1
828,2018-07-05,3,train,1
829,2018-07-05,3,train,1
830,2018-07-05,3,train,1
831,2018-07-05,3,train,1
832,2018-07-05,3,train,1
833,2018-07-05,3,train,1
834,2018-07-05,3,train,1
835,2018-07-05,3,train,1
836,2018-07-05,3,train,1
837,2018-07-05,3,train,1
838,2018-07-05,3,train,1
839,2018-07-05,3,train,1
840,2018-07-05,3,train,1
841,2018-07-06,3,train,1
842,2018-07-06,3,train,1
843,2018-07-06,3,train,1
844,2018-07-06,3,train,1
845,2018-07-06,3,train,1
846,2018-07-06,3,train,1
847,2018-07-06,3,train,1
848,2018-07-06,3,train,1
849,2018-07-06,3,train,1
850,2018-07-06,3,train,1
851,2018-07-06,3,train,1
852,2018-07-06,3,train,1
853,2018-07-06,3,train,1
854,2018-07-06,3,train,1
855,2018-07-06,3,train,1
856,2018-07-06,3,train,1
857,2018-07-06,3,train,1
858,2018-07-06,3,train,1
859,2018-07-06,3,train,1
860,2018-07-06,3,train,1
861,2018-07-06,3,train,1
862,2018-07-06,3,train,1
863,2018-07-06,3,train,1
864,2018-07-06,3,train,1
865,2018-07-07,3,train,1
866,2018-07-07,3,train,1
867,2018-07-07,3,train,1
868,2018-07-07,3,train,1
869,2018-07-07,3,train,1
870,2018-07-07,3,train,1
871,2018-07-07,3,train,1
872,2018-07-07,3,train,1
873,2018-07-07,3,train,1
874,2018-07-07,3,train,1
875,2018-07-07,3,train,1
876,2018-07-07,3,train,1
877,2018-07-07,3,train,1
878,2018-07-07,3,train,1
879,2018-07-07,3,train,1
880,2018-07-07,3,train,1
881,2018-07-07,3,train,1
882,2018-07-07,3,train,1
883,2018-07-07,3,train,1
884,2018-07-07,3,train,1
885,2018-07-07,3,train,1
886,2018-07-07,3,train,1
887,2018-07-07,3,train,1
888,2018-07-07,3,train,1
889,2018-07-08,3,train,1
890,2018-07-08,3,train,1
891,2018-07-08,3,train,1
892,2018-07-08,3,train,1
893,2018-07-08,3,train,1
894,2018-07-08,3,train,1
895,2018-07-08,3,train,1
896,2018-07-08,3,train,1
897,2018-07-08,3,train,1
898,2018-07-08,3,train,1
899,2018-07-08,3,train,1
900,2018-07-08,3,train,1
901,2018-07-08,3,train,1
902,2018-07-08,3,train,1
903,2018-07-08,3,train,1
904,2018-07-08,3,train,1
905,2018-07-08,3,train,1
906,2018-07-08,3,train,1
907,2018-07-08,3,train,1
908,2018-07-08,3,train,1
909,2018-07-08,3,train,1
910,2018-07-08,3,train,1
911,2018-07-08,3,train,1
912,2018-07-08,3,train,1
913,2018-07-09,3,train,1
914,2018-07-09,3,train,1
915,2018-07-09,3,train,1
916,2018-07-09,3,train,1
917,2018-07-09,3,train,1
918,2018-07-09,3,train,1
919,2018-07-09,3,train,1
920,2018-07-09,3,train,1
921,2018-07-09,3,train,1
922,2018-07-09,3,train,1
923,2018-07-09,3,train,1
924,2018-07-09,3,train,1
925,2018-07-09,3,train,1
926,2018-07-09,3,train,1
927,2018-07-09,3,train,1
928,2018-07-09,3,train,1
929,2018-07-09,3,train,1
930,2018-07-09,3,train,1
931,2018-07-09,3,train,1
932,2018-07-09,3,train,1
933,2018-07-09,3,train,1
934,2018-07-09,3,train,1
935,2018-07-09,3,train,1
936,2018-07-09,3,train,1
937,2018-07-10,3,train,1
938,2018-07-10,3,train,1
939,2018-07-10,3,train,1
940,2018-07-10,3,train,1
941,2018-07-10,3,train,1
942,2018-07-10,3,train,1
943,2018-07-10,3,train,1
944,2018-07-10,3,train,1
945,2018-07-10,3,train,1
946,2018-07-10,3,train,1
947,2018-07-10,3,train,1
948,2018-07-10,3,train,1
949,2018-07-10,3,train,1
950,2018-07-10,3,train,1
951,2018-07-10,3,train,1
952,2018-07-10,3,train,1
953,2018-07-10,3,train,1
954,2018-07-10,3,train,1
955,2018-07-10,3,train,1
956,2018-07-10,3,train,1
957,2018-07-10,3,train,1
958,2018-07-10,3,train,1
959,2018-07-10,3,train,1
960,2018-07-10,3,train,1
961,2018-07-11,3,train,1
962,2018-07-11,3,train,1
963,2018-07-11,3,train,1
964,2018-07-11,3,train,1
965,2018-07-11,3,train,1
966,2018-07-11,3,train,1
967,2018-07-11,3,train,1
968,2018-07-11,3,train,1
969,2018-07-11,3,train,1
970,2018-07-11,3,train,1
971,2018-07-11,3,train,1
972,2018-07-11,3,train,1
973,2018-07-11,3,train,1
974,2018-07-11,3,train,1
975,2018-07-11,3,train,1
976,2018-07-11,3,train,1
977,2018-07-11,3,train,1
978,2018-07-11,3,train,1
979,2018-07-11,3,train,1
980,2018-07-11,3,train,1
981,2018-07-11,3,train,1
982,2018-07-11,3,train,1
983,2018-07-11,3,train,1
984,2018-07-11,3,train,1
985,2018-07-12,3,train,1
986,2018-07-12,3,train,1
987,2018-07-12,3,train,1
988,2018-07-12,3,train,1
989,2018-07-12,3,train,1
990,2018-07-12,3,train,1
991,2018-07-12,3,train,1
992,2018-07-12,3,train,1
993,2018-07-12,3,train,1
994,2018-07-12,3,train,1
995,2018-07-12,3,train,1
996,2018-07-12,3,train,1
997,2018-07-12,3,train,1
998,2018-07-12,3,train,1
999,2018-07-12,3,train,1
1000,2018-07-12,3,train,1
1001,2018-07-12,3,train,1
1002,2018-07-12,3,train,1
1003,2018-07-12,3,train,1
1004,2018-07-12,3,train,1
1005,2018-07-12,3,train,1
1006,2018-07-12,3,train,1
1007,2018-07-12,3,train,1
1008,2018-07-12,3,train,1
1009,2018-07-13,3,train,1
1010,2018-07-13,3,train,1
1011,2018-07-13,3,train,1
1012,2018-07-13,3,train,1
1013,2018-07-13,3,train,1
1014,2018-07-13,3,train,1
1015,2018-07-13,3,train,1
1016,2018-07-13,3,train,1
1017,2018-07-13,3,train,1
1018,2018-07-13,3,train,1
1019,2018-07-13,3,train,1
1020,2018-07-13,3,train,1
1021,2018-07-13,3,train,1
1022,2018-07-13,3,train,1
1023,2018-07-13,3,train,1
1024,2018-07-13,3,train,1
1025,2018-07-13,3,train,1
1026,2018-07-13,3,train,1
1027,2018-07-13,3,train,1
1028,2018-07-13,3,train,1
1029,2018-07-13,3,train,1
1030,2018-07-13,3,train,1
1031,2018-07-13,3,train,1
1032,2018-07-13,3,train,1
1033,2018-07-14,3,train,1
1034,2018-07-14,3,train,1
1035,2018-07-14,3,train,1
1036,2018-07-14,3,train,1
1037,2018-07-14,3,train,1
1038,2018-07-14,3,train,1
1039,2018-07-14,3,train,1
1040,2018-07-14,3,train,1
1041,2018-07-14,3,train,1
1042,2018-07-14,3,train,1
1043,2018-07-14,3,train,1
1044,2018-07-14,3,train,1
1045,2018-07-14,3,train,1
1046,2018-07-14,3,train,1
1047,2018-07-14,3,train,1
1048,2018-07-14,3,train,1
1049,2018-07-14,3,train,1
1050,2018-07-14,3,train,1
1051,2018-07-14,3,train,1
1052,2018-07-14,3,train,1
1053,2018-07-14,3,train,1
1054,2018-07-14,3,train,1
1055,2018-07-14,3,train,1
1056,2018-07-14,3,train,1
1057,2018-07-15,3,train,1
1058,2018-07-15,3,train,1
1059,2018-07-15,3,train,1
1060,2018-07-15,3,train,1
1061,2018-07-15,3,train,1
1062,2018-07-15,3,train,1
1063,2018-07-15,3,train,1
1064,2018-07-15,3,train,1
1065,2018-07-15,3,train,1
1066,2018-07-15,3,train,1
1067,2018-07-15,3,train,1
1068,2018-07-15,3,train,1
1069,2018-07-15,3,train,1
1070,2018-07-15,3,train,1
1071,2018-07-15,3,train,1
1072,2018-07-15,3,train,1
1073,2018-07-15,3,train,1
1074,2018-07-15,3,train,1
1075,2018-07-15,3,train,1
1076,2018-07-15,3,train,1
1077,2018-07-15,3,train,1
1078,2018-07-15,3,train,1
1079,2018-07-15,3,train,1
1080,2018-07-15,3,train,1
1081,2018-07-16,3,train,1
1082,2018-07-16,3,train,1
1083,2018-07-16,3,train,1
1084,2018-07-16,3,train,1
1085,2018-07-16,3,train,1
1086,2018-07-16,3,train,1
1087,2018-07-16,3,train,1
1088,2018-07-16,3,train,1
1089,2018-07-16,3,train,1
1090,2018-07-16,3,train,1
1091,2018-07-16,3,train,1
1092,2018-07-16,3,train,1
1093,2018-07-16,3,train,1
1094,2018-07-16,3,train,1
1095,2018-07-16,3,train,1
1096,2018-07-16,3,train,1
1097,2018-07-16,3,train,1
1098,2018-07-16,3,train,1
1099,2018-07-16,3,train,1
1100,2018-07-16,3,train,1
1101,2018-07-16,3,train,1
1102,2018-07-16,3,train,1
1103,2018-07-16,3,train,1
1104,2018-07-16,3,train,1
1105,2018-07-17,3,train,1
1106,2018-07-17,3,train,1
1107,2018-07-17,3,train,1
1108,2018-07-17,3,train,1
1109,2018-07-17,3,train,1
1110,2018-07-17,3,train,1
1111,2018-07-17,3,train,1
1112,2018-07-17,3,train,1
1113,2018-07-17,3,train,1
1114,2018-07-17,3,train,1
1115,2018-07-17,3,train,1
1116,2018-07-17,3,train,1
1117,2018-07-17,3,train,1
1118,2018-07-17,3,train,1
1119,2018-07-17,3,train,1
1120,2018-07-17,3,train,1
1121,2018-07-17,3,train,1
1122,2018-07-17,3,train,1
1123,2018-07-17,3,train,1
1124,2018-07-17,3,train,1
1125,2018-07-17,3,train,1
1126,2018-07-17,3,train,1
1127,2018-07-17,3,train,1
1128,2018-07-17,3,train,1
1129,2018-07-18,3,train,1
1130,2018-07-18,3,train,1
1131,2018-07-18,3,train,1
1132,2018-07-18,3,train,1
1133,2018-07-18,3,train,1
1134,2018-07-18,3,train,1
1135,2018-07-18,3,train,1
1136,2018-07-18,3,train,1
1137,2018-07-18,3,train,1
1138,2018-07-18,3,train,1
1139,2018-07-18,3,train,1
1140,2018-07-18,3,train,1
1141,2018-07-18,3,train,1
1142,2018-07-18,3,train,1
1143,2018-07-18,3,train,1
1144,2018-07-18,3,train,1
1145,2018-07-18,3,train,1
1146,2018-07-18,3,train,1
1147,2018-07-18,3,train,1
1148,2018-07-18,3,train,1
1149,2018-07-18,3,train,1
1150,2018-07-18,3,train,1
1151,2018-07-18,3,train,1
1152,2018-07-18,3,train,1
1153,2018-07-19,3,train,1
1154,2018-07-19,3,train,1
1155,2018-07-19,3,train,1
1156,2018-07-19,3,train,1
1157,2018-07-19,3,train,1
1158,2018-07-19,3,train,1
1159,2018-07-19,3,train,1
1160,2018-07-19,3,train,1
1161,2018-07-19,3,train,1
1162,2018-07-19,3,train,1
1163,2018-07-19,3,train,1
1164,2018-07-19,3,train,1
1165,2018-07-19,3,train,1
1166,2018-07-19,3,train,1
1167,2018-07-19,3,train,1
1168,2018-07-19,3,train,1
1169,2018-07-19,3,train,1
1170,2018-07-19,3,train,1
1171,2018-07-19,3,train,1
1172,2018-07-19,3,train,1
1173,2018-07-19,3,train,1
1174,2018-07-19,3,train,1
1175,2018-07-19,3,train,1
1176,2018-07-19,3,train,1
1177,2018-07-20,3,train,1
1178,2018-07-20,3,train,1
1179,2018-07-20,3,train,1
1180,2018-07-20,3,train,1
1181,2018-07-20,3,train,1
1182,2018-07-20,3,train,1
1183,2018-07-20,3,train,1
1184,2018-07-20,3,train,1
1185,2018-07-20,3,train,1
1186,2018-07-20,3,train,1
1187,2018-07-20,3,train,1
1188,2018-07-20,3,train,1
1189,2018-07-20,3,train,1
1190,2018-07-20,3,train,1
1191,2018-07-20,3,train,1
1192,2018-07-20,3,train,1
1193,2018-07-20,3,train,1
1194,2018-07-20,3,train,1
1195,2018-07-20,3,train,1
1196,2018-07-20,3,train,1
1197,2018-07-20,3,train,1
1198,2018-07-20,3,train,1
1199,2018-07-20,3,train,1
1200,2018-07-20,3,train,1
1201,2018-07-21,3,train,1
1202,2018-07-21,3,train,1
1203,2018-07-21,3,train,1
1204,2018-07-21,3,train,1
1205,2018-07-21,3,train,1
1206,2018-07-21,3,train,1
1207,2018-07-21,3,train,1
1208,2018-07-21,3,train,1
1209,2018-07-21,3,train,1
1210,2018-07-21,3,train,1
1211,2018-07-21,3,train,1
1212,2018-07-21,3,train,1
1213,2018-07-21,3,train,1
1214,2018-07-21,3,train,1
1215,2018-07-21,3,train,1
1216,2018-07-21,3,train,1
1217,2018-07-21,3,train,1
1218,2018-07-21,3,train,1
1219,2018-07-21,3,train,1
1220,2018-07-21,3,train,1
1221,2018-07-21,3,train,1
1222,2018-07-21,3,train,1
1223,2018-07-21,3,train,1
1224,2018-07-21,3,train,1
1225,2018-07-22,3,train,1
1226,2018-07-22,3,train,1
1227,2018-07-22,3,train,1
1228,2018-07-22,3,train,1
1229,2018-07-22,3,train,1
1230,2018-07-22,3,train,1
1231,2018-07-22,3,train,1
1232,2018-07-22,3,train,1
1233,2018-07-22,3,train,1
1234,2018-07-22,3,train,1
1235,2018-07-22,3,train,1
1236,2018-07-22,3,train,1
1237,2018-07-22,3,train,1
1238,2018-07-22,3,train,1
1239,2018-07-22,3,train,1
1240,2018-07-22,3,train,1
1241,2018-07-22,3,train,1
1242,2018-07-22,3,train,1
1243,2018-07-22,3,train,1
1244,2018-07-22,3,train,1
1245,2018-07-22,3,train,1
1246,2018-07-22,3,train,1
1247,2018-07-22,3,train,1
1248,2018-07-22,3,train,1
1249,2018-07-23,3,train,1
1250,2018-07-23,3,train,1
1251,2018-07-23,3,train,1
1252,2018-07-23,3,train,1
1253,2018-07-23,3,train,1
1254,2018-07-23,3,train,1
1255,2018-07-23,3,train,1
1256,2018-07-23,3,train,1
1257,2018-07-23,3,train,1
1258,2018-07-23,3,train,1
1259,2018-07-23,3,train,1
1260,2018-07-23,3,train,1
1261,2018-07-23,3,train,1
1262,2018-07-23,3,train,1
1263,2018-07-23,3,train,1
1264,2018-07-23,3,train,1
1265,2018-07-23,3,train,1
1266,2018-07-23,3,train,1
1267,2018-07-23,3,train,1
1268,2018-07-23,3,train,1
1269,2018-07-23,3,train,1
1270,2018-07-23,3,train,1
1271,2018-07-23,3,train,1
1272,2018-07-23,3,train,1
1273,2018-07-24,3,train,1
1274,2018-07-24,3,train,1
1275,2018-07-24,3,train,1
1276,2018-07-24,3,train,1
1277,2018-07-24,3,train,1
1278,2018-07-24,3,train,1
1279,2018-07-24,3,train,1
1280,2018-07-24,3,train,1
1281,2018-07-24,3,train,1
1282,2018-07-24,3,train,1
1283,2018-07-24,3,train,1
1284,2018-07-24,3,train,1
1285,2018-07-24,3,train,1
1286,2018-07-24,3,train,1
1287,2018-07-24,3,train,1
1288,2018-07-24,3,train,1
1289,2018-07-24,3,train,1
1290,2018-07-24,3,train,1
1291,2018-07-24,3,train,1
1292,2018-07-24,3,train,1
1293,2018-07-24,3,train,1
1294,2018-07-24,3,train,1
1295,2018-07-24,3,train,1
1296,2018-07-24,3,train,1
1297,2018-07-25,3,train,1
1298,2018-07-25,3,train,1
1299,2018-07-25,3,train,1
1300,2018-07-25,3,train,1
1301,2018-07-25,3,train,1
1302,2018-07-25,3,train,1
1303,2018-07-25,3,train,1
1304,2018-07-25,3,train,1
1305,2018-07-25,3,train,1
1306,2018-07-25,3,train,1
1307,2018-07-25,3,train,1
1308,2018-07-25,3,train,1
1309,2018-07-25,3,train,1
1310,2018-07-25,3,train,1
1311,2018-07-25,3,train,1
1312,2018-07-25,3,train,1
1313,2018-07-25,3,train,1
1314,2018-07-25,3,train,1
1315,2018-07-25,3,train,1
1316,2018-07-25,3,train,1
1317,2018-07-25,3,train,1
1318,2018-07-25,3,train,1
1319,2018-07-25,3,train,1
1320,2018-07-25,3,train,1
1321,2018-07-26,3,train,1
1322,2018-07-26,3,train,1
1323,2018-07-26,3,train,1
1324,2018-07-26,3,train,1
1325,2018-07-26,3,train,1
1326,2018-07-26,3,train,1
1327,2018-07-26,3,train,1
1328,2018-07-26,3,train,1
1329,2018-07-26,3,train,1
1330,2018-07-26,3,train,1
1331,2018-07-26,3,train,1
1332,2018-07-26,3,train,1
1333,2018-07-26,3,train,1
1334,2018-07-26,3,train,1
1335,2018-07-26,3,train,1
1336,2018-07-26,3,train,1
1337,2018-07-26,3,train,1
1338,2018-07-26,3,train,1
1339,2018-07-26,3,train,1
1340,2018-07-26,3,train,1
1341,2018-07-26,3,train,1
1342,2018-07-26,3,train,1
1343,2018-07-26,3,train,1
1344,2018-07-26,3,train,1
1345,2018-07-27,3,train,1
1346,2018-07-27,3,train,1
1347,2018-07-27,3,train,1
1348,2018-07-27,3,train,1
1349,2018-07-27,3,train,1
1350,2018-07-27,3,train,1
1351,2018-07-27,3,train,1
1352,2018-07-27,3,train,1
1353,2018-07-27,3,train,1
1354,2018-07-27,3,train,1
1355,2018-07-27,3,train,1
1356,2018-07-27,3,train,1
1357,2018-07-27,3,train,1
1358,2018-07-27,3,train,1
1359,2018-07-27,3,train,1
1360,2018-07-27,3,train,1
1361,2018-07-27,3,train,1
1362,2018-07-27,3,train,1
1363,2018-07-27,3,train,1
1364,2018-07-27,3,train,1
1365,2018-07-27,3,train,1
1366,2018-07-27,3,train,1
1367,2018-07-27,3,train,1
1368,2018-07-27,3,train,1
1369,2018-07-28,3,train,1
1370,2018-07-28,3,train,1
1371,2018-07-28,3,train,1
1372,2018-07-28,3,train,1
1373,2018-07-28,3,train,1
1374,2018-07-28,3,train,1
1375,2018-07-28,3,train,1
1376,2018-07-28,3,train,1
1377,2018-07-28,3,train,1
1378,2018-07-28,3,train,1
1379,2018-07-28,3,train,1
1380,2018-07-28,3,train,1
1381,2018-07-28,3,train,1
1382,2018-07-28,3,train,1
1383,2018-07-28,3,train,1
1384,2018-07-28,3,train,1
1385,2018-07-28,3,train,1
1386,2018-07-28,3,train,1
1387,2018-07-28,3,train,1
1388,2018-07-28,3,train,1
1389,2018-07-28,3,train,1
1390,2018-07-28,3,train,1
1391,2018-07-28,3,train,1
1392,2018-07-28,3,train,1
1393,2018-07-29,3,train,1
1394,2018-07-29,3,train,1
1395,2018-07-29,3,train,1
1396,2018-07-29,3,train,1
1397,2018-07-29,3,train,1
1398,2018-07-29,3,train,1
1399,2018-07-29,3,train,1
1400,2018-07-29,3,train,1
1401,2018-07-29,3,train,1
1402,2018-07-29,3,train,1
1403,2018-07-29,3,train,1
1404,2018-07-29,3,train,1
1405,2018-07-29,3,train,1
1406,2018-07-29,3,train,1
1407,2018-07-29,3,train,1
1408,2018-07-29,3,train,1
1409,2018-07-29,3,train,1
1410,2018-07-29,3,train,1
1411,2018-07-29,3,train,1
1412,2018-07-29,3,train,1
1413,2018-07-29,3,train,1
1414,2018-07-29,3,train,1
1415,2018-07-29,3,train,1
1416,2018-07-29,3,train,1
1417,2018-07-30,3,train,1
1418,2018-07-30,3,train,1
1419,2018-07-30,3,train,1
1420,2018-07-30,3,train,1
1421,2018-07-30,3,train,1
1422,2018-07-30,3,train,1
1423,2018-07-30,3,train,1
1424,2018-07-30,3,train,1
1425,2018-07-30,3,train,1
1426,2018-07-30,3,train,1
1427,2018-07-30,3,train,1
1428,2018-07-30,3,train,1
1429,2018-07-30,3,train,1
1430,2018-07-30,3,train,1
1431,2018-07-30,3,train,1
1432,2018-07-30,3,train,1
1433,2018-07-30,3,train,1
1434,2018-07-30,3,train,1
1435,2018-07-30,3,train,1
1436,2018-07-30,3,train,1
1437,2018-07-30,3,train,1
1438,2018-07-30,3,train,1
1439,2018-07-30,3,train,1
1440,2018-07-30,3,train,1
1441,2018-07-31,3,train,1
1442,2018-07-31,3,train,1
1443,2018-07-31,3,train,1
1444,2018-07-31,3,train,1
1445,2018-07-31,3,train,1
1446,2018-07-31,3,train,1
1447,2018-07-31,3,train,1
1448,2018-07-31,3,train,1
1449,2018-07-31,3,train,1
1450,2018-07-31,3,train,1
1451,2018-07-31,3,train,1
1452,2018-07-31,3,train,1
1453,2018-07-31,3,train,1
1454,2018-07-31,3,train,1
1455,2018-07-31,3,train,1
1456,2018-07-31,3,train,1
1457,2018-07-31,3,train,1
1458,2018-07-31,3,train,1
1459,2018-07-31,3,train,1
1460,2018-07-31,3,train,1
1461,2018-07-31,3,train,1
1462,2018-07-31,3,train,1
1463,2018-07-31,3,train,1
1464,2018-07-31,3,train,1
1465,2018-08-01,3,train,1
1466,2018-08-01,3,train,1
1467,2018-08-01,3,train,1
1468,2018-08-01,3,train,1
1469,2018-08-01,3,train,1
1470,2018-08-01,3,train,1
1471,2018-08-01,3,train,1
1472,2018-08-01,3,train,1
1473,2018-08-01,3,train,1
1474,2018-08-01,3,train,1
1475,2018-08-01,3,train,1
1476,2018-08-01,3,train,1
1477,2018-08-01,3,train,1
1478,2018-08-01,3,train,1
1479,2018-08-01,3,train,1
1480,2018-08-01,3,train,1
1481,2018-08-01,3,train,1
1482,2018-08-01,3,train,1
1483,2018-08-01,3,train,1
1484,2018-08-01,3,train,1
1485,2018-08-01,3,train,1
1486,2018-08-01,3,train,1
1487,2018-08-01,3,train,1
1488,2018-08-01,3,train,1
1489,2018-08-02,3,train,1
1490,2018-08-02,3,train,1
1491,2018-08-02,3,train,1
1492,2018-08-02,3,train,1
1493,2018-08-02,3,train,1
1494,2018-08-02,3,train,1
1495,2018-08-02,3,train,1
1496,2018-08-02,3,train,1
1497,2018-08-02,3,train,1
1498,2018-08-02,3,train,1
1499,2018-08-02,3,train,1
1500,2018-08-02,3,train,1
1501,2018-08-02,3,train,1
1502,2018-08-02,3,train,1
1503,2018-08-02,3,train,1
1504,2018-08-02,3,train,1
1505,2018-08-02,3,train,1
1506,2018-08-02,3,train,1
1507,2018-08-02,3,train,1
1508,2018-08-02,3,train,1
1509,2018-08-02,3,train,1
1510,2018-08-02,3,train,1
1511,2018-08-02,3,train,1
1512,2018-08-02,3,train,1
1513,2018-08-03,3,train,1
1514,2018-08-03,3,train,1
1515,2018-08-03,3,train,1
1516,2018-08-03,3,train,1
1517,2018-08-03,3,train,1
1518,2018-08-03,3,train,1
1519,2018-08-03,3,train,1
1520,2018-08-03,3,train,1
1521,2018-08-03,3,train,1
1522,2018-08-03,3,train,1
1523,2018-08-03,3,train,1
1524,2018-08-03,3,train,1
1525,2018-08-03,3,train,1
1526,2018-08-03,3,train,1
1527,2018-08-03,3,train,1
1528,2018-08-03,3,train,1
1529,2018-08-03,3,train,1
1530,2018-08-03,3,train,1
1531,2018-08-03,3,train,1
1532,2018-08-03,3,train,1
1533,2018-08-03,3,train,1
1534,2018-08-03,3,train,1
1535,2018-08-03,3,train,1
1536,2018-08-03,3,train,1
1537,2018-08-04,3,train,1
1538,2018-08-04,3,train,1
1539,2018-08-04,3,train,1
1540,2018-08-04,3,train,1
1541,2018-08-04,3,train,1
1542,2018-08-04,3,train,1
1543,2018-08-04,3,train,1
1544,2018-08-04,3,train,1
1545,2018-08-04,3,train,1
1546,2018-08-04,3,train,1
1547,2018-08-04,3,train,1
1548,2018-08-04,3,train,1
1549,2018-08-04,3,train,1
1550,2018-08-04,3,train,1
1551,2018-08-04,3,train,1
1552,2018-08-04,3,train,1
1553,2018-08-04,3,train,1
1554,2018-08-04,3,train,1
1555,2018-08-04,3,train,1
1556,2018-08-04,3,train,1
1557,2018-08-04,3,train,1
1558,2018-08-04,3,train,1
1559,2018-08-04,3,train,1
1560,2018-08-04,3,train,1
1561,2018-08-05,3,train,1
1562,2018-08-05,3,train,1
1563,2018-08-05,3,train,1
1564,2018-08-05,3,train,1
1565,2018-08-05,3,train,1
1566,2018-08-05,3,train,1
1567,2018-08-05,3,train,1
1568,2018-08-05,3,train,1
1569,2018-08-05,3,train,1
1570,2018-08-05,3,train,1
1571,2018-08-05,3,train,1
1572,2018-08-05,3,train,1
1573,2018-08-05,3,train,1
1574,2018-08-05,3,train,1
1575,2018-08-05,3,train,1
1576,2018-08-05,3,train,1
1577,2018-08-05,3,train,1
1578,2018-08-05,3,train,1
1579,2018-08-05,3,train,1
1580,2018-08-05,3,train,1
1581,2018-08-05,3,train,1
1582,2018-08-05,3,train,1
1583,2018-08-05,3,train,1
1584,2018-08-05,3,train,1
1585,2018-08-06,3,train,1
1586,2018-08-06,3,train,1
1587,2018-08-06,3,train,1
1588,2018-08-06,3,train,1
1589,2018-08-06,3,train,1
1590,2018-08-06,3,train,1
1591,2018-08-06,3,train,1
1592,2018-08-06,3,train,1
1593,2018-08-06,3,train,1
1594,2018-08-06,3,train,1
1595,2018-08-06,3,train,1
1596,2018-08-06,3,train,1
1597,2018-08-06,3,train,1
1598,2018-08-06,3,train,1
1599,2018-08-06,3,train,1
1600,2018-08-06,3,train,1
1601,2018-08-06,3,train,1
1602,2018-08-06,3,train,1
1603,2018-08-06,3,train,1
1604,2018-08-06,3,train,1
1605,2018-08-06,3,train,1
1606,2018-08-06,3,train,1
1607,2018-08-06,3,train,1
1608,2018-08-06,3,train,1
1609,2018-08-07,3,train,1
1610,2018-08-07,3,train,1
1611,2018-08-07,3,train,1
1612,2018-08-07,3,train,1
1613,2018-08-07,3,train,1
1614,2018-08-07,3,train,1
1615,2018-08-07,3,train,1
1616,2018-08-07,3,train,1
1617,2018-08-07,3,train,1
1618,2018-08-07,3,train,1
1619,2018-08-07,3,train,1
1620,2018-08-07,3,train,1
1621,2018-08-07,3,train,1
1622,2018-08-07,3,train,1
1623,2018-08-07,3,train,1
1624,2018-08-07,3,train,1
1625,2018-08-07,3,train,1
1626,2018-08-07,3,train,1
1627,2018-08-07,3,train,1
1628,2018-08-07,3,train,1
1629,2018-08-07,3,train,1
1630,2018-08-07,3,train,1
1631,2018-08-07,3,train,1
1632,2018-08-07,3,train,1
1633,2018-08-08,3,train,1
1634,2018-08-08,3,train,1
1635,2018-08-08,3,train,1
1636,2018-08-08,3,train,1
1637,2018-08-08,3,train,1
1638,2018-08-08,3,train,1
1639,2018-08-08,3,train,1
1640,2018-08-08,3,train,1
1641,2018-08-08,3,train,1
1642,2018-08-08,3,train,1
1643,2018-08-08,3,train,1
1644,2018-08-08,3,train,1
1645,2018-08-08,3,train,1
1646,2018-08-08,3,train,1
1647,2018-08-08,3,train,1
1648,2018-08-08,3,train,1
1649,2018-08-08,3,train,1
1650,2018-08-08,3,train,1
1651,2018-08-08,3,train,1
1652,2018-08-08,3,train,1
1653,2018-08-08,3,train,1
1654,2018-08-08,3,train,1
1655,2018-08-08,3,train,1
1656,2018-08-08,3,train,1
1657,2018-08-09,3,train,1
1658,2018-08-09,3,train,1
1659,2018-08-09,3,train,1
1660,2018-08-09,3,train,1
1661,2018-08-09,3,train,1
1662,2018-08-09,3,train,1
1663,2018-08-09,3,train,1
1664,2018-08-09,3,train,1
1665,2018-08-09,3,train,1
1666,2018-08-09,3,train,1
1667,2018-08-09,3,train,1
1668,2018-08-09,3,train,1
1669,2018-08-09,3,train,1
1670,2018-08-09,3,train,1
1671,2018-08-09,3,train,1
1672,2018-08-09,3,train,1
1673,2018-08-09,3,train,1
1674,2018-08-09,3,train,1
1675,2018-08-09,3,train,1
1676,2018-08-09,3,train,1
1677,2018-08-09,3,train,1
1678,2018-08-09,3,train,1
1679,2018-08-09,3,train,1
1680,2018-08-09,3,train,1
1681,2018-08-10,3,train,1
1682,2018-08-10,3,train,1
1683,2018-08-10,3,train,1
1684,2018-08-10,3,train,1
1685,2018-08-10,3,train,1
1686,2018-08-10,3,train,1
1687,2018-08-10,3,train,1
1688,2018-08-10,3,train,1
1689,2018-08-10,3,train,1
1690,2018-08-10,3,train,1
1691,2018-08-10,3,train,1
1692,2018-08-10,3,train,1
1693,2018-08-10,3,train,1
1694,2018-08-10,3,train,1
1695,2018-08-10,3,train,1
1696,2018-08-10,3,train,1
1697,2018-08-10,3,train,1
1698,2018-08-10,3,train,1
1699,2018-08-10,3,train,1
1700,2018-08-10,3,train,1
1701,2018-08-10,3,train,1
1702,2018-08-10,3,train,1
1703,2018-08-10,3,train,1
1704,2018-08-10,3,train,1
1705,2018-08-11,3,train,1
1706,2018-08-11,3,train,1
1707,2018-08-11,3,train,1
1708,2018-08-11,3,train,1
1709,2018-08-11,3,train,1
1710,2018-08-11,3,train,1
1711,2018-08-11,3,train,1
1712,2018-08-11,3,train,1
1713,2018-08-11,3,train,1
1714,2018-08-11,3,train,1
1715,2018-08-11,3,train,1
1716,2018-08-11,3,train,1
1717,2018-08-11,3,train,1
1718,2018-08-11,3,train,1
1719,2018-08-11,3,train,1
1720,2018-08-11,3,train,1
1721,2018-08-11,3,train,1
1722,2018-08-11,3,train,1
1723,2018-08-11,3,train,1
1724,2018-08-11,3,train,1
1725,2018-08-11,3,train,1
1726,2018-08-11,3,train,1
1727,2018-08-11,3,train,1
1728,2018-08-11,3,train,1
1729,2018-08-12,3,train,1
1730,2018-08-12,3,train,1
1731,2018-08-12,3,train,1
1732,2018-08-12,3,train,1
1733,2018-08-12,3,train,1
1734,2018-08-12,3,train,1
1735,2018-08-12,3,train,1
1736,2018-08-12,3,train,1
1737,2018-08-12,3,train,1
1738,2018-08-12,3,train,1
1739,2018-08-12,3,train,1
1740,2018-08-12,3,train,1
1741,2018-08-12,3,train,1
1742,2018-08-12,3,train,1
1743,2018-08-12,3,train,1
1744,2018-08-12,3,train,1
1745,2018-08-12,3,train,1
1746,2018-08-12,3,train,1
1747,2018-08-12,3,train,1
1748,2018-08-12,3,train,1
1749,2018-08-12,3,train,1
1750,2018-08-12,3,train,1
1751,2018-08-12,3,train,1
1752,2018-08-12,3,train,1
1753,2018-08-13,3,train,1
1754,2018-08-13,3,train,1
1755,2018-08-13,3,train,1
1756,2018-08-13,3,train,1
1757,2018-08-13,3,train,1
1758,2018-08-13,3,train,1
1759,2018-08-13,3,train,1
1760,2018-08-13,3,train,1
1761,2018-08-13,3,train,1
1762,2018-08-13,3,train,1
1763,2018-08-13,3,train,1
1764,2018-08-13,3,train,1
1765,2018-08-13,3,train,1
1766,2018-08-13,3,train,1
1767,2018-08-13,3,train,1
1768,2018-08-13,3,train,1
1769,2018-08-13,3,train,1
1770,2018-08-13,3,train,1
1771,2018-08-13,3,train,1
1772,2018-08-13,3,train,1
1773,2018-08-13,3,train,1
1774,2018-08-13,3,train,1
1775,2018-08-13,3,train,1
1776,2018-08-13,3,train,1
1777,2018-08-14,3,train,1
1778,2018-08-14,3,train,1
1779,2018-08-14,3,train,1
1780,2018-08-14,3,train,1
1781,2018-08-14,3,train,1
1782,2018-08-14,3,train,1
1783,2018-08-14,3,train,1
1784,2018-08-14,3,train,1
1785,2018-08-14,3,train,1
1786,2018-08-14,3,train,1
1787,2018-08-14,3,train,1
1788,2018-08-14,3,train,1
1789,2018-08-14,3,train,1
1790,2018-08-14,3,train,1
1791,2018-08-14,3,train,1
1792,2018-08-14,3,train,1
1793,2018-08-14,3,train,1
1794,2018-08-14,3,train,1
1795,2018-08-14,3,train,1
1796,2018-08-14,3,train,1
1797,2018-08-14,3,train,1
1798,2018-08-14,3,train,1
1799,2018-08-14,3,train,1
1800,2018-08-14,3,train,1
1801,2018-08-15,3,train,1
1802,2018-08-15,3,train,1
1803,2018-08-15,3,train,1
1804,2018-08-15,3,train,1
1805,2018-08-15,3,train,1
1806,2018-08-15,3,train,1
1807,2018-08-15,3,train,1
1808,2018-08-15,3,train,1
1809,2018-08-15,3,train,1
1810,2018-08-15,3,train,1
1811,2018-08-15,3,train,1
1812,2018-08-15,3,train,1
1813,2018-08-15,3,train,1
1814,2018-08-15,3,train,1
1815,2018-08-15,3,train,1
1816,2018-08-15,3,train,1
1817,2018-08-15,3,train,1
1818,2018-08-15,3,train,1
1819,2018-08-15,3,train,1
1820,2018-08-15,3,train,1
1821,2018-08-15,3,train,1
1822,2018-08-15,3,train,1
1823,2018-08-15,3,train,1
1824,2018-08-15,3,train,1
1825,2018-08-16,3,train,1
1826,2018-08-16,3,train,1
1827,2018-08-16,3,train,1
1828,2018-08-16,3,train,1
1829,2018-08-16,3,train,1
1830,2018-08-16,3,train,1
1831,2018-08-16,3,train,1
1832,2018-08-16,3,train,1
1833,2018-08-16,3,train,1
1834,2018-08-16,3,train,1
1835,2018-08-16,3,train,1
1836,2018-08-16,3,train,1
1837,2018-08-16,3,train,1
1838,2018-08-16,3,train,1
1839,2018-08-16,3,train,1
1840,2018-08-16,3,train,1
1841,2018-08-16,3,train,1
1842,2018-08-16,3,train,1
1843,2018-08-16,3,train,1
1844,2018-08-16,3,train,1
1845,2018-08-16,3,train,1
1846,2018-08-16,3,train,1
1847,2018-08-16,3,train,1
1848,2018-08-16,3,train,1
1849,2018-08-17,3,train,1
1850,2018-08-17,3,train,1
1851,2018-08-17,3,train,1
1852,2018-08-17,3,train,1
1853,2018-08-17,3,train,1
1854,2018-08-17,3,train,1
1855,2018-08-17,3,train,1
1856,2018-08-17,3,train,1
1857,2018-08-17,3,train,1
1858,2018-08-17,3,train,1
1859,2018-08-17,3,train,1
1860,2018-08-17,3,train,1
1861,2018-08-17,3,train,1
1862,2018-08-17,3,train,1
1863,2018-08-17,3,train,1
1864,2018-08-17,3,train,1
1865,2018-08-17,3,train,1
1866,2018-08-17,3,train,1
1867,2018-08-17,3,train,1
1868,2018-08-17,3,train,1
1869,2018-08-17,3,train,1
1870,2018-08-17,3,train,1
1871,2018-08-17,3,train,1
1872,2018-08-17,3,train,1
1873,2018-08-18,3,train,1
1874,2018-08-18,3,train,1
1875,2018-08-18,3,train,1
1876,2018-08-18,3,train,1
1877,2018-08-18,3,train,1
1878,2018-08-18,3,train,1
1879,2018-08-18,3,train,1
1880,2018-08-18,3,train,1
1881,2018-08-18,3,train,1
1882,2018-08-18,3,train,1
1883,2018-08-18,3,train,1
1884,2018-08-18,3,train,1
1885,2018-08-18,3,train,1
1886,2018-08-18,3,train,1
1887,2018-08-18,3,train,1
1888,2018-08-18,3,train,1
1889,2018-08-18,3,train,1
1890,2018-08-18,3,train,1
1891,2018-08-18,3,train,1
1892,2018-08-18,3,train,1
1893,2018-08-18,3,train,1
1894,2018-08-18,3,train,1
1895,2018-08-18,3,train,1
1896,2018-08-18,3,train,1
1897,2018-08-19,3,train,1
1898,2018-08-19,3,train,1
1899,2018-08-19,3,train,1
1900,2018-08-19,3,train,1
1901,2018-08-19,3,train,1
1902,2018-08-19,3,train,1
1903,2018-08-19,3,train,1
1904,2018-08-19,3,train,1
1905,2018-08-19,3,train,1
1906,2018-08-19,3,train,1
1907,2018-08-19,3,train,1
1908,2018-08-19,3,train,1
1909,2018-08-19,3,train,1
1910,2018-08-19,3,train,1
1911,2018-08-19,3,train,1
1912,2018-08-19,3,train,1
1913,2018-08-19,3,train,1
1914,2018-08-19,3,train,1
1915,2018-08-19,3,train,1
1916,2018-08-19,3,train,1
1917,2018-08-19,3,train,1
1918,2018-08-19,3,train,1
1919,2018-08-19,3,train,1
1920,2018-08-19,3,train,1
1921,2018-08-20,3,train,1
1922,2018-08-20,3,train,1
1923,2018-08-20,3,train,1
1924,2018-08-20,3,train,1
1925,2018-08-20,3,train,1
1926,2018-08-20,3,train,1
1927,2018-08-20,3,train,1
1928,2018-08-20,3,train,1
1929,2018-08-20,3,train,1
1930,2018-08-20,3,train,1
1931,2018-08-20,3,train,1
1932,2018-08-20,3,train,1
1933,2018-08-20,3,train,1
1934,2018-08-20,3,train,1
1935,2018-08-20,3,train,1
1936,2018-08-20,3,train,1
1937,2018-08-20,3,train,1
1938,2018-08-20,3,train,1
1939,2018-08-20,3,train,1
1940,2018-08-20,3,train,1
1941,2018-08-20,3,train,1
1942,2018-08-20,3,train,1
1943,2018-08-20,3,train,1
1944,2018-08-20,3,train,1
1945,2018-08-21,3,train,1
1946,2018-08-21,3,train,1
1947,2018-08-21,3,train,1
1948,2018-08-21,3,train,1
1949,2018-08-21,3,train,1
1950,2018-08-21,3,train,1
1951,2018-08-21,3,train,1
1952,2018-08-21,3,train,1
1953,2018-08-21,3,train,1
1954,2018-08-21,3,train,1
1955,2018-08-21,3,train,1
1956,2018-08-21,3,train,1
1957,2018-08-21,3,train,1
1958,2018-08-21,3,train,1
1959,2018-08-21,3,train,1
1960,2018-08-21,3,train,1
1961,2018-08-21,3,train,1
1962,2018-08-21,3,train,1
1963,2018-08-21,3,train,1
1964,2018-08-21,3,train,1
1965,2018-08-21,3,train,1
1966,2018-08-21,3,train,1
1967,2018-08-21,3,train,1
1968,2018-08-21,3,train,1
1969,2018-08-22,3,train,1
1970,2018-08-22,3,train,1
1971,2018-08-22,3,train,1
1972,2018-08-22,3,train,1
1973,2018-08-22,3,train,1
1974,2018-08-22,3,train,1
1975,2018-08-22,3,train,1
1976,2018-08-22,3,train,1
1977,2018-08-22,3,train,1
1978,2018-08-22,3,train,1
1979,2018-08-22,3,train,1
1980,2018-08-22,3,train,1
1981,2018-08-22,3,train,1
1982,2018-08-22,3,train,1
1983,2018-08-22,3,train,1
1984,2018-08-22,3,train,1
1985,2018-08-22,3,train,1
1986,2018-08-22,3,train,1
1987,2018-08-22,3,train,1
1988,2018-08-22,3,train,1
1989,2018-08-22,3,train,1
1990,2018-08-22,3,train,1
1991,2018-08-22,3,train,1
1992,2018-08-22,3,train,1
1,2018-08-23,3,val,1
2,2018-08-23,3,val,1
3,2018-08-23,3,val,1
4,2018-08-23,3,val,1
5,2018-08-23,3,val,1
6,2018-08-23,3,val,1
7,2018-08-23,3,val,1
8,2018-08-23,3,val,1
9,2018-08-23,3,val,1
10,2018-08-23,3,val,1
11,2018-08-23,3,val,1
12,2018-08-23,3,val,1
13,2018-08-23,3,val,1
14,2018-08-23,3,val,1
15,2018-08-23,3,val,1
16,2018-08-23,3,val,1
17,2018-08-23,3,val,1
18,2018-08-23,3,val,1
19,2018-08-23,3,val,1
20,2018-08-23,3,val,1
21,2018-08-23,3,val,1
22,2018-08-23,3,val,1
23,2018-08-23,3,val,1
24,2018-08-23,3,val,1
25,2018-08-24,3,val,1
26,2018-08-24,3,val,1
27,2018-08-24,3,val,1
28,2018-08-24,3,val,1
29,2018-08-24,3,val,1
30,2018-08-24,3,val,1
31,2018-08-24,3,val,1
32,2018-08-24,3,val,1
33,2018-08-24,3,val,1
34,2018-08-24,3,val,1
35,2018-08-24,3,val,1
36,2018-08-24,3,val,1
37,2018-08-24,3,val,1
38,2018-08-24,3,val,1
39,2018-08-24,3,val,1
40,2018-08-24,3,val,1
41,2018-08-24,3,val,1
42,2018-08-24,3,val,1
43,2018-08-24,3,val,1
44,2018-08-24,3,val,1
45,2018-08-24,3,val,1
46,2018-08-24,3,val,1
47,2018-08-24,3,val,1
48,2018-08-24,3,val,1
49,2018-08-25,3,val,1
50,2018-08-25,3,val,1
51,2018-08-25,3,val,1
52,2018-08-25,3,val,1
53,2018-08-25,3,val,1
54,2018-08-25,3,val,1
55,2018-08-25,3,val,1
56,2018-08-25,3,val,1
57,2018-08-25,3,val,1
58,2018-08-25,3,val,1
59,2018-08-25,3,val,1
60,2018-08-25,3,val,1
61,2018-08-25,3,val,1
62,2018-08-25,3,val,1
63,2018-08-25,3,val,1
64,2018-08-25,3,val,1
65,2018-08-25,3,val,1
66,2018-08-25,3,val,1
67,2018-08-25,3,val,1
68,2018-08-25,3,val,1
69,2018-08-25,3,val,1
70,2018-08-25,3,val,1
71,2018-08-25,3,val,1
72,2018-08-25,3,val,1
73,2018-08-26,3,val,1
74,2018-08-26,3,val,1
75,2018-08-26,3,val,1
76,2018-08-26,3,val,1
77,2018-08-26,3,val,1
78,2018-08-26,3,val,1
79,2018-08-26,3,val,1
80,2018-08-26,3,val,1
81,2018-08-26,3,val,1
82,2018-08-26,3,val,1
83,2018-08-26,3,val,1
84,2018-08-26,3,val,1
85,2018-08-26,3,val,1
86,2018-08-26,3,val,1
87,2018-08-26,3,val,1
88,2018-08-26,3,val,1
89,2018-08-26,3,val,1
90,2018-08-26,3,val,1
91,2018-08-26,3,val,1
92,2018-08-26,3,val,1
93,2018-08-26,3,val,1
94,2018-08-26,3,val,1
95,2018-08-26,3,val,1
96,2018-08-26,3,val,1
1,2018-08-27,3,test,1
2,2018-08-27,3,test,1
3,2018-08-27,3,test,1
4,2018-08-27,3,test,1
5,2018-08-27,3,test,1
6,2018-08-27,3,test,1
7,2018-08-27,3,test,1
8,2018-08-27,3,test,1
9,2018-08-27,3,test,1
10,2018-08-27,3,test,1
11,2018-08-27,3,test,1
12,2018-08-27,3,test,1
13,2018-08-27,3,test,1
14,2018-08-27,3,test,1
15,2018-08-27,3,test,1
16,2018-08-27,3,test,1
17,2018-08-27,3,test,1
18,2018-08-27,3,test,1
19,2018-08-27,3,test,1
20,2018-08-27,3,test,1
21,2018-08-27,3,test,1
22,2018-08-27,3,test,1
23,2018-08-27,3,test,1
24,2018-08-27,3,test,1
25,2018-08-28,3,test,1
26,2018-08-28,3,test,1
27,2018-08-28,3,test,1
28,2018-08-28,3,test,1
29,2018-08-28,3,test,1
30,2018-08-28,3,test,1
31,2018-08-28,3,test,1
32,2018-08-28,3,test,1
33,2018-08-28,3,test,1
34,2018-08-28,3,test,1
35,2018-08-28,3,test,1
36,2018-08-28,3,test,1
37,2018-08-28,3,test,1
38,2018-08-28,3,test,1
39,2018-08-28,3,test,1
40,2018-08-28,3,test,1
41,2018-08-28,3,test,1
42,2018-08-28,3,test,1
43,2018-08-28,3,test,1
44,2018-08-28,3,test,1
45,2018-08-28,3,test,1
46,2018-08-28,3,test,1
47,2018-08-28,3,test,1
48,2018-08-28,3,test,1
49,2018-08-29,3,test,1
50,2018-08-29,3,test,1
51,2018-08-29,3,test,1
52,2018-08-29,3,test,1
53,2018-08-29,3,test,1
54,2018-08-29,3,test,1
55,2018-08-29,3,test,1
56,2018-08-29,3,test,1
57,2018-08-29,3,test,1
58,2018-08-29,3,test,1
59,2018-08-29,3,test,1
60,2018-08-29,3,test,1
61,2018-08-29,3,test,1
62,2018-08-29,3,test,1
63,2018-08-29,3,test,1
64,2018-08-29,3,test,1
65,2018-08-29,3,test,1
66,2018-08-29,3,test,1
67,2018-08-29,3,test,1
68,2018-08-29,3,test,1
69,2018-08-29,3,test,1
70,2018-08-29,3,test,1
71,2018-08-29,3,test,1
72,2018-08-29,3,test,1
73,2018-08-30,3,test,1
74,2018-08-30,3,test,1
75,2018-08-30,3,test,1
76,2018-08-30,3,test,1
77,2018-08-30,3,test,1
78,2018-08-30,3,test,1
79,2018-08-30,3,test,1
80,2018-08-30,3,test,1
81,2018-08-30,3,test,1
82,2018-08-30,3,test,1
83,2018-08-30,3,test,1
84,2018-08-30,3,test,1
85,2018-08-30,3,test,1
86,2018-08-30,3,test,1
87,2018-08-30,3,test,1
88,2018-08-30,3,test,1
89,2018-08-30,3,test,1
90,2018-08-30,3,test,1
91,2018-08-30,3,test,1
92,2018-08-30,3,test,1
93,2018-08-30,3,test,1
94,2018-08-30,3,test,1
95,2018-08-30,3,test,1
96,2018-08-30,3,test,1
97,2018-08-31,3,test,1
98,2018-08-31,3,test,1
99,2018-08-31,3,test,1
100,2018-08-31,3,test,1
101,2018-08-31,3,test,1
102,2018-08-31,3,test,1
103,2018-08-31,3,test,1
104,2018-08-31,3,test,1
105,2018-08-31,3,test,1
106,2018-08-31,3,test,1
107,2018-08-31,3,test,1
108,2018-08-31,3,test,1
109,2018-08-31,3,test,1
110,2018-08-31,3,test,1
111,2018-08-31,3,test,1
112,2018-08-31,3,test,1
113,2018-08-31,3,test,1
114,2018-08-31,3,test,1
115,2018-08-31,3,test,1
116,2018-08-31,3,test,1
117,2018-08-31,3,test,1
118,2018-08-31,3,test,1
119,2018-08-31,3,test,1
120,2018-08-31,3,test,1
1,2018-09-01,4,train,1
2,2018-09-01,4,train,1
3,2018-09-01,4,train,1
4,2018-09-01,4,train,1
5,2018-09-01,4,train,1
6,2018-09-01,4,train,1
7,2018-09-01,4,train,1
8,2018-09-01,4,train,1
9,2018-09-01,4,train,1
10,2018-09-01,4,train,1
11,2018-09-01,4,train,1
12,2018-09-01,4,train,1
13,2018-09-01,4,train,1
14,2018-09-01,4,train,1
15,2018-09-01,4,train,1
16,2018-09-01,4,train,1
17,2018-09-01,4,train,1
18,2018-09-01,4,train,1
19,2018-09-01,4,train,1
20,2018-09-01,4,train,1
21,2018-09-01,4,train,1
22,2018-09-01,4,train,1
23,2018-09-01,4,train,1
24,2018-09-01,4,train,1
25,2018-09-02,4,train,1
26,2018-09-02,4,train,1
27,2018-09-02,4,train,1
28,2018-09-02,4,train,1
29,2018-09-02,4,train,1
30,2018-09-02,4,train,1
31,2018-09-02,4,train,1
32,2018-09-02,4,train,1
33,2018-09-02,4,train,1
34,2018-09-02,4,train,1
35,2018-09-02,4,train,1
36,2018-09-02,4,train,1
37,2018-09-02,4,train,1
38,2018-09-02,4,train,1
39,2018-09-02,4,train,1
40,2018-09-02,4,train,1
41,2018-09-02,4,train,1
42,2018-09-02,4,train,1
43,2018-09-02,4,train,1
44,2018-09-02,4,train,1
45,2018-09-02,4,train,1
46,2018-09-02,4,train,1
47,2018-09-02,4,train,1
48,2018-09-02,4,train,1
49,2018-09-03,4,train,1
50,2018-09-03,4,train,1
51,2018-09-03,4,train,1
52,2018-09-03,4,train,1
53,2018-09-03,4,train,1
54,2018-09-03,4,train,1
55,2018-09-03,4,train,1
56,2018-09-03,4,train,1
57,2018-09-03,4,train,1
58,2018-09-03,4,train,1
59,2018-09-03,4,train,1
60,2018-09-03,4,train,1
61,2018-09-03,4,train,1
62,2018-09-03,4,train,1
63,2018-09-03,4,train,1
64,2018-09-03,4,train,1
65,2018-09-03,4,train,1
66,2018-09-03,4,train,1
67,2018-09-03,4,train,1
68,2018-09-03,4,train,1
69,2018-09-03,4,train,1
70,2018-09-03,4,train,1
71,2018-09-03,4,train,1
72,2018-09-03,4,train,1
73,2018-09-04,4,train,1
74,2018-09-04,4,train,1
75,2018-09-04,4,train,1
76,2018-09-04,4,train,1
77,2018-09-04,4,train,1
78,2018-09-04,4,train,1
79,2018-09-04,4,train,1
80,2018-09-04,4,train,1
81,2018-09-04,4,train,1
82,2018-09-04,4,train,1
83,2018-09-04,4,train,1
84,2018-09-04,4,train,1
85,2018-09-04,4,train,1
86,2018-09-04,4,train,1
87,2018-09-04,4,train,1
88,2018-09-04,4,train,1
89,2018-09-04,4,train,1
90,2018-09-04,4,train,1
91,2018-09-04,4,train,1
92,2018-09-04,4,train,1
93,2018-09-04,4,train,1
94,2018-09-04,4,train,1
95,2018-09-04,4,train,1
96,2018-09-04,4,train,1
97,2018-09-05,4,train,1
98,2018-09-05,4,train,1
99,2018-09-05,4,train,1
100,2018-09-05,4,train,1
101,2018-09-05,4,train,1
102,2018-09-05,4,train,1
103,2018-09-05,4,train,1
104,2018-09-05,4,train,1
105,2018-09-05,4,train,1
106,2018-09-05,4,train,1
107,2018-09-05,4,train,1
108,2018-09-05,4,train,1
109,2018-09-05,4,train,1
110,2018-09-05,4,train,1
111,2018-09-05,4,train,1
112,2018-09-05,4,train,1
113,2018-09-05,4,train,1
114,2018-09-05,4,train,1
115,2018-09-05,4,train,1
116,2018-09-05,4,train,1
117,2018-09-05,4,train,1
118,2018-09-05,4,train,1
119,2018-09-05,4,train,1
120,2018-09-05,4,train,1
121,2018-09-06,4,train,1
122,2018-09-06,4,train,1
123,2018-09-06,4,train,1
124,2018-09-06,4,train,1
125,2018-09-06,4,train,1
126,2018-09-06,4,train,1
127,2018-09-06,4,train,1
128,2018-09-06,4,train,1
129,2018-09-06,4,train,1
130,2018-09-06,4,train,1
131,2018-09-06,4,train,1
132,2018-09-06,4,train,1
133,2018-09-06,4,train,1
134,2018-09-06,4,train,1
135,2018-09-06,4,train,1
136,2018-09-06,4,train,1
137,2018-09-06,4,train,1
138,2018-09-06,4,train,1
139,2018-09-06,4,train,1
140,2018-09-06,4,train,1
141,2018-09-06,4,train,1
142,2018-09-06,4,train,1
143,2018-09-06,4,train,1
144,2018-09-06,4,train,1
145,2018-09-07,4,train,1
146,2018-09-07,4,train,1
147,2018-09-07,4,train,1
148,2018-09-07,4,train,1
149,2018-09-07,4,train,1
150,2018-09-07,4,train,1
151,2018-09-07,4,train,1
152,2018-09-07,4,train,1
153,2018-09-07,4,train,1
154,2018-09-07,4,train,1
155,2018-09-07,4,train,1
156,2018-09-07,4,train,1
157,2018-09-07,4,train,1
158,2018-09-07,4,train,1
159,2018-09-07,4,train,1
160,2018-09-07,4,train,1
161,2018-09-07,4,train,1
162,2018-09-07,4,train,1
163,2018-09-07,4,train,1
164,2018-09-07,4,train,1
165,2018-09-07,4,train,1
166,2018-09-07,4,train,1
167,2018-09-07,4,train,1
168,2018-09-07,4,train,1
169,2018-09-08,4,train,1
170,2018-09-08,4,train,1
171,2018-09-08,4,train,1
172,2018-09-08,4,train,1
173,2018-09-08,4,train,1
174,2018-09-08,4,train,1
175,2018-09-08,4,train,1
176,2018-09-08,4,train,1
177,2018-09-08,4,train,1
178,2018-09-08,4,train,1
179,2018-09-08,4,train,1
180,2018-09-08,4,train,1
181,2018-09-08,4,train,1
182,2018-09-08,4,train,1
183,2018-09-08,4,train,1
184,2018-09-08,4,train,1
185,2018-09-08,4,train,1
186,2018-09-08,4,train,1
187,2018-09-08,4,train,1
188,2018-09-08,4,train,1
189,2018-09-08,4,train,1
190,2018-09-08,4,train,1
191,2018-09-08,4,train,1
192,2018-09-08,4,train,1
193,2018-09-09,4,train,1
194,2018-09-09,4,train,1
195,2018-09-09,4,train,1
196,2018-09-09,4,train,1
197,2018-09-09,4,train,1
198,2018-09-09,4,train,1
199,2018-09-09,4,train,1
200,2018-09-09,4,train,1
201,2018-09-09,4,train,1
202,2018-09-09,4,train,1
203,2018-09-09,4,train,1
204,2018-09-09,4,train,1
205,2018-09-09,4,train,1
206,2018-09-09,4,train,1
207,2018-09-09,4,train,1
208,2018-09-09,4,train,1
209,2018-09-09,4,train,1
210,2018-09-09,4,train,1
211,2018-09-09,4,train,1
212,2018-09-09,4,train,1
213,2018-09-09,4,train,1
214,2018-09-09,4,train,1
215,2018-09-09,4,train,1
216,2018-09-09,4,train,1
217,2018-09-10,4,train,1
218,2018-09-10,4,train,1
219,2018-09-10,4,train,1
220,2018-09-10,4,train,1
221,2018-09-10,4,train,1
222,2018-09-10,4,train,1
223,2018-09-10,4,train,1
224,2018-09-10,4,train,1
225,2018-09-10,4,train,1
226,2018-09-10,4,train,1
227,2018-09-10,4,train,1
228,2018-09-10,4,train,1
229,2018-09-10,4,train,1
230,2018-09-10,4,train,1
231,2018-09-10,4,train,1
232,2018-09-10,4,train,1
233,2018-09-10,4,train,1
234,2018-09-10,4,train,1
235,2018-09-10,4,train,1
236,2018-09-10,4,train,1
237,2018-09-10,4,train,1
238,2018-09-10,4,train,1
239,2018-09-10,4,train,1
240,2018-09-10,4,train,1
241,2018-09-11,4,train,1
242,2018-09-11,4,train,1
243,2018-09-11,4,train,1
244,2018-09-11,4,train,1
245,2018-09-11,4,train,1
246,2018-09-11,4,train,1
247,2018-09-11,4,train,1
248,2018-09-11,4,train,1
249,2018-09-11,4,train,1
250,2018-09-11,4,train,1
251,2018-09-11,4,train,1
252,2018-09-11,4,train,1
253,2018-09-11,4,train,1
254,2018-09-11,4,train,1
255,2018-09-11,4,train,1
256,2018-09-11,4,train,1
257,2018-09-11,4,train,1
258,2018-09-11,4,train,1
259,2018-09-11,4,train,1
260,2018-09-11,4,train,1
261,2018-09-11,4,train,1
262,2018-09-11,4,train,1
263,2018-09-11,4,train,1
264,2018-09-11,4,train,1
265,2018-09-12,4,train,1
266,2018-09-12,4,train,1
267,2018-09-12,4,train,1
268,2018-09-12,4,train,1
269,2018-09-12,4,train,1
270,2018-09-12,4,train,1
271,2018-09-12,4,train,1
272,2018-09-12,4,train,1
273,2018-09-12,4,train,1
274,2018-09-12,4,train,1
275,2018-09-12,4,train,1
276,2018-09-12,4,train,1
277,2018-09-12,4,train,1
278,2018-09-12,4,train,1
279,2018-09-12,4,train,1
280,2018-09-12,4,train,1
281,2018-09-12,4,train,1
282,2018-09-12,4,train,1
283,2018-09-12,4,train,1
284,2018-09-12,4,train,1
285,2018-09-12,4,train,1
286,2018-09-12,4,train,1
287,2018-09-12,4,train,1
288,2018-09-12,4,train,1
289,2018-09-13,4,train,1
290,2018-09-13,4,train,1
291,2018-09-13,4,train,1
292,2018-09-13,4,train,1
293,2018-09-13,4,train,1
294,2018-09-13,4,train,1
295,2018-09-13,4,train,1
296,2018-09-13,4,train,1
297,2018-09-13,4,train,1
298,2018-09-13,4,train,1
299,2018-09-13,4,train,1
300,2018-09-13,4,train,1
301,2018-09-13,4,train,1
302,2018-09-13,4,train,1
303,2018-09-13,4,train,1
304,2018-09-13,4,train,1
305,2018-09-13,4,train,1
306,2018-09-13,4,train,1
307,2018-09-13,4,train,1
308,2018-09-13,4,train,1
309,2018-09-13,4,train,1
310,2018-09-13,4,train,1
311,2018-09-13,4,train,1
312,2018-09-13,4,train,1
313,2018-09-14,4,train,1
314,2018-09-14,4,train,1
315,2018-09-14,4,train,1
316,2018-09-14,4,train,1
317,2018-09-14,4,train,1
318,2018-09-14,4,train,1
319,2018-09-14,4,train,1
320,2018-09-14,4,train,1
321,2018-09-14,4,train,1
322,2018-09-14,4,train,1
323,2018-09-14,4,train,1
324,2018-09-14,4,train,1
325,2018-09-14,4,train,1
326,2018-09-14,4,train,1
327,2018-09-14,4,train,1
328,2018-09-14,4,train,1
329,2018-09-14,4,train,1
330,2018-09-14,4,train,1
331,2018-09-14,4,train,1
332,2018-09-14,4,train,1
333,2018-09-14,4,train,1
334,2018-09-14,4,train,1
335,2018-09-14,4,train,1
336,2018-09-14,4,train,1
337,2018-09-15,4,train,1
338,2018-09-15,4,train,1
339,2018-09-15,4,train,1
340,2018-09-15,4,train,1
341,2018-09-15,4,train,1
342,2018-09-15,4,train,1
343,2018-09-15,4,train,1
344,2018-09-15,4,train,1
345,2018-09-15,4,train,1
346,2018-09-15,4,train,1
347,2018-09-15,4,train,1
348,2018-09-15,4,train,1
349,2018-09-15,4,train,1
350,2018-09-15,4,train,1
351,2018-09-15,4,train,1
352,2018-09-15,4,train,1
353,2018-09-15,4,train,1
354,2018-09-15,4,train,1
355,2018-09-15,4,train,1
356,2018-09-15,4,train,1
357,2018-09-15,4,train,1
358,2018-09-15,4,train,1
359,2018-09-15,4,train,1
360,2018-09-15,4,train,1
361,2018-09-16,4,train,1
362,2018-09-16,4,train,1
363,2018-09-16,4,train,1
364,2018-09-16,4,train,1
365,2018-09-16,4,train,1
366,2018-09-16,4,train,1
367,2018-09-16,4,train,1
368,2018-09-16,4,train,1
369,2018-09-16,4,train,1
370,2018-09-16,4,train,1
371,2018-09-16,4,train,1
372,2018-09-16,4,train,1
373,2018-09-16,4,train,1
374,2018-09-16,4,train,1
375,2018-09-16,4,train,1
376,2018-09-16,4,train,1
377,2018-09-16,4,train,1
378,2018-09-16,4,train,1
379,2018-09-16,4,train,1
380,2018-09-16,4,train,1
381,2018-09-16,4,train,1
382,2018-09-16,4,train,1
383,2018-09-16,4,train,1
384,2018-09-16,4,train,1
385,2018-09-17,4,train,1
386,2018-09-17,4,train,1
387,2018-09-17,4,train,1
388,2018-09-17,4,train,1
389,2018-09-17,4,train,1
390,2018-09-17,4,train,1
391,2018-09-17,4,train,1
392,2018-09-17,4,train,1
393,2018-09-17,4,train,1
394,2018-09-17,4,train,1
395,2018-09-17,4,train,1
396,2018-09-17,4,train,1
397,2018-09-17,4,train,1
398,2018-09-17,4,train,1
399,2018-09-17,4,train,1
400,2018-09-17,4,train,1
401,2018-09-17,4,train,1
402,2018-09-17,4,train,1
403,2018-09-17,4,train,1
404,2018-09-17,4,train,1
405,2018-09-17,4,train,1
406,2018-09-17,4,train,1
407,2018-09-17,4,train,1
408,2018-09-17,4,train,1
409,2018-09-18,4,train,0
410,2018-09-18,4,train,0
411,2018-09-18,4,train,0
412,2018-09-18,4,train,0
413,2018-09-18,4,train,0
414,2018-09-18,4,train,0
415,2018-09-18,4,train,0
416,2018-09-18,4,train,0
417,2018-09-18,4,train,0
418,2018-09-18,4,train,0
419,2018-09-18,4,train,0
420,2018-09-18,4,train,0
421,2018-09-18,4,train,0
422,2018-09-18,4,train,0
423,2018-09-18,4,train,0
424,2018-09-18,4,train,0
425,2018-09-18,4,train,0
426,2018-09-18,4,train,0
427,2018-09-18,4,train,0
428,2018-09-18,4,train,0
429,2018-09-18,4,train,0
430,2018-09-18,4,train,0
431,2018-09-18,4,train,0
432,2018-09-18,4,train,0
433,2018-09-19,4,train,0
434,2018-09-19,4,train,0
435,2018-09-19,4,train,0
436,2018-09-19,4,train,0
437,2018-09-19,4,train,0
438,2018-09-19,4,train,0
439,2018-09-19,4,train,0
440,2018-09-19,4,train,0
441,2018-09-19,4,train,0
442,2018-09-19,4,train,0
443,2018-09-19,4,train,0
444,2018-09-19,4,train,0
445,2018-09-19,4,train,0
446,2018-09-19,4,train,0
447,2018-09-19,4,train,0
448,2018-09-19,4,train,0
449,2018-09-19,4,train,0
450,2018-09-19,4,train,0
451,2018-09-19,4,train,0
452,2018-09-19,4,train,0
453,2018-09-19,4,train,0
454,2018-09-19,4,train,0
455,2018-09-19,4,train,0
456,2018-09-19,4,train,0
457,2018-09-20,4,train,1
458,2018-09-20,4,train,1
459,2018-09-20,4,train,1
460,2018-09-20,4,train,1
461,2018-09-20,4,train,1
462,2018-09-20,4,train,1
463,2018-09-20,4,train,1
464,2018-09-20,4,train,1
465,2018-09-20,4,train,1
466,2018-09-20,4,train,1
467,2018-09-20,4,train,1
468,2018-09-20,4,train,1
469,2018-09-20,4,train,1
470,2018-09-20,4,train,1
471,2018-09-20,4,train,1
472,2018-09-20,4,train,1
473,2018-09-20,4,train,1
474,2018-09-20,4,train,1
475,2018-09-20,4,train,1
476,2018-09-20,4,train,1
477,2018-09-20,4,train,1
478,2018-09-20,4,train,1
479,2018-09-20,4,train,1
480,2018-09-20,4,train,1
481,2018-09-21,4,train,1
482,2018-09-21,4,train,1
483,2018-09-21,4,train,1
484,2018-09-21,4,train,1
485,2018-09-21,4,train,1
486,2018-09-21,4,train,1
487,2018-09-21,4,train,1
488,2018-09-21,4,train,1
489,2018-09-21,4,train,1
490,2018-09-21,4,train,1
491,2018-09-21,4,train,1
492,2018-09-21,4,train,1
493,2018-09-21,4,train,1
494,2018-09-21,4,train,1
495,2018-09-21,4,train,1
496,2018-09-21,4,train,1
497,2018-09-21,4,train,1
498,2018-09-21,4,train,1
499,2018-09-21,4,train,1
500,2018-09-21,4,train,1
501,2018-09-21,4,train,1
502,2018-09-21,4,train,1
503,2018-09-21,4,train,1
504,2018-09-21,4,train,1
505,2018-09-22,4,train,1
506,2018-09-22,4,train,1
507,2018-09-22,4,train,1
508,2018-09-22,4,train,1
509,2018-09-22,4,train,1
510,2018-09-22,4,train,1
511,2018-09-22,4,train,1
512,2018-09-22,4,train,1
513,2018-09-22,4,train,1
514,2018-09-22,4,train,1
515,2018-09-22,4,train,1
516,2018-09-22,4,train,1
517,2018-09-22,4,train,1
518,2018-09-22,4,train,1
519,2018-09-22,4,train,1
520,2018-09-22,4,train,1
521,2018-09-22,4,train,1
522,2018-09-22,4,train,1
523,2018-09-22,4,train,1
524,2018-09-22,4,train,1
525,2018-09-22,4,train,1
526,2018-09-22,4,train,1
527,2018-09-22,4,train,1
528,2018-09-22,4,train,1
529,2018-09-23,4,train,1
530,2018-09-23,4,train,1
531,2018-09-23,4,train,1
532,2018-09-23,4,train,1
533,2018-09-23,4,train,1
534,2018-09-23,4,train,1
535,2018-09-23,4,train,1
536,2018-09-23,4,train,1
537,2018-09-23,4,train,1
538,2018-09-23,4,train,1
539,2018-09-23,4,train,1
540,2018-09-23,4,train,1
541,2018-09-23,4,train,1
542,2018-09-23,4,train,1
543,2018-09-23,4,train,1
544,2018-09-23,4,train,1
545,2018-09-23,4,train,1
546,2018-09-23,4,train,1
547,2018-09-23,4,train,1
548,2018-09-23,4,train,1
549,2018-09-23,4,train,1
550,2018-09-23,4,train,1
551,2018-09-23,4,train,1
552,2018-09-23,4,train,1
553,2018-09-24,4,train,1
554,2018-09-24,4,train,1
555,2018-09-24,4,train,1
556,2018-09-24,4,train,1
557,2018-09-24,4,train,1
558,2018-09-24,4,train,1
559,2018-09-24,4,train,1
560,2018-09-24,4,train,1
561,2018-09-24,4,train,1
562,2018-09-24,4,train,1
563,2018-09-24,4,train,1
564,2018-09-24,4,train,1
565,2018-09-24,4,train,1
566,2018-09-24,4,train,1
567,2018-09-24,4,train,1
568,2018-09-24,4,train,1
569,2018-09-24,4,train,1
570,2018-09-24,4,train,1
571,2018-09-24,4,train,1
572,2018-09-24,4,train,1
573,2018-09-24,4,train,1
574,2018-09-24,4,train,1
575,2018-09-24,4,train,1
576,2018-09-24,4,train,1
577,2018-09-25,4,train,1
578,2018-09-25,4,train,1
579,2018-09-25,4,train,1
580,2018-09-25,4,train,1
581,2018-09-25,4,train,1
582,2018-09-25,4,train,1
583,2018-09-25,4,train,1
584,2018-09-25,4,train,1
585,2018-09-25,4,train,1
586,2018-09-25,4,train,1
587,2018-09-25,4,train,1
588,2018-09-25,4,train,1
589,2018-09-25,4,train,1
590,2018-09-25,4,train,1
591,2018-09-25,4,train,1
592,2018-09-25,4,train,1
593,2018-09-25,4,train,1
594,2018-09-25,4,train,1
595,2018-09-25,4,train,1
596,2018-09-25,4,train,1
597,2018-09-25,4,train,1
598,2018-09-25,4,train,1
599,2018-09-25,4,train,1
600,2018-09-25,4,train,1
601,2018-09-26,4,train,1
602,2018-09-26,4,train,1
603,2018-09-26,4,train,1
604,2018-09-26,4,train,1
605,2018-09-26,4,train,1
606,2018-09-26,4,train,1
607,2018-09-26,4,train,1
608,2018-09-26,4,train,1
609,2018-09-26,4,train,1
610,2018-09-26,4,train,1
611,2018-09-26,4,train,1
612,2018-09-26,4,train,1
613,2018-09-26,4,train,1
614,2018-09-26,4,train,1
615,2018-09-26,4,train,1
616,2018-09-26,4,train,1
617,2018-09-26,4,train,1
618,2018-09-26,4,train,1
619,2018-09-26,4,train,1
620,2018-09-26,4,train,1
621,2018-09-26,4,train,1
622,2018-09-26,4,train,1
623,2018-09-26,4,train,1
624,2018-09-26,4,train,1
625,2018-09-27,4,train,1
626,2018-09-27,4,train,1
627,2018-09-27,4,train,1
628,2018-09-27,4,train,1
629,2018-09-27,4,train,1
630,2018-09-27,4,train,1
631,2018-09-27,4,train,1
632,2018-09-27,4,train,1
633,2018-09-27,4,train,1
634,2018-09-27,4,train,1
635,2018-09-27,4,train,1
636,2018-09-27,4,train,1
637,2018-09-27,4,train,1
638,2018-09-27,4,train,1
639,2018-09-27,4,train,1
640,2018-09-27,4,train,1
641,2018-09-27,4,train,1
642,2018-09-27,4,train,1
643,2018-09-27,4,train,1
644,2018-09-27,4,train,1
645,2018-09-27,4,train,1
646,2018-09-27,4,train,1
647,2018-09-27,4,train,1
648,2018-09-27,4,train,1
649,2018-09-28,4,train,0
650,2018-09-28,4,train,0
651,2018-09-28,4,train,0
652,2018-09-28,4,train,0
653,2018-09-28,4,train,0
654,2018-09-28,4,train,0
655,2018-09-28,4,train,0
656,2018-09-28,4,train,0
657,2018-09-28,4,train,0
658,2018-09-28,4,train,0
659,2018-09-28,4,train,0
660,2018-09-28,4,train,0
661,2018-09-28,4,train,0
662,2018-09-28,4,train,0
663,2018-09-28,4,train,0
664,2018-09-28,4,train,0
665,2018-09-28,4,train,0
666,2018-09-28,4,train,0
667,2018-09-28,4,train,0
668,2018-09-28,4,train,0
669,2018-09-28,4,train,0
670,2018-09-28,4,train,0
671,2018-09-28,4,train,0
672,2018-09-28,4,train,0
673,2018-09-29,4,train,1
674,2018-09-29,4,train,1
675,2018-09-29,4,train,1
676,2018-09-29,4,train,1
677,2018-09-29,4,train,1
678,2018-09-29,4,train,1
679,2018-09-29,4,train,1
680,2018-09-29,4,train,1
681,2018-09-29,4,train,1
682,2018-09-29,4,train,1
683,2018-09-29,4,train,1
684,2018-09-29,4,train,1
685,2018-09-29,4,train,1
686,2018-09-29,4,train,1
687,2018-09-29,4,train,1
688,2018-09-29,4,train,1
689,2018-09-29,4,train,1
690,2018-09-29,4,train,1
691,2018-09-29,4,train,1
692,2018-09-29,4,train,1
693,2018-09-29,4,train,1
694,2018-09-29,4,train,1
695,2018-09-29,4,train,1
696,2018-09-29,4,train,1
697,2018-09-30,4,train,0
698,2018-09-30,4,train,0
699,2018-09-30,4,train,0
700,2018-09-30,4,train,0
701,2018-09-30,4,train,0
702,2018-09-30,4,train,0
703,2018-09-30,4,train,0
704,2018-09-30,4,train,0
705,2018-09-30,4,train,0
706,2018-09-30,4,train,0
707,2018-09-30,4,train,0
708,2018-09-30,4,train,0
709,2018-09-30,4,train,0
710,2018-09-30,4,train,0
711,2018-09-30,4,train,0
712,2018-09-30,4,train,0
713,2018-09-30,4,train,0
714,2018-09-30,4,train,0
715,2018-09-30,4,train,0
716,2018-09-30,4,train,0
717,2018-09-30,4,train,0
718,2018-09-30,4,train,0
719,2018-09-30,4,train,0
720,2018-09-30,4,train,0
721,2018-10-01,4,train,1
722,2018-10-01,4,train,1
723,2018-10-01,4,train,1
724,2018-10-01,4,train,1
725,2018-10-01,4,train,1
726,2018-10-01,4,train,1
727,2018-10-01,4,train,1
728,2018-10-01,4,train,1
729,2018-10-01,4,train,1
730,2018-10-01,4,train,1
731,2018-10-01,4,train,1
732,2018-10-01,4,train,1
733,2018-10-01,4,train,1
734,2018-10-01,4,train,1
735,2018-10-01,4,train,1
736,2018-10-01,4,train,1
737,2018-10-01,4,train,1
738,2018-10-01,4,train,1
739,2018-10-01,4,train,1
740,2018-10-01,4,train,1
741,2018-10-01,4,train,1
742,2018-10-01,4,train,1
743,2018-10-01,4,train,1
744,2018-10-01,4,train,1
745,2018-10-02,4,train,0
746,2018-10-02,4,train,0
747,2018-10-02,4,train,0
748,2018-10-02,4,train,0
749,2018-10-02,4,train,0
750,2018-10-02,4,train,0
751,2018-10-02,4,train,0
752,2018-10-02,4,train,0
753,2018-10-02,4,train,0
754,2018-10-02,4,train,0
755,2018-10-02,4,train,0
756,2018-10-02,4,train,0
757,2018-10-02,4,train,0
758,2018-10-02,4,train,0
759,2018-10-02,4,train,0
760,2018-10-02,4,train,0
761,2018-10-02,4,train,0
762,2018-10-02,4,train,0
763,2018-10-02,4,train,0
764,2018-10-02,4,train,0
765,2018-10-02,4,train,0
766,2018-10-02,4,train,0
767,2018-10-02,4,train,0
768,2018-10-02,4,train,0
769,2018-10-03,4,train,1
770,2018-10-03,4,train,1
771,2018-10-03,4,train,1
772,2018-10-03,4,train,1
773,2018-10-03,4,train,1
774,2018-10-03,4,train,1
775,2018-10-03,4,train,1
776,2018-10-03,4,train,1
777,2018-10-03,4,train,1
778,2018-10-03,4,train,1
779,2018-10-03,4,train,1
780,2018-10-03,4,train,1
781,2018-10-03,4,train,1
782,2018-10-03,4,train,1
783,2018-10-03,4,train,1
784,2018-10-03,4,train,1
785,2018-10-03,4,train,1
786,2018-10-03,4,train,1
787,2018-10-03,4,train,1
788,2018-10-03,4,train,1
789,2018-10-03,4,train,1
790,2018-10-03,4,train,1
791,2018-10-03,4,train,1
792,2018-10-03,4,train,1
793,2018-10-04,4,train,0
794,2018-10-04,4,train,0
795,2018-10-04,4,train,0
796,2018-10-04,4,train,0
797,2018-10-04,4,train,0
798,2018-10-04,4,train,0
799,2018-10-04,4,train,0
800,2018-10-04,4,train,0
801,2018-10-04,4,train,0
802,2018-10-04,4,train,0
803,2018-10-04,4,train,0
804,2018-10-04,4,train,0
805,2018-10-04,4,train,0
806,2018-10-04,4,train,0
807,2018-10-04,4,train,0
808,2018-10-04,4,train,0
809,2018-10-04,4,train,0
810,2018-10-04,4,train,0
811,2018-10-04,4,train,0
812,2018-10-04,4,train,0
813,2018-10-04,4,train,0
814,2018-10-04,4,train,0
815,2018-10-04,4,train,0
816,2018-10-04,4,train,0
817,2018-10-05,4,train,1
818,2018-10-05,4,train,1
819,2018-10-05,4,train,1
820,2018-10-05,4,train,1
821,2018-10-05,4,train,1
822,2018-10-05,4,train,1
823,2018-10-05,4,train,1
824,2018-10-05,4,train,1
825,2018-10-05,4,train,1
826,2018-10-05,4,train,1
827,2018-10-05,4,train,1
828,2018-10-05,4,train,1
829,2018-10-05,4,train,1
830,2018-10-05,4,train,1
831,2018-10-05,4,train,1
832,2018-10-05,4,train,1
833,2018-10-05,4,train,1
834,2018-10-05,4,train,1
835,2018-10-05,4,train,1
836,2018-10-05,4,train,1
837,2018-10-05,4,train,1
838,2018-10-05,4,train,1
839,2018-10-05,4,train,1
840,2018-10-05,4,train,1
841,2018-10-06,4,train,0
842,2018-10-06,4,train,0
843,2018-10-06,4,train,0
844,2018-10-06,4,train,0
845,2018-10-06,4,train,0
846,2018-10-06,4,train,0
847,2018-10-06,4,train,0
848,2018-10-06,4,train,1
849,2018-10-06,4,train,1
850,2018-10-06,4,train,1
851,2018-10-06,4,train,1
852,2018-10-06,4,train,1
853,2018-10-06,4,train,1
854,2018-10-06,4,train,1
855,2018-10-06,4,train,1
856,2018-10-06,4,train,1
857,2018-10-06,4,train,1
858,2018-10-06,4,train,1
859,2018-10-06,4,train,1
860,2018-10-06,4,train,1
861,2018-10-06,4,train,1
862,2018-10-06,4,train,1
863,2018-10-06,4,train,1
864,2018-10-06,4,train,1
865,2018-10-07,4,train,1
866,2018-10-07,4,train,1
867,2018-10-07,4,train,1
868,2018-10-07,4,train,1
869,2018-10-07,4,train,1
870,2018-10-07,4,train,1
871,2018-10-07,4,train,1
872,2018-10-07,4,train,1
873,2018-10-07,4,train,1
874,2018-10-07,4,train,1
875,2018-10-07,4,train,1
876,2018-10-07,4,train,1
877,2018-10-07,4,train,1
878,2018-10-07,4,train,1
879,2018-10-07,4,train,1
880,2018-10-07,4,train,1
881,2018-10-07,4,train,1
882,2018-10-07,4,train,1
883,2018-10-07,4,train,1
884,2018-10-07,4,train,1
885,2018-10-07,4,train,1
886,2018-10-07,4,train,1
887,2018-10-07,4,train,1
888,2018-10-07,4,train,1
889,2018-10-08,4,train,1
890,2018-10-08,4,train,1
891,2018-10-08,4,train,1
892,2018-10-08,4,train,1
893,2018-10-08,4,train,1
894,2018-10-08,4,train,1
895,2018-10-08,4,train,1
896,2018-10-08,4,train,1
897,2018-10-08,4,train,1
898,2018-10-08,4,train,1
899,2018-10-08,4,train,1
900,2018-10-08,4,train,1
901,2018-10-08,4,train,1
902,2018-10-08,4,train,1
903,2018-10-08,4,train,1
904,2018-10-08,4,train,1
905,2018-10-08,4,train,1
906,2018-10-08,4,train,1
907,2018-10-08,4,train,1
908,2018-10-08,4,train,1
909,2018-10-08,4,train,1
910,2018-10-08,4,train,1
911,2018-10-08,4,train,1
912,2018-10-08,4,train,1
913,2018-10-09,4,train,0
914,2018-10-09,4,train,0
915,2018-10-09,4,train,0
916,2018-10-09,4,train,0
917,2018-10-09,4,train,0
918,2018-10-09,4,train,0
919,2018-10-09,4,train,0
920,2018-10-09,4,train,0
921,2018-10-09,4,train,0
922,2018-10-09,4,train,0
923,2018-10-09,4,train,0
924,2018-10-09,4,train,0
925,2018-10-09,4,train,0
926,2018-10-09,4,train,0
927,2018-10-09,4,train,0
928,2018-10-09,4,train,0
929,2018-10-09,4,train,0
930,2018-10-09,4,train,0
931,2018-10-09,4,train,0
932,2018-10-09,4,train,0
933,2018-10-09,4,train,0
934,2018-10-09,4,train,0
935,2018-10-09,4,train,0
936,2018-10-09,4,train,0
937,2018-10-10,4,train,1
938,2018-10-10,4,train,1
939,2018-10-10,4,train,1
940,2018-10-10,4,train,1
941,2018-10-10,4,train,1
942,2018-10-10,4,train,1
943,2018-10-10,4,train,1
944,2018-10-10,4,train,1
945,2018-10-10,4,train,1
946,2018-10-10,4,train,1
947,2018-10-10,4,train,1
948,2018-10-10,4,train,1
949,2018-10-10,4,train,1
950,2018-10-10,4,train,1
951,2018-10-10,4,train,1
952,2018-10-10,4,train,1
953,2018-10-10,4,train,1
954,2018-10-10,4,train,1
955,2018-10-10,4,train,1
956,2018-10-10,4,train,1
957,2018-10-10,4,train,1
958,2018-10-10,4,train,1
959,2018-10-10,4,train,1
960,2018-10-10,4,train,1
961,2018-10-11,4,train,1
962,2018-10-11,4,train,1
963,2018-10-11,4,train,1
964,2018-10-11,4,train,1
965,2018-10-11,4,train,1
966,2018-10-11,4,train,1
967,2018-10-11,4,train,1
968,2018-10-11,4,train,1
969,2018-10-11,4,train,1
970,2018-10-11,4,train,1
971,2018-10-11,4,train,1
972,2018-10-11,4,train,1
973,2018-10-11,4,train,1
974,2018-10-11,4,train,1
975,2018-10-11,4,train,1
976,2018-10-11,4,train,1
977,2018-10-11,4,train,1
978,2018-10-11,4,train,1
979,2018-10-11,4,train,1
980,2018-10-11,4,train,1
981,2018-10-11,4,train,1
982,2018-10-11,4,train,1
983,2018-10-11,4,train,1
984,2018-10-11,4,train,1
985,2018-10-12,4,train,1
986,2018-10-12,4,train,1
987,2018-10-12,4,train,1
988,2018-10-12,4,train,1
989,2018-10-12,4,train,1
990,2018-10-12,4,train,1
991,2018-10-12,4,train,1
992,2018-10-12,4,train,1
993,2018-10-12,4,train,1
994,2018-10-12,4,train,1
995,2018-10-12,4,train,1
996,2018-10-12,4,train,1
997,2018-10-12,4,train,1
998,2018-10-12,4,train,1
999,2018-10-12,4,train,1
1000,2018-10-12,4,train,1
1001,2018-10-12,4,train,1
1002,2018-10-12,4,train,1
1003,2018-10-12,4,train,1
1004,2018-10-12,4,train,1
1005,2018-10-12,4,train,1
1006,2018-10-12,4,train,1
1007,2018-10-12,4,train,1
1008,2018-10-12,4,train,1
1009,2018-10-13,4,train,1
1010,2018-10-13,4,train,1
1011,2018-10-13,4,train,1
1012,2018-10-13,4,train,1
1013,2018-10-13,4,train,1
1014,2018-10-13,4,train,1
1015,2018-10-13,4,train,1
1016,2018-10-13,4,train,1
1017,2018-10-13,4,train,1
1018,2018-10-13,4,train,1
1019,2018-10-13,4,train,1
1020,2018-10-13,4,train,1
1021,2018-10-13,4,train,1
1022,2018-10-13,4,train,1
1023,2018-10-13,4,train,1
1024,2018-10-13,4,train,1
1025,2018-10-13,4,train,1
1026,2018-10-13,4,train,1
1027,2018-10-13,4,train,1
1028,2018-10-13,4,train,1
1029,2018-10-13,4,train,1
1030,2018-10-13,4,train,1
1031,2018-10-13,4,train,1
1032,2018-10-13,4,train,1
1033,2018-10-14,4,train,1
1034,2018-10-14,4,train,1
1035,2018-10-14,4,train,1
1036,2018-10-14,4,train,1
1037,2018-10-14,4,train,1
1038,2018-10-14,4,train,1
1039,2018-10-14,4,train,1
1040,2018-10-14,4,train,1
1041,2018-10-14,4,train,1
1042,2018-10-14,4,train,1
1043,2018-10-14,4,train,1
1044,2018-10-14,4,train,1
1045,2018-10-14,4,train,1
1046,2018-10-14,4,train,1
1047,2018-10-14,4,train,1
1048,2018-10-14,4,train,1
1049,2018-10-14,4,train,1
1050,2018-10-14,4,train,1
1051,2018-10-14,4,train,1
1052,2018-10-14,4,train,1
1053,2018-10-14,4,train,1
1054,2018-10-14,4,train,1
1055,2018-10-14,4,train,1
1056,2018-10-14,4,train,1
1057,2018-10-15,4,train,1
1058,2018-10-15,4,train,1
1059,2018-10-15,4,train,1
1060,2018-10-15,4,train,1
1061,2018-10-15,4,train,1
1062,2018-10-15,4,train,1
1063,2018-10-15,4,train,1
1064,2018-10-15,4,train,1
1065,2018-10-15,4,train,1
1066,2018-10-15,4,train,1
1067,2018-10-15,4,train,1
1068,2018-10-15,4,train,1
1069,2018-10-15,4,train,1
1070,2018-10-15,4,train,1
1071,2018-10-15,4,train,1
1072,2018-10-15,4,train,1
1073,2018-10-15,4,train,1
1074,2018-10-15,4,train,1
1075,2018-10-15,4,train,1
1076,2018-10-15,4,train,1
1077,2018-10-15,4,train,1
1078,2018-10-15,4,train,1
1079,2018-10-15,4,train,1
1080,2018-10-15,4,train,1
1081,2018-10-16,4,train,1
1082,2018-10-16,4,train,1
1083,2018-10-16,4,train,1
1084,2018-10-16,4,train,1
1085,2018-10-16,4,train,1
1086,2018-10-16,4,train,1
1087,2018-10-16,4,train,1
1088,2018-10-16,4,train,1
1089,2018-10-16,4,train,1
1090,2018-10-16,4,train,1
1091,2018-10-16,4,train,1
1092,2018-10-16,4,train,1
1093,2018-10-16,4,train,1
1094,2018-10-16,4,train,1
1095,2018-10-16,4,train,1
1096,2018-10-16,4,train,1
1097,2018-10-16,4,train,1
1098,2018-10-16,4,train,1
1099,2018-10-16,4,train,1
1100,2018-10-16,4,train,1
1101,2018-10-16,4,train,1
1102,2018-10-16,4,train,1
1103,2018-10-16,4,train,1
1104,2018-10-16,4,train,1
1105,2018-10-17,4,train,1
1106,2018-10-17,4,train,1
1107,2018-10-17,4,train,1
1108,2018-10-17,4,train,1
1109,2018-10-17,4,train,1
1110,2018-10-17,4,train,1
1111,2018-10-17,4,train,1
1112,2018-10-17,4,train,1
1113,2018-10-17,4,train,1
1114,2018-10-17,4,train,1
1115,2018-10-17,4,train,1
1116,2018-10-17,4,train,1
1117,2018-10-17,4,train,1
1118,2018-10-17,4,train,1
1119,2018-10-17,4,train,1
1120,2018-10-17,4,train,1
1121,2018-10-17,4,train,1
1122,2018-10-17,4,train,1
1123,2018-10-17,4,train,1
1124,2018-10-17,4,train,1
1125,2018-10-17,4,train,1
1126,2018-10-17,4,train,1
1127,2018-10-17,4,train,1
1128,2018-10-17,4,train,1
1129,2018-10-18,4,train,1
1130,2018-10-18,4,train,1
1131,2018-10-18,4,train,1
1132,2018-10-18,4,train,1
1133,2018-10-18,4,train,1
1134,2018-10-18,4,train,1
1135,2018-10-18,4,train,1
1136,2018-10-18,4,train,1
1137,2018-10-18,4,train,1
1138,2018-10-18,4,train,1
1139,2018-10-18,4,train,1
1140,2018-10-18,4,train,1
1141,2018-10-18,4,train,1
1142,2018-10-18,4,train,1
1143,2018-10-18,4,train,1
1144,2018-10-18,4,train,1
1145,2018-10-18,4,train,1
1146,2018-10-18,4,train,1
1147,2018-10-18,4,train,1
1148,2018-10-18,4,train,1
1149,2018-10-18,4,train,1
1150,2018-10-18,4,train,1
1151,2018-10-18,4,train,1
1152,2018-10-18,4,train,1
1153,2018-10-19,4,train,1
1154,2018-10-19,4,train,1
1155,2018-10-19,4,train,1
1156,2018-10-19,4,train,1
1157,2018-10-19,4,train,1
1158,2018-10-19,4,train,1
1159,2018-10-19,4,train,1
1160,2018-10-19,4,train,1
1161,2018-10-19,4,train,1
1162,2018-10-19,4,train,1
1163,2018-10-19,4,train,1
1164,2018-10-19,4,train,1
1165,2018-10-19,4,train,1
1166,2018-10-19,4,train,1
1167,2018-10-19,4,train,1
1168,2018-10-19,4,train,1
1169,2018-10-19,4,train,1
1170,2018-10-19,4,train,1
1171,2018-10-19,4,train,1
1172,2018-10-19,4,train,1
1173,2018-10-19,4,train,1
1174,2018-10-19,4,train,1
1175,2018-10-19,4,train,1
1176,2018-10-19,4,train,1
1177,2018-10-20,4,train,1
1178,2018-10-20,4,train,1
1179,2018-10-20,4,train,1
1180,2018-10-20,4,train,1
1181,2018-10-20,4,train,1
1182,2018-10-20,4,train,1
1183,2018-10-20,4,train,1
1184,2018-10-20,4,train,1
1185,2018-10-20,4,train,1
1186,2018-10-20,4,train,1
1187,2018-10-20,4,train,1
1188,2018-10-20,4,train,1
1189,2018-10-20,4,train,1
1190,2018-10-20,4,train,1
1191,2018-10-20,4,train,1
1192,2018-10-20,4,train,1
1193,2018-10-20,4,train,1
1194,2018-10-20,4,train,1
1195,2018-10-20,4,train,1
1196,2018-10-20,4,train,1
1197,2018-10-20,4,train,1
1198,2018-10-20,4,train,1
1199,2018-10-20,4,train,1
1200,2018-10-20,4,train,1
1201,2018-10-21,4,train,1
1202,2018-10-21,4,train,1
1203,2018-10-21,4,train,1
1204,2018-10-21,4,train,1
1205,2018-10-21,4,train,1
1206,2018-10-21,4,train,1
1207,2018-10-21,4,train,1
1208,2018-10-21,4,train,1
1209,2018-10-21,4,train,1
1210,2018-10-21,4,train,1
1211,2018-10-21,4,train,1
1212,2018-10-21,4,train,1
1213,2018-10-21,4,train,1
1214,2018-10-21,4,train,1
1215,2018-10-21,4,train,1
1216,2018-10-21,4,train,1
1217,2018-10-21,4,train,1
1218,2018-10-21,4,train,1
1219,2018-10-21,4,train,1
1220,2018-10-21,4,train,1
1221,2018-10-21,4,train,1
1222,2018-10-21,4,train,1
1223,2018-10-21,4,train,1
1224,2018-10-21,4,train,1
1225,2018-10-22,4,train,1
1226,2018-10-22,4,train,1
1227,2018-10-22,4,train,1
1228,2018-10-22,4,train,1
1229,2018-10-22,4,train,1
1230,2018-10-22,4,train,1
1231,2018-10-22,4,train,1
1232,2018-10-22,4,train,1
1233,2018-10-22,4,train,1
1234,2018-10-22,4,train,1
1235,2018-10-22,4,train,1
1236,2018-10-22,4,train,1
1237,2018-10-22,4,train,1
1238,2018-10-22,4,train,1
1239,2018-10-22,4,train,1
1240,2018-10-22,4,train,1
1241,2018-10-22,4,train,1
1242,2018-10-22,4,train,1
1243,2018-10-22,4,train,1
1244,2018-10-22,4,train,1
1245,2018-10-22,4,train,1
1246,2018-10-22,4,train,1
1247,2018-10-22,4,train,1
1248,2018-10-22,4,train,1
1249,2018-10-23,4,train,1
1250,2018-10-23,4,train,1
1251,2018-10-23,4,train,1
1252,2018-10-23,4,train,1
1253,2018-10-23,4,train,1
1254,2018-10-23,4,train,1
1255,2018-10-23,4,train,1
1256,2018-10-23,4,train,1
1257,2018-10-23,4,train,1
1258,2018-10-23,4,train,1
1259,2018-10-23,4,train,1
1260,2018-10-23,4,train,1
1261,2018-10-23,4,train,1
1262,2018-10-23,4,train,1
1263,2018-10-23,4,train,1
1264,2018-10-23,4,train,1
1265,2018-10-23,4,train,1
1266,2018-10-23,4,train,1
1267,2018-10-23,4,train,1
1268,2018-10-23,4,train,1
1269,2018-10-23,4,train,1
1270,2018-10-23,4,train,1
1271,2018-10-23,4,train,1
1272,2018-10-23,4,train,1
1273,2018-10-24,4,train,1
1274,2018-10-24,4,train,1
1275,2018-10-24,4,train,1
1276,2018-10-24,4,train,1
1277,2018-10-24,4,train,1
1278,2018-10-24,4,train,1
1279,2018-10-24,4,train,1
1280,2018-10-24,4,train,1
1281,2018-10-24,4,train,1
1282,2018-10-24,4,train,1
1283,2018-10-24,4,train,1
1284,2018-10-24,4,train,1
1285,2018-10-24,4,train,1
1286,2018-10-24,4,train,1
1287,2018-10-24,4,train,1
1288,2018-10-24,4,train,1
1289,2018-10-24,4,train,1
1290,2018-10-24,4,train,1
1291,2018-10-24,4,train,1
1292,2018-10-24,4,train,1
1293,2018-10-24,4,train,1
1294,2018-10-24,4,train,1
1295,2018-10-24,4,train,1
1296,2018-10-24,4,train,1
1297,2018-10-25,4,train,1
1298,2018-10-25,4,train,1
1299,2018-10-25,4,train,1
1300,2018-10-25,4,train,1
1301,2018-10-25,4,train,1
1302,2018-10-25,4,train,1
1303,2018-10-25,4,train,1
1304,2018-10-25,4,train,1
1305,2018-10-25,4,train,1
1306,2018-10-25,4,train,1
1307,2018-10-25,4,train,1
1308,2018-10-25,4,train,1
1309,2018-10-25,4,train,1
1310,2018-10-25,4,train,1
1311,2018-10-25,4,train,1
1312,2018-10-25,4,train,1
1313,2018-10-25,4,train,1
1314,2018-10-25,4,train,1
1315,2018-10-25,4,train,1
1316,2018-10-25,4,train,1
1317,2018-10-25,4,train,1
1318,2018-10-25,4,train,1
1319,2018-10-25,4,train,1
1320,2018-10-25,4,train,1
1321,2018-10-26,4,train,1
1322,2018-10-26,4,train,1
1323,2018-10-26,4,train,1
1324,2018-10-26,4,train,1
1325,2018-10-26,4,train,1
1326,2018-10-26,4,train,1
1327,2018-10-26,4,train,1
1328,2018-10-26,4,train,1
1329,2018-10-26,4,train,1
1330,2018-10-26,4,train,1
1331,2018-10-26,4,train,1
1332,2018-10-26,4,train,1
1333,2018-10-26,4,train,1
1334,2018-10-26,4,train,1
1335,2018-10-26,4,train,1
1336,2018-10-26,4,train,1
1337,2018-10-26,4,train,1
1338,2018-10-26,4,train,1
1339,2018-10-26,4,train,1
1340,2018-10-26,4,train,1
1341,2018-10-26,4,train,1
1342,2018-10-26,4,train,1
1343,2018-10-26,4,train,1
1344,2018-10-26,4,train,1
1345,2018-10-27,4,train,1
1346,2018-10-27,4,train,1
1347,2018-10-27,4,train,1
1348,2018-10-27,4,train,1
1349,2018-10-27,4,train,1
1350,2018-10-27,4,train,1
1351,2018-10-27,4,train,1
1352,2018-10-27,4,train,1
1353,2018-10-27,4,train,1
1354,2018-10-27,4,train,1
1355,2018-10-27,4,train,1
1356,2018-10-27,4,train,1
1357,2018-10-27,4,train,1
1358,2018-10-27,4,train,1
1359,2018-10-27,4,train,1
1360,2018-10-27,4,train,1
1361,2018-10-27,4,train,1
1362,2018-10-27,4,train,1
1363,2018-10-27,4,train,1
1364,2018-10-27,4,train,1
1365,2018-10-27,4,train,1
1366,2018-10-27,4,train,1
1367,2018-10-27,4,train,1
1368,2018-10-27,4,train,1
1369,2018-10-28,4,train,1
1370,2018-10-28,4,train,1
1371,2018-10-28,4,train,1
1372,2018-10-28,4,train,1
1373,2018-10-28,4,train,1
1374,2018-10-28,4,train,1
1375,2018-10-28,4,train,1
1376,2018-10-28,4,train,1
1377,2018-10-28,4,train,1
1378,2018-10-28,4,train,1
1379,2018-10-28,4,train,1
1380,2018-10-28,4,train,1
1381,2018-10-28,4,train,1
1382,2018-10-28,4,train,1
1383,2018-10-28,4,train,1
1384,2018-10-28,4,train,1
1385,2018-10-28,4,train,1
1386,2018-10-28,4,train,1
1387,2018-10-28,4,train,1
1388,2018-10-28,4,train,1
1389,2018-10-28,4,train,1
1390,2018-10-28,4,train,1
1391,2018-10-28,4,train,1
1392,2018-10-28,4,train,1
1393,2018-10-29,4,train,1
1394,2018-10-29,4,train,1
1395,2018-10-29,4,train,1
1396,2018-10-29,4,train,1
1397,2018-10-29,4,train,1
1398,2018-10-29,4,train,1
1399,2018-10-29,4,train,1
1400,2018-10-29,4,train,1
1401,2018-10-29,4,train,1
1402,2018-10-29,4,train,1
1403,2018-10-29,4,train,1
1404,2018-10-29,4,train,1
1405,2018-10-29,4,train,1
1406,2018-10-29,4,train,1
1407,2018-10-29,4,train,1
1408,2018-10-29,4,train,1
1409,2018-10-29,4,train,1
1410,2018-10-29,4,train,1
1411,2018-10-29,4,train,1
1412,2018-10-29,4,train,1
1413,2018-10-29,4,train,1
1414,2018-10-29,4,train,1
1415,2018-10-29,4,train,1
1416,2018-10-29,4,train,1
1417,2018-10-30,4,train,1
1418,2018-10-30,4,train,1
1419,2018-10-30,4,train,1
1420,2018-10-30,4,train,1
1421,2018-10-30,4,train,1
1422,2018-10-30,4,train,1
1423,2018-10-30,4,train,1
1424,2018-10-30,4,train,1
1425,2018-10-30,4,train,1
1426,2018-10-30,4,train,1
1427,2018-10-30,4,train,1
1428,2018-10-30,4,train,1
1429,2018-10-30,4,train,1
1430,2018-10-30,4,train,1
1431,2018-10-30,4,train,1
1432,2018-10-30,4,train,1
1433,2018-10-30,4,train,1
1434,2018-10-30,4,train,1
1435,2018-10-30,4,train,1
1436,2018-10-30,4,train,1
1437,2018-10-30,4,train,1
1438,2018-10-30,4,train,1
1439,2018-10-30,4,train,1
1440,2018-10-30,4,train,1
1441,2018-10-31,4,train,1
1442,2018-10-31,4,train,1
1443,2018-10-31,4,train,1
1444,2018-10-31,4,train,1
1445,2018-10-31,4,train,1
1446,2018-10-31,4,train,1
1447,2018-10-31,4,train,1
1448,2018-10-31,4,train,1
1449,2018-10-31,4,train,1
1450,2018-10-31,4,train,1
1451,2018-10-31,4,train,1
1452,2018-10-31,4,train,1
1453,2018-10-31,4,train,1
1454,2018-10-31,4,train,1
1455,2018-10-31,4,train,1
1456,2018-10-31,4,train,1
1457,2018-10-31,4,train,1
1458,2018-10-31,4,train,1
1459,2018-10-31,4,train,1
1460,2018-10-31,4,train,1
1461,2018-10-31,4,train,1
1462,2018-10-31,4,train,1
1463,2018-10-31,4,train,1
1464,2018-10-31,4,train,1
1465,2018-11-01,4,train,1
1466,2018-11-01,4,train,1
1467,2018-11-01,4,train,1
1468,2018-11-01,4,train,1
1469,2018-11-01,4,train,1
1470,2018-11-01,4,train,1
1471,2018-11-01,4,train,1
1472,2018-11-01,4,train,1
1473,2018-11-01,4,train,1
1474,2018-11-01,4,train,1
1475,2018-11-01,4,train,1
1476,2018-11-01,4,train,1
1477,2018-11-01,4,train,1
1478,2018-11-01,4,train,1
1479,2018-11-01,4,train,1
1480,2018-11-01,4,train,1
1481,2018-11-01,4,train,1
1482,2018-11-01,4,train,1
1483,2018-11-01,4,train,1
1484,2018-11-01,4,train,1
1485,2018-11-01,4,train,1
1486,2018-11-01,4,train,1
1487,2018-11-01,4,train,1
1488,2018-11-01,4,train,1
1489,2018-11-02,4,train,1
1490,2018-11-02,4,train,1
1491,2018-11-02,4,train,1
1492,2018-11-02,4,train,1
1493,2018-11-02,4,train,1
1494,2018-11-02,4,train,1
1495,2018-11-02,4,train,1
1496,2018-11-02,4,train,1
1497,2018-11-02,4,train,1
1498,2018-11-02,4,train,1
1499,2018-11-02,4,train,1
1500,2018-11-02,4,train,1
1501,2018-11-02,4,train,1
1502,2018-11-02,4,train,1
1503,2018-11-02,4,train,1
1504,2018-11-02,4,train,1
1505,2018-11-02,4,train,1
1506,2018-11-02,4,train,1
1507,2018-11-02,4,train,1
1508,2018-11-02,4,train,1
1509,2018-11-02,4,train,1
1510,2018-11-02,4,train,1
1511,2018-11-02,4,train,1
1512,2018-11-02,4,train,1
1513,2018-11-03,4,train,0
1514,2018-11-03,4,train,0
1515,2018-11-03,4,train,0
1516,2018-11-03,4,train,0
1517,2018-11-03,4,train,0
1518,2018-11-03,4,train,0
1519,2018-11-03,4,train,0
1520,2018-11-03,4,train,0
1521,2018-11-03,4,train,0
1522,2018-11-03,4,train,0
1523,2018-11-03,4,train,0
1524,2018-11-03,4,train,0
1525,2018-11-03,4,train,0
1526,2018-11-03,4,train,0
1527,2018-11-03,4,train,0
1528,2018-11-03,4,train,0
1529,2018-11-03,4,train,0
1530,2018-11-03,4,train,0
1531,2018-11-03,4,train,0
1532,2018-11-03,4,train,0
1533,2018-11-03,4,train,0
1534,2018-11-03,4,train,0
1535,2018-11-03,4,train,0
1536,2018-11-03,4,train,0
1537,2018-11-04,4,train,1
1538,2018-11-04,4,train,1
1539,2018-11-04,4,train,1
1540,2018-11-04,4,train,1
1541,2018-11-04,4,train,1
1542,2018-11-04,4,train,1
1543,2018-11-04,4,train,1
1544,2018-11-04,4,train,1
1545,2018-11-04,4,train,1
1546,2018-11-04,4,train,1
1547,2018-11-04,4,train,1
1548,2018-11-04,4,train,1
1549,2018-11-04,4,train,1
1550,2018-11-04,4,train,1
1551,2018-11-04,4,train,1
1552,2018-11-04,4,train,1
1553,2018-11-04,4,train,1
1554,2018-11-04,4,train,1
1555,2018-11-04,4,train,1
1556,2018-11-04,4,train,1
1557,2018-11-04,4,train,1
1558,2018-11-04,4,train,1
1559,2018-11-04,4,train,1
1560,2018-11-04,4,train,1
1561,2018-11-05,4,train,1
1562,2018-11-05,4,train,1
1563,2018-11-05,4,train,1
1564,2018-11-05,4,train,1
1565,2018-11-05,4,train,1
1566,2018-11-05,4,train,1
1567,2018-11-05,4,train,1
1568,2018-11-05,4,train,1
1569,2018-11-05,4,train,1
1570,2018-11-05,4,train,1
1571,2018-11-05,4,train,1
1572,2018-11-05,4,train,1
1573,2018-11-05,4,train,1
1574,2018-11-05,4,train,1
1575,2018-11-05,4,train,1
1576,2018-11-05,4,train,1
1577,2018-11-05,4,train,1
1578,2018-11-05,4,train,1
1579,2018-11-05,4,train,1
1580,2018-11-05,4,train,1
1581,2018-11-05,4,train,1
1582,2018-11-05,4,train,1
1583,2018-11-05,4,train,1
1584,2018-11-05,4,train,1
1585,2018-11-06,4,train,0
1586,2018-11-06,4,train,0
1587,2018-11-06,4,train,0
1588,2018-11-06,4,train,0
1589,2018-11-06,4,train,0
1590,2018-11-06,4,train,0
1591,2018-11-06,4,train,0
1592,2018-11-06,4,train,0
1593,2018-11-06,4,train,0
1594,2018-11-06,4,train,0
1595,2018-11-06,4,train,0
1596,2018-11-06,4,train,0
1597,2018-11-06,4,train,0
1598,2018-11-06,4,train,0
1599,2018-11-06,4,train,0
1600,2018-11-06,4,train,0
1601,2018-11-06,4,train,0
1602,2018-11-06,4,train,0
1603,2018-11-06,4,train,0
1604,2018-11-06,4,train,0
1605,2018-11-06,4,train,0
1606,2018-11-06,4,train,0
1607,2018-11-06,4,train,0
1608,2018-11-06,4,train,0
1609,2018-11-07,4,train,1
1610,2018-11-07,4,train,1
1611,2018-11-07,4,train,1
1612,2018-11-07,4,train,1
1613,2018-11-07,4,train,1
1614,2018-11-07,4,train,1
1615,2018-11-07,4,train,1
1616,2018-11-07,4,train,1
1617,2018-11-07,4,train,1
1618,2018-11-07,4,train,1
1619,2018-11-07,4,train,1
1620,2018-11-07,4,train,1
1621,2018-11-07,4,train,1
1622,2018-11-07,4,train,1
1623,2018-11-07,4,train,1
1624,2018-11-07,4,train,1
1625,2018-11-07,4,train,1
1626,2018-11-07,4,train,1
1627,2018-11-07,4,train,1
1628,2018-11-07,4,train,1
1629,2018-11-07,4,train,1
1630,2018-11-07,4,train,1
1631,2018-11-07,4,train,1
1632,2018-11-07,4,train,1
1633,2018-11-08,4,train,1
1634,2018-11-08,4,train,1
1635,2018-11-08,4,train,1
1636,2018-11-08,4,train,1
1637,2018-11-08,4,train,1
1638,2018-11-08,4,train,1
1639,2018-11-08,4,train,1
1640,2018-11-08,4,train,1
1641,2018-11-08,4,train,1
1642,2018-11-08,4,train,1
1643,2018-11-08,4,train,1
1644,2018-11-08,4,train,1
1645,2018-11-08,4,train,1
1646,2018-11-08,4,train,1
1647,2018-11-08,4,train,1
1648,2018-11-08,4,train,1
1649,2018-11-08,4,train,1
1650,2018-11-08,4,train,1
1651,2018-11-08,4,train,1
1652,2018-11-08,4,train,1
1653,2018-11-08,4,train,1
1654,2018-11-08,4,train,1
1655,2018-11-08,4,train,1
1656,2018-11-08,4,train,1
1657,2018-11-09,4,train,0
1658,2018-11-09,4,train,0
1659,2018-11-09,4,train,0
1660,2018-11-09,4,train,0
1661,2018-11-09,4,train,0
1662,2018-11-09,4,train,0
1663,2018-11-09,4,train,0
1664,2018-11-09,4,train,0
1665,2018-11-09,4,train,0
1666,2018-11-09,4,train,0
1667,2018-11-09,4,train,0
1668,2018-11-09,4,train,0
1669,2018-11-09,4,train,0
1670,2018-11-09,4,train,0
1671,2018-11-09,4,train,0
1672,2018-11-09,4,train,0
1673,2018-11-09,4,train,0
1674,2018-11-09,4,train,0
1675,2018-11-09,4,train,0
1676,2018-11-09,4,train,0
1677,2018-11-09,4,train,0
1678,2018-11-09,4,train,0
1679,2018-11-09,4,train,0
1680,2018-11-09,4,train,0
1681,2018-11-10,4,train,1
1682,2018-11-10,4,train,1
1683,2018-11-10,4,train,1
1684,2018-11-10,4,train,1
1685,2018-11-10,4,train,1
1686,2018-11-10,4,train,1
1687,2018-11-10,4,train,1
1688,2018-11-10,4,train,1
1689,2018-11-10,4,train,1
1690,2018-11-10,4,train,1
1691,2018-11-10,4,train,1
1692,2018-11-10,4,train,1
1693,2018-11-10,4,train,1
1694,2018-11-10,4,train,1
1695,2018-11-10,4,train,1
1696,2018-11-10,4,train,1
1697,2018-11-10,4,train,1
1698,2018-11-10,4,train,1
1699,2018-11-10,4,train,1
1700,2018-11-10,4,train,1
1701,2018-11-10,4,train,1
1702,2018-11-10,4,train,1
1703,2018-11-10,4,train,1
1704,2018-11-10,4,train,1
1705,2018-11-11,4,train,1
1706,2018-11-11,4,train,1
1707,2018-11-11,4,train,1
1708,2018-11-11,4,train,1
1709,2018-11-11,4,train,1
1710,2018-11-11,4,train,1
1711,2018-11-11,4,train,1
1712,2018-11-11,4,train,1
1713,2018-11-11,4,train,1
1714,2018-11-11,4,train,1
1715,2018-11-11,4,train,1
1716,2018-11-11,4,train,1
1717,2018-11-11,4,train,1
1718,2018-11-11,4,train,1
1719,2018-11-11,4,train,1
1720,2018-11-11,4,train,1
1721,2018-11-11,4,train,1
1722,2018-11-11,4,train,1
1723,2018-11-11,4,train,1
1724,2018-11-11,4,train,1
1725,2018-11-11,4,train,1
1726,2018-11-11,4,train,1
1727,2018-11-11,4,train,1
1728,2018-11-11,4,train,1
1729,2018-11-12,4,train,1
1730,2018-11-12,4,train,1
1731,2018-11-12,4,train,1
1732,2018-11-12,4,train,1
1733,2018-11-12,4,train,1
1734,2018-11-12,4,train,1
1735,2018-11-12,4,train,1
1736,2018-11-12,4,train,1
1737,2018-11-12,4,train,1
1738,2018-11-12,4,train,1
1739,2018-11-12,4,train,1
1740,2018-11-12,4,train,1
1741,2018-11-12,4,train,1
1742,2018-11-12,4,train,1
1743,2018-11-12,4,train,1
1744,2018-11-12,4,train,1
1745,2018-11-12,4,train,1
1746,2018-11-12,4,train,1
1747,2018-11-12,4,train,1
1748,2018-11-12,4,train,1
1749,2018-11-12,4,train,1
1750,2018-11-12,4,train,1
1751,2018-11-12,4,train,1
1752,2018-11-12,4,train,1
1753,2018-11-13,4,train,1
1754,2018-11-13,4,train,1
1755,2018-11-13,4,train,1
1756,2018-11-13,4,train,1
1757,2018-11-13,4,train,1
1758,2018-11-13,4,train,1
1759,2018-11-13,4,train,1
1760,2018-11-13,4,train,1
1761,2018-11-13,4,train,1
1762,2018-11-13,4,train,1
1763,2018-11-13,4,train,1
1764,2018-11-13,4,train,1
1765,2018-11-13,4,train,1
1766,2018-11-13,4,train,1
1767,2018-11-13,4,train,1
1768,2018-11-13,4,train,1
1769,2018-11-13,4,train,1
1770,2018-11-13,4,train,1
1771,2018-11-13,4,train,1
1772,2018-11-13,4,train,1
1773,2018-11-13,4,train,1
1774,2018-11-13,4,train,1
1775,2018-11-13,4,train,1
1776,2018-11-13,4,train,1
1777,2018-11-14,4,train,1
1778,2018-11-14,4,train,1
1779,2018-11-14,4,train,1
1780,2018-11-14,4,train,1
1781,2018-11-14,4,train,1
1782,2018-11-14,4,train,1
1783,2018-11-14,4,train,1
1784,2018-11-14,4,train,1
1785,2018-11-14,4,train,1
1786,2018-11-14,4,train,1
1787,2018-11-14,4,train,1
1788,2018-11-14,4,train,1
1789,2018-11-14,4,train,1
1790,2018-11-14,4,train,1
1791,2018-11-14,4,train,1
1792,2018-11-14,4,train,1
1793,2018-11-14,4,train,1
1794,2018-11-14,4,train,1
1795,2018-11-14,4,train,1
1796,2018-11-14,4,train,1
1797,2018-11-14,4,train,1
1798,2018-11-14,4,train,1
1799,2018-11-14,4,train,1
1800,2018-11-14,4,train,1
1801,2018-11-15,4,train,1
1802,2018-11-15,4,train,1
1803,2018-11-15,4,train,1
1804,2018-11-15,4,train,1
1805,2018-11-15,4,train,1
1806,2018-11-15,4,train,1
1807,2018-11-15,4,train,1
1808,2018-11-15,4,train,1
1809,2018-11-15,4,train,1
1810,2018-11-15,4,train,1
1811,2018-11-15,4,train,1
1812,2018-11-15,4,train,1
1813,2018-11-15,4,train,1
1814,2018-11-15,4,train,1
1815,2018-11-15,4,train,1
1816,2018-11-15,4,train,1
1817,2018-11-15,4,train,1
1818,2018-11-15,4,train,1
1819,2018-11-15,4,train,1
1820,2018-11-15,4,train,1
1821,2018-11-15,4,train,1
1822,2018-11-15,4,train,1
1823,2018-11-15,4,train,1
1824,2018-11-15,4,train,1
1825,2018-11-16,4,train,1
1826,2018-11-16,4,train,1
1827,2018-11-16,4,train,1
1828,2018-11-16,4,train,1
1829,2018-11-16,4,train,1
1830,2018-11-16,4,train,1
1831,2018-11-16,4,train,1
1832,2018-11-16,4,train,1
1833,2018-11-16,4,train,1
1834,2018-11-16,4,train,1
1835,2018-11-16,4,train,1
1836,2018-11-16,4,train,1
1837,2018-11-16,4,train,1
1838,2018-11-16,4,train,1
1839,2018-11-16,4,train,1
1840,2018-11-16,4,train,1
1841,2018-11-16,4,train,1
1842,2018-11-16,4,train,1
1843,2018-11-16,4,train,1
1844,2018-11-16,4,train,1
1845,2018-11-16,4,train,1
1846,2018-11-16,4,train,1
1847,2018-11-16,4,train,1
1848,2018-11-16,4,train,1
1849,2018-11-17,4,train,1
1850,2018-11-17,4,train,1
1851,2018-11-17,4,train,1
1852,2018-11-17,4,train,1
1853,2018-11-17,4,train,1
1854,2018-11-17,4,train,1
1855,2018-11-17,4,train,1
1856,2018-11-17,4,train,1
1857,2018-11-17,4,train,1
1858,2018-11-17,4,train,1
1859,2018-11-17,4,train,1
1860,2018-11-17,4,train,1
1861,2018-11-17,4,train,1
1862,2018-11-17,4,train,1
1863,2018-11-17,4,train,1
1864,2018-11-17,4,train,1
1865,2018-11-17,4,train,1
1866,2018-11-17,4,train,1
1867,2018-11-17,4,train,1
1868,2018-11-17,4,train,1
1869,2018-11-17,4,train,1
1870,2018-11-17,4,train,1
1871,2018-11-17,4,train,1
1872,2018-11-17,4,train,1
1873,2018-11-18,4,train,1
1874,2018-11-18,4,train,1
1875,2018-11-18,4,train,1
1876,2018-11-18,4,train,1
1877,2018-11-18,4,train,1
1878,2018-11-18,4,train,1
1879,2018-11-18,4,train,1
1880,2018-11-18,4,train,1
1881,2018-11-18,4,train,1
1882,2018-11-18,4,train,1
1883,2018-11-18,4,train,1
1884,2018-11-18,4,train,1
1885,2018-11-18,4,train,1
1886,2018-11-18,4,train,1
1887,2018-11-18,4,train,1
1888,2018-11-18,4,train,1
1889,2018-11-18,4,train,1
1890,2018-11-18,4,train,1
1891,2018-11-18,4,train,1
1892,2018-11-18,4,train,1
1893,2018-11-18,4,train,1
1894,2018-11-18,4,train,1
1895,2018-11-18,4,train,1
1896,2018-11-18,4,train,1
1897,2018-11-19,4,train,1
1898,2018-11-19,4,train,1
1899,2018-11-19,4,train,1
1900,2018-11-19,4,train,1
1901,2018-11-19,4,train,1
1902,2018-11-19,4,train,1
1903,2018-11-19,4,train,1
1904,2018-11-19,4,train,1
1905,2018-11-19,4,train,1
1906,2018-11-19,4,train,1
1907,2018-11-19,4,train,1
1908,2018-11-19,4,train,1
1909,2018-11-19,4,train,1
1910,2018-11-19,4,train,1
1911,2018-11-19,4,train,1
1912,2018-11-19,4,train,1
1913,2018-11-19,4,train,1
1914,2018-11-19,4,train,1
1915,2018-11-19,4,train,1
1916,2018-11-19,4,train,1
1917,2018-11-19,4,train,1
1918,2018-11-19,4,train,1
1919,2018-11-19,4,train,1
1920,2018-11-19,4,train,1
1921,2018-11-20,4,train,1
1922,2018-11-20,4,train,1
1923,2018-11-20,4,train,1
1924,2018-11-20,4,train,1
1925,2018-11-20,4,train,1
1926,2018-11-20,4,train,1
1927,2018-11-20,4,train,1
1928,2018-11-20,4,train,1
1929,2018-11-20,4,train,1
1930,2018-11-20,4,train,1
1931,2018-11-20,4,train,1
1932,2018-11-20,4,train,1
1933,2018-11-20,4,train,1
1934,2018-11-20,4,train,1
1935,2018-11-20,4,train,1
1936,2018-11-20,4,train,1
1937,2018-11-20,4,train,1
1938,2018-11-20,4,train,1
1939,2018-11-20,4,train,1
1940,2018-11-20,4,train,1
1941,2018-11-20,4,train,1
1942,2018-11-20,4,train,1
1943,2018-11-20,4,train,1
1944,2018-11-20,4,train,1
1945,2018-11-21,4,train,1
1946,2018-11-21,4,train,1
1947,2018-11-21,4,train,1
1948,2018-11-21,4,train,1
1949,2018-11-21,4,train,1
1950,2018-11-21,4,train,1
1951,2018-11-21,4,train,1
1952,2018-11-21,4,train,1
1953,2018-11-21,4,train,1
1954,2018-11-21,4,train,1
1955,2018-11-21,4,train,1
1956,2018-11-21,4,train,1
1957,2018-11-21,4,train,1
1958,2018-11-21,4,train,1
1959,2018-11-21,4,train,1
1960,2018-11-21,4,train,1
1961,2018-11-21,4,train,1
1962,2018-11-21,4,train,1
1963,2018-11-21,4,train,1
1964,2018-11-21,4,train,1
1965,2018-11-21,4,train,1
1966,2018-11-21,4,train,1
1967,2018-11-21,4,train,1
1968,2018-11-21,4,train,1
1,2018-11-22,4,val,1
2,2018-11-22,4,val,1
3,2018-11-22,4,val,1
4,2018-11-22,4,val,1
5,2018-11-22,4,val,1
6,2018-11-22,4,val,1
7,2018-11-22,4,val,1
8,2018-11-22,4,val,1
9,2018-11-22,4,val,1
10,2018-11-22,4,val,1
11,2018-11-22,4,val,1
12,2018-11-22,4,val,1
13,2018-11-22,4,val,1
14,2018-11-22,4,val,1
15,2018-11-22,4,val,1
16,2018-11-22,4,val,1
17,2018-11-22,4,val,1
18,2018-11-22,4,val,1
19,2018-11-22,4,val,1
20,2018-11-22,4,val,1
21,2018-11-22,4,val,1
22,2018-11-22,4,val,1
23,2018-11-22,4,val,1
24,2018-11-22,4,val,1
25,2018-11-23,4,val,1
26,2018-11-23,4,val,1
27,2018-11-23,4,val,1
28,2018-11-23,4,val,1
29,2018-11-23,4,val,1
30,2018-11-23,4,val,1
31,2018-11-23,4,val,1
32,2018-11-23,4,val,1
33,2018-11-23,4,val,1
34,2018-11-23,4,val,1
35,2018-11-23,4,val,1
36,2018-11-23,4,val,1
37,2018-11-23,4,val,1
38,2018-11-23,4,val,1
39,2018-11-23,4,val,1
40,2018-11-23,4,val,1
41,2018-11-23,4,val,1
42,2018-11-23,4,val,1
43,2018-11-23,4,val,1
44,2018-11-23,4,val,1
45,2018-11-23,4,val,1
46,2018-11-23,4,val,1
47,2018-11-23,4,val,1
48,2018-11-23,4,val,1
49,2018-11-24,4,val,1
50,2018-11-24,4,val,1
51,2018-11-24,4,val,1
52,2018-11-24,4,val,1
53,2018-11-24,4,val,1
54,2018-11-24,4,val,1
55,2018-11-24,4,val,1
56,2018-11-24,4,val,1
57,2018-11-24,4,val,1
58,2018-11-24,4,val,1
59,2018-11-24,4,val,1
60,2018-11-24,4,val,1
61,2018-11-24,4,val,1
62,2018-11-24,4,val,1
63,2018-11-24,4,val,1
64,2018-11-24,4,val,1
65,2018-11-24,4,val,1
66,2018-11-24,4,val,1
67,2018-11-24,4,val,1
68,2018-11-24,4,val,1
69,2018-11-24,4,val,1
70,2018-11-24,4,val,1
71,2018-11-24,4,val,1
72,2018-11-24,4,val,1
73,2018-11-25,4,val,1
74,2018-11-25,4,val,1
75,2018-11-25,4,val,1
76,2018-11-25,4,val,1
77,2018-11-25,4,val,1
78,2018-11-25,4,val,1
79,2018-11-25,4,val,1
80,2018-11-25,4,val,1
81,2018-11-25,4,val,1
82,2018-11-25,4,val,1
83,2018-11-25,4,val,1
84,2018-11-25,4,val,1
85,2018-11-25,4,val,1
86,2018-11-25,4,val,1
87,2018-11-25,4,val,1
88,2018-11-25,4,val,1
89,2018-11-25,4,val,1
90,2018-11-25,4,val,1
91,2018-11-25,4,val,1
92,2018-11-25,4,val,1
93,2018-11-25,4,val,1
94,2018-11-25,4,val,1
95,2018-11-25,4,val,1
96,2018-11-25,4,val,1
1,2018-11-26,4,test,1
2,2018-11-26,4,test,1
3,2018-11-26,4,test,1
4,2018-11-26,4,test,1
5,2018-11-26,4,test,1
6,2018-11-26,4,test,1
7,2018-11-26,4,test,1
8,2018-11-26,4,test,1
9,2018-11-26,4,test,1
10,2018-11-26,4,test,1
11,2018-11-26,4,test,1
12,2018-11-26,4,test,1
13,2018-11-26,4,test,1
14,2018-11-26,4,test,1
15,2018-11-26,4,test,1
16,2018-11-26,4,test,1
17,2018-11-26,4,test,1
18,2018-11-26,4,test,1
19,2018-11-26,4,test,1
20,2018-11-26,4,test,1
21,2018-11-26,4,test,1
22,2018-11-26,4,test,1
23,2018-11-26,4,test,1
24,2018-11-26,4,test,1
25,2018-11-27,4,test,1
26,2018-11-27,4,test,1
27,2018-11-27,4,test,1
28,2018-11-27,4,test,1
29,2018-11-27,4,test,1
30,2018-11-27,4,test,1
31,2018-11-27,4,test,1
32,2018-11-27,4,test,1
33,2018-11-27,4,test,1
34,2018-11-27,4,test,1
35,2018-11-27,4,test,1
36,2018-11-27,4,test,1
37,2018-11-27,4,test,1
38,2018-11-27,4,test,1
39,2018-11-27,4,test,1
40,2018-11-27,4,test,1
41,2018-11-27,4,test,1
42,2018-11-27,4,test,1
43,2018-11-27,4,test,1
44,2018-11-27,4,test,1
45,2018-11-27,4,test,1
46,2018-11-27,4,test,1
47,2018-11-27,4,test,1
48,2018-11-27,4,test,1
49,2018-11-28,4,test,1
50,2018-11-28,4,test,1
51,2018-11-28,4,test,1
52,2018-11-28,4,test,1
53,2018-11-28,4,test,1
54,2018-11-28,4,test,1
55,2018-11-28,4,test,1
56,2018-11-28,4,test,1
57,2018-11-28,4,test,1
58,2018-11-28,4,test,1
59,2018-11-28,4,test,1
60,2018-11-28,4,test,1
61,2018-11-28,4,test,1
62,2018-11-28,4,test,1
63,2018-11-28,4,test,1
64,2018-11-28,4,test,1
65,2018-11-28,4,test,1
66,2018-11-28,4,test,1
67,2018-11-28,4,test,1
68,2018-11-28,4,test,1
69,2018-11-28,4,test,1
70,2018-11-28,4,test,1
71,2018-11-28,4,test,1
72,2018-11-28,4,test,1
73,2018-11-29,4,test,1
74,2018-11-29,4,test,1
75,2018-11-29,4,test,1
76,2018-11-29,4,test,1
77,2018-11-29,4,test,1
78,2018-11-29,4,test,1
79,2018-11-29,4,test,1
80,2018-11-29,4,test,1
81,2018-11-29,4,test,1
82,2018-11-29,4,test,1
83,2018-11-29,4,test,1
84,2018-11-29,4,test,1
85,2018-11-29,4,test,1
86,2018-11-29,4,test,1
87,2018-11-29,4,test,1
88,2018-11-29,4,test,1
89,2018-11-29,4,test,1
90,2018-11-29,4,test,1
91,2018-11-29,4,test,1
92,2018-11-29,4,test,1
93,2018-11-29,4,test,1
94,2018-11-29,4,test,1
95,2018-11-29,4,test,1
96,2018-11-29,4,test,1
97,2018-11-30,4,test,1
98,2018-11-30,4,test,1
99,2018-11-30,4,test,1
100,2018-11-30,4,test,1
101,2018-11-30,4,test,1
102,2018-11-30,4,test,1
103,2018-11-30,4,test,1
104,2018-11-30,4,test,1
105,2018-11-30,4,test,1
106,2018-11-30,4,test,1
107,2018-11-30,4,test,1
108,2018-11-30,4,test,1
109,2018-11-30,4,test,1
110,2018-11-30,4,test,1
111,2018-11-30,4,test,1
112,2018-11-30,4,test,1
113,2018-11-30,4,test,1
114,2018-11-30,4,test,1
115,2018-11-30,4,test,1
116,2018-11-30,4,test,1
117,2018-11-30,4,test,1
118,2018-11-30,4,test,1
119,2018-11-30,4,test,1
120,2018-11-30,4,test,1
