Hour,Temperature(°C),Humidity(%),Wind speed (m/s),Visibility (10m),Dew point temperature(°C),Solar Radiation (MJ/m2),Rainfall(mm),Snowfall (cm),Seasons,Holiday,Weekend
0,-5.2,37,2.2,1.0,-17.6,0.0,0.0,0.0,1,0,0
1,-5.5,38,0.8,1.0,-17.6,0.0,0.0,0.0,1,0,0
2,-6.0,39,1.0,1.0,-17.7,0.0,0.0,0.0,1,0,0
3,-6.2,40,0.9,1.0,-17.6,0.0,0.0,0.0,1,0,0
4,-6.0,36,2.3,1.0,-18.6,0.0,0.0,0.0,1,0,0
5,-6.4,37,1.5,1.0,-18.7,0.0,0.0,0.0,1,0,0
6,-6.6,35,1.3,1.0,-19.5,0.0,0.0,0.0,1,0,0
7,-7.4,38,0.9,1.0,-19.3,0.0,0.0,0.0,1,0,0
8,-7.6,37,1.1,1.0,-19.8,0.01,0.0,0.0,1,0,0
9,-6.5,27,0.5,0.964,-22.4,0.23,0.0,0.0,1,0,0
10,-3.5,24,1.2,0.998,-21.2,0.65,0.0,0.0,1,0,0
11,-0.5,21,1.3,0.968,-20.2,0.94,0.0,0.0,1,0,0
12,1.7,23,1.4,1.0,-17.2,1.11,0.0,0.0,1,0,0
13,2.4,25,1.6,1.0,-15.6,1.16,0.0,0.0,1,0,0
14,3.0,26,2.0,1.0,-14.6,1.01,0.0,0.0,1,0,0
15,2.1,36,3.2,1.0,-11.4,0.54,0.0,0.0,1,0,0
16,1.2,54,4.2,0.3965,-7.0,0.24,0.0,0.0,1,0,0
17,0.8,58,1.6,1.0,-6.5,0.08,0.0,0.0,1,0,0
18,0.6,66,1.4,1.0,-5.0,0.0,0.0,0.0,1,0,0
19,0.0,77,1.7,1.0,-3.5,0.0,0.0,0.0,1,0,0
20,-0.3,79,1.5,0.9565,-3.5,0.0,0.0,0.0,1,0,0
21,-0.8,81,0.8,0.8435,-3.6,0.0,0.0,0.0,1,0,0
22,-0.9,83,1.5,0.69,-3.4,0.0,0.0,0.0,1,0,0
23,-1.3,84,1.0,0.6325,-3.6,0.0,0.0,0.0,1,0,0
0,-1.8,87,1.1,0.497,-3.6,0.0,0.0,0.0,1,0,1
1,-2.2,86,0.6,0.495,-4.2,0.0,0.0,0.0,1,0,1
2,-2.9,86,1.5,0.628,-4.9,0.0,0.0,0.0,1,0,1
3,-3.5,81,2.2,0.6105,-6.2,0.0,0.0,0.0,1,0,1
4,-3.8,79,2.0,0.5835,-6.9,0.0,0.0,0.0,1,0,1
5,-4.0,79,1.5,0.601,-7.1,0.0,0.0,0.0,1,0,1
6,-4.3,82,2.1,0.589,-6.9,0.0,0.0,0.0,1,0,1
7,-4.4,81,2.5,0.638,-7.1,0.0,0.0,0.0,1,0,1
8,-4.2,79,2.1,0.718,-7.3,0.01,0.0,0.0,1,0,1
9,-2.9,68,1.6,0.7435,-7.9,0.3,0.0,0.0,1,0,1
10,-0.4,57,1.6,0.6545,-7.8,0.8,0.0,0.0,1,0,1
11,1.9,49,1.8,0.703,-7.7,1.0,0.0,0.0,1,0,1
12,4.3,41,1.3,0.833,-7.8,1.09,0.0,0.0,1,0,1
13,6.0,36,1.8,0.89,-7.9,1.12,0.0,0.0,1,0,1
14,7.3,35,1.3,0.9775,-7.1,0.99,0.0,0.0,1,0,1
15,7.6,41,2.3,0.9765,-4.8,0.74,0.0,0.0,1,0,1
16,6.4,48,2.6,0.9725,-3.8,0.22,0.0,0.0,1,0,1
17,6.0,51,2.5,0.9455,-3.3,0.06,0.0,0.0,1,0,1
18,5.5,53,1.5,0.8485,-3.3,0.0,0.0,0.0,1,0,1
19,5.0,52,2.3,0.833,-4.0,0.0,0.0,0.0,1,0,1
20,4.6,51,1.2,0.7925,-4.6,0.0,0.0,0.0,1,0,1
21,4.1,55,1.2,0.724,-4.1,0.0,0.0,0.0,1,0,1
22,3.5,54,1.5,0.723,-4.9,0.0,0.0,0.0,1,0,1
23,4.0,56,1.0,0.676,-4.0,0.0,0.0,0.0,1,0,1
0,4.0,58,1.4,0.648,-3.5,0.0,0.0,0.0,1,0,1
1,3.9,69,1.7,0.2425,-1.2,0.0,0.0,0.0,1,0,1
2,3.3,79,1.4,0.415,0.0,0.0,0.0,0.0,1,0,1
3,3.4,71,1.6,0.5055,-1.3,0.0,0.5,0.0,1,0,1
4,3.5,73,1.0,0.53,-0.8,0.0,0.0,0.0,1,0,1
5,3.9,75,1.9,0.457,-0.1,0.0,0.0,0.0,1,0,1
6,3.4,86,2.5,0.139,1.2,0.0,1.0,0.0,1,0,1
7,3.1,91,1.2,0.0645,1.7,0.0,0.0,0.0,1,0,1
8,3.2,92,1.8,0.122,2.0,0.0,0.0,0.0,1,0,1
9,3.5,91,1.8,0.1155,2.1,0.02,2.5,0.0,1,0,1
10,4.4,89,2.2,0.1285,2.7,0.24,0.0,0.0,1,0,1
11,5.1,87,1.4,0.1605,3.1,0.25,0.0,0.0,1,0,1
12,5.8,85,1.7,0.1745,3.4,0.43,0.0,0.0,1,0,1
13,6.8,81,1.9,0.195,3.7,0.6,0.0,0.0,1,0,1
14,7.6,76,1.2,0.211,3.6,0.69,0.0,0.0,1,0,1
15,8.0,73,1.6,0.2165,3.4,0.53,0.0,0.0,1,0,1
16,7.6,77,1.6,0.1995,3.8,0.2,0.0,0.0,1,0,1
17,6.7,82,1.5,0.179,3.8,0.05,0.0,0.0,1,0,1
18,6.0,84,1.9,0.1635,3.4,0.0,0.0,0.0,1,0,1
19,5.7,85,1.7,0.1545,3.3,0.0,0.0,0.0,1,0,1
20,5.2,87,1.4,0.1265,3.2,0.0,0.0,0.0,1,0,1
21,4.7,87,1.2,0.1235,2.7,0.0,0.0,0.0,1,0,1
22,4.3,89,1.8,0.1005,2.6,0.0,0.0,0.0,1,0,1
23,3.9,90,1.3,0.097,2.4,0.0,0.0,0.0,1,0,1
0,4.2,88,0.6,0.108,2.3,0.0,0.0,0.0,1,0,0
1,4.3,87,0.5,0.1105,2.3,0.0,0.0,0.0,1,0,0
2,4.4,87,1.8,0.1035,2.4,0.0,0.0,0.0,1,0,0
3,3.6,85,2.3,0.103,1.3,0.0,0.0,0.0,1,0,0
4,2.8,89,1.5,0.065,1.1,0.0,0.0,0.0,1,0,0
5,2.0,83,2.7,0.1265,-0.5,0.0,0.0,0.0,1,0,0
6,1.2,76,3.7,0.1855,-2.5,0.0,0.1,0.0,1,0,0
7,0.2,68,3.4,0.351,-5.0,0.0,0.0,0.0,1,0,0
8,-0.8,69,3.5,0.477,-5.7,0.01,0.0,0.0,1,0,0
9,-1.5,47,4.2,0.944,-11.3,0.22,0.0,0.0,1,0,0
10,-1.1,40,4.5,1.0,-13.0,0.64,0.0,0.0,1,0,0
11,-0.5,41,4.1,0.8995,-12.1,0.94,0.0,0.0,1,0,0
12,-0.3,38,4.8,0.9115,-12.9,1.11,0.0,0.0,1,0,0
13,0.0,30,5.4,0.969,-15.5,1.17,0.0,0.0,1,0,0
14,0.1,27,4.5,1.0,-16.7,1.09,0.0,0.0,1,0,0
15,-0.1,25,5.8,1.0,-17.8,0.88,0.0,0.0,1,0,0
16,-0.2,23,4.7,1.0,-18.8,0.55,0.0,0.0,1,0,0
17,-1.3,26,5.3,1.0,-18.3,0.18,0.0,0.0,1,0,0
18,-2.1,29,3.9,1.0,-17.7,0.0,0.0,0.0,1,0,0
19,-2.9,32,3.2,1.0,-17.3,0.0,0.0,0.0,1,0,0
20,-3.6,38,3.0,1.0,-15.8,0.0,0.0,0.0,1,0,0
21,-4.6,43,4.5,1.0,-15.3,0.0,0.0,0.0,1,0,0
22,-5.3,45,2.5,1.0,-15.3,0.0,0.0,0.0,1,0,0
23,-5.8,44,2.4,1.0,-16.1,0.0,0.0,0.0,1,0,0
0,-6.1,42,2.6,1.0,-16.9,0.0,0.0,0.0,1,0,0
1,-6.5,41,2.8,1.0,-17.6,0.0,0.0,0.0,1,0,0
2,-6.8,41,2.5,1.0,-17.8,0.0,0.0,0.0,1,0,0
3,-6.9,39,2.0,1.0,-18.5,0.0,0.0,0.0,1,0,0
4,-7.2,34,3.0,1.0,-20.4,0.0,0.0,0.0,1,0,0
5,-7.4,33,2.6,1.0,-20.9,0.0,0.0,0.0,1,0,0
6,-7.4,34,3.2,1.0,-20.6,0.0,0.0,0.0,1,0,0
7,-7.5,33,2.2,1.0,-21.0,0.0,0.0,0.0,1,0,0
8,-8.1,36,1.6,1.0,-20.5,0.01,0.0,0.0,1,0,0
9,-7.6,31,1.3,0.987,-21.8,0.21,0.0,0.0,1,0,0
10,-5.5,26,2.8,0.9835,-22.0,0.64,0.0,0.0,1,0,0
11,-3.9,25,0.0,0.9795,-21.0,0.0,0.0,0.0,1,0,0
12,-2.3,25,0.0,0.981,-19.7,0.0,0.0,0.0,1,0,0
13,-1.6,27,0.0,0.9775,-18.2,0.0,0.0,0.0,1,0,0
14,-1.1,28,0.0,1.0,-17.3,0.0,0.0,0.0,1,0,0
15,-0.7,28,0.0,1.0,-16.9,0.0,0.0,0.0,1,0,0
16,-0.5,30,0.0,1.0,-16.0,0.0,0.0,0.0,1,0,0
17,-1.6,35,0.0,1.0,-15.1,0.0,0.0,0.0,1,0,0
18,-2.6,40,0.0,1.0,-14.4,0.0,0.0,0.0,1,0,0
19,-3.2,45,0.0,1.0,-13.5,0.0,0.0,0.0,1,0,0
20,-3.5,46,0.0,1.0,-13.4,0.0,0.0,0.0,1,0,0
21,-3.7,47,0.0,1.0,-13.3,0.0,0.0,0.0,1,0,0
22,-2.8,49,0.0,1.0,-12.0,0.0,0.0,0.0,1,0,0
23,-2.5,59,0.0,0.605,-9.4,0.0,0.0,0.0,1,0,0
0,-2.8,77,0.0,0.1655,-6.2,0.0,0.1,0.1,1,0,0
1,-3.0,79,0.0,0.1465,-6.1,0.0,0.0,0.3,1,0,0
2,-3.0,79,0.0,0.931,-6.1,0.0,0.0,0.4,1,0,0
3,-3.2,78,0.0,0.904,-6.4,0.0,0.2,0.4,1,0,0
4,-3.4,75,0.0,0.991,-7.2,0.0,0.0,0.4,1,0,0
5,-3.6,76,0.0,0.967,-7.2,0.0,0.0,0.4,1,0,0
6,-3.7,76,0.0,0.932,-7.3,0.0,0.0,0.4,1,0,0
7,-4.2,77,0.0,0.8705,-7.6,0.0,0.0,0.3,1,0,0
8,-4.2,78,0.0,0.759,-7.4,0.01,0.0,0.2,1,0,0
9,-3.3,70,0.0,0.662,-7.9,0.25,0.0,0.2,1,0,0
10,-0.9,64,0.0,0.612,-6.8,0.63,0.0,0.2,1,0,0
11,1.6,57,1.2,0.6305,-6.0,0.93,0.0,0.0,1,0,0
12,2.4,52,0.9,0.612,-6.4,1.08,0.0,0.0,1,0,0
13,4.2,47,1.1,0.7345,-6.1,1.1,0.0,0.0,1,0,0
14,5.5,34,1.0,0.983,-9.1,0.96,0.0,0.0,1,0,0
15,5.5,31,3.1,0.984,-10.3,0.72,0.0,0.0,1,0,0
16,5.3,37,2.9,1.0,-8.2,0.36,0.0,0.0,1,0,0
17,4.1,60,2.5,0.7825,-2.9,0.1,0.0,0.0,1,0,0
18,1.7,90,1.0,0.033,0.2,0.0,0.3,0.3,1,0,0
19,1.2,92,0.7,0.09,0.0,0.0,0.0,1.0,1,0,0
20,1.2,94,0.6,0.114,0.3,0.0,0.0,1.0,1,0,0
21,1.1,92,0.5,0.1175,0.0,0.0,0.7,1.0,1,0,0
22,1.3,92,0.6,0.1165,0.1,0.0,0.0,1.0,1,0,0
23,1.3,92,0.6,0.1045,0.1,0.0,0.0,1.0,1,0,0
0,1.4,92,0.5,0.12,0.2,0.0,0.0,0.9,1,0,0
1,1.5,92,0.4,0.1135,0.3,0.0,0.0,0.9,1,0,0
2,1.4,92,0.7,0.084,0.2,0.0,0.0,0.9,1,0,0
3,1.9,91,1.4,0.109,0.5,0.0,0.0,0.9,1,0,0
4,1.6,92,0.7,0.0595,0.4,0.0,0.0,0.9,1,0,0
5,1.5,92,1.1,0.0875,0.3,0.0,0.0,0.9,1,0,0
6,1.0,93,0.5,0.074,0.0,0.0,0.0,0.9,1,0,0
7,0.3,93,0.5,0.0865,-0.7,0.0,0.0,0.9,1,0,0
8,-0.2,96,0.8,0.0865,-0.7,0.01,0.0,0.8,1,0,0
9,0.1,91,0.8,0.1325,-1.1,0.14,0.0,0.8,1,0,0
10,1.1,83,0.7,0.1555,-1.4,0.41,0.0,0.7,1,0,0
11,2.3,69,1.7,0.314,-2.8,0.63,0.0,0.6,1,0,0
12,3.7,65,2.4,0.4165,-2.2,0.98,0.0,0.3,1,0,0
13,4.1,37,3.1,0.8835,-9.3,1.14,0.0,0.0,1,0,0
14,4.4,36,2.7,0.9875,-9.4,1.04,0.0,0.0,1,0,0
15,4.0,35,3.1,0.981,-10.1,0.84,0.0,0.0,1,0,0
16,3.2,38,2.9,0.9085,-9.7,0.51,0.0,0.0,1,0,0
17,2.1,50,2.0,0.717,-7.2,0.15,0.0,0.0,1,0,0
18,0.7,46,2.7,0.779,-9.6,0.0,0.0,0.0,1,0,0
19,-0.4,47,2.5,0.6345,-10.3,0.0,0.0,0.0,1,0,0
20,-1.4,47,2.5,0.81,-11.2,0.0,0.0,0.0,1,0,0
21,-2.2,46,2.2,0.9875,-12.2,0.0,0.0,0.0,1,0,0
22,-2.7,48,2.6,0.922,-12.2,0.0,0.0,0.0,1,0,0
23,-3.2,50,2.1,0.9435,-12.1,0.0,0.0,0.0,1,0,0
0,-3.5,49,2.6,0.9465,-12.6,0.0,0.0,0.0,1,0,0
1,-3.7,50,2.5,0.951,-12.6,0.0,0.0,0.0,1,0,0
2,-4.3,53,1.0,0.959,-12.4,0.0,0.0,0.0,1,0,0
3,-4.8,52,1.6,0.989,-13.1,0.0,0.0,0.0,1,0,0
4,-5.3,53,2.4,0.968,-13.4,0.0,0.0,0.0,1,0,0
5,-5.8,56,2.0,0.9705,-13.1,0.0,0.0,0.0,1,0,0
6,-6.0,56,3.5,0.9265,-13.3,0.0,0.0,0.0,1,0,0
7,-6.5,57,0.8,0.888,-13.6,0.0,0.0,0.0,1,0,0
8,-7.0,59,0.8,0.7795,-13.6,0.01,0.0,0.0,1,0,0
9,-6.7,50,0.9,0.746,-15.4,0.23,0.0,0.0,1,0,0
10,-5.3,44,2.8,0.758,-15.6,0.63,0.0,0.0,1,0,0
11,-3.7,39,1.4,0.7975,-15.6,0.93,0.0,0.0,1,0,0
12,-2.0,30,1.4,0.864,-17.3,1.14,0.0,0.0,1,0,0
13,-1.7,28,1.8,0.9815,-17.8,1.22,0.0,0.0,1,0,0
14,-1.3,27,3.1,0.953,-17.9,1.12,0.0,0.0,1,0,0
15,-0.8,26,3.3,0.9885,-17.9,0.87,0.0,0.0,1,0,0
16,-1.1,24,3.4,1.0,-19.1,0.56,0.0,0.0,1,0,0
17,-2.4,30,2.7,1.0,-17.6,0.18,0.0,0.0,1,0,0
18,-3.1,33,1.2,1.0,-17.1,0.0,0.0,0.0,1,0,0
19,-3.3,35,1.1,1.0,-16.6,0.0,0.0,0.0,1,0,0
20,-3.3,34,1.5,1.0,-16.9,0.0,0.0,0.0,1,0,0
21,-3.3,35,0.5,1.0,-16.6,0.0,0.0,0.0,1,0,0
22,-3.4,39,1.2,1.0,-15.4,0.0,0.0,0.0,1,0,0
23,-3.5,43,0.9,1.0,-14.3,0.0,0.0,0.0,1,0,0
0,-3.5,48,0.9,0.9835,-12.9,0.0,0.0,0.0,1,0,1
1,-4.1,49,0.6,1.0,-13.2,0.0,0.0,0.0,1,0,1
2,-4.7,50,0.7,0.9915,-13.5,0.0,0.0,0.0,1,0,1
3,-4.3,47,0.6,0.996,-13.9,0.0,0.0,0.0,1,0,1
4,-4.3,49,0.7,1.0,-13.4,0.0,0.0,0.0,1,0,1
5,-4.7,49,0.8,0.9995,-13.8,0.0,0.0,0.0,1,0,1
6,-5.1,53,0.9,0.9875,-13.2,0.0,0.0,0.0,1,0,1
7,-5.5,56,0.8,0.975,-12.9,0.0,0.0,0.0,1,0,1
8,-5.4,56,0.7,0.97,-12.8,0.01,0.0,0.0,1,0,1
9,-4.7,48,1.0,0.892,-14.0,0.23,0.0,0.0,1,0,1
10,-2.2,42,1.3,0.823,-13.4,0.61,0.0,0.0,1,0,1
11,0.0,45,1.1,0.75,-10.5,0.89,0.0,0.0,1,0,1
12,2.4,40,0.8,0.9045,-9.8,1.05,0.0,0.0,1,0,1
13,3.9,36,2.0,0.851,-9.8,1.13,0.0,0.0,1,0,1
14,4.7,32,2.2,0.974,-10.6,1.06,0.0,0.0,1,0,1
15,5.2,30,2.0,0.9815,-11.0,0.84,0.0,0.0,1,0,1
16,4.4,33,1.6,0.9815,-10.5,0.4,0.0,0.0,1,0,1
17,3.5,37,1.8,0.9815,-9.8,0.1,0.0,0.0,1,0,1
18,2.5,41,1.0,0.987,-9.4,0.0,0.0,0.0,1,0,1
19,1.5,48,0.4,0.939,-8.3,0.0,0.0,0.0,1,0,1
20,0.8,51,1.4,0.924,-8.2,0.0,0.0,0.0,1,0,1
21,-0.1,55,0.7,0.827,-8.0,0.0,0.0,0.0,1,0,1
22,-0.5,55,0.6,0.8275,-8.4,0.0,0.0,0.0,1,0,1
23,-0.1,54,1.3,0.785,-8.3,0.0,0.0,0.0,1,0,1
0,-0.2,55,1.0,0.8145,-8.1,0.0,0.0,0.0,1,0,1
1,-0.2,54,0.5,0.8735,-8.4,0.0,0.0,0.0,1,0,1
2,0.2,52,0.7,0.863,-8.5,0.0,0.0,0.0,1,0,1
3,0.3,53,0.5,0.874,-8.1,0.0,0.0,0.0,1,0,1
4,0.4,52,1.6,0.908,-8.3,0.0,0.0,0.0,1,0,1
5,0.3,74,1.0,0.089,-3.7,0.0,0.0,0.7,1,0,1
6,-0.5,90,0.9,0.0455,-1.9,0.0,2.5,2.7,1,0,1
7,-0.4,92,1.1,0.0605,-1.5,0.0,0.0,4.0,1,0,1
8,-0.2,90,1.2,0.189,-1.6,0.0,0.0,4.1,1,0,1
9,0.2,90,1.0,0.1525,-1.2,0.0,1.6,4.3,1,0,1
10,0.5,91,0.4,0.0715,-0.8,0.0,0.0,4.3,1,0,1
11,0.9,92,0.9,0.0685,-0.2,0.03,0.0,3.9,1,0,1
12,2.3,88,0.3,0.1225,0.5,0.28,0.0,3.1,1,0,1
13,3.3,87,1.1,0.115,1.3,0.54,0.0,2.1,1,0,1
14,4.2,85,0.7,0.1625,1.8,0.65,0.0,1.4,1,0,1
15,6.7,63,4.5,0.3575,0.1,0.35,0.0,1.0,1,0,1
16,5.4,71,3.5,0.311,0.5,0.2,0.0,0.5,1,0,1
17,3.6,65,4.3,0.5305,-2.3,0.03,0.0,0.4,1,0,1
18,2.0,61,3.0,1.0,-4.7,0.0,0.0,0.0,1,0,1
19,1.6,53,4.0,1.0,-6.9,0.0,0.0,0.0,1,0,1
20,0.6,57,3.9,0.977,-6.9,0.0,0.0,0.0,1,0,1
21,0.0,59,3.0,0.931,-7.0,0.0,0.0,0.0,1,0,1
22,-1.0,56,4.7,1.0,-8.6,0.0,0.0,0.0,1,0,1
23,-1.4,43,4.3,1.0,-12.3,0.0,0.0,0.0,1,0,1
0,-2.5,39,3.4,1.0,-14.5,0.0,0.0,0.0,1,0,0
1,-3.4,36,3.8,1.0,-16.3,0.0,0.0,0.0,1,0,0
2,-4.2,35,3.4,1.0,-17.4,0.0,0.0,0.0,1,0,0
3,-4.7,38,2.4,1.0,-16.8,0.0,0.0,0.0,1,0,0
4,-5.2,35,3.2,1.0,-18.3,0.0,0.0,0.0,1,0,0
5,-5.6,38,3.2,0.987,-17.6,0.0,0.0,0.0,1,0,0
6,-5.9,39,2.9,0.9895,-17.6,0.0,0.0,0.0,1,0,0
7,-6.0,39,3.1,0.998,-17.7,0.0,0.0,0.0,1,0,0
8,-6.0,38,3.6,0.997,-18.0,0.01,0.0,0.0,1,0,0
9,-5.9,36,5.1,0.9705,-18.6,0.1,0.0,0.0,1,0,0
10,-5.3,32,4.5,1.0,-19.4,0.62,0.0,0.0,1,0,0
11,-4.7,36,3.8,1.0,-17.5,1.0,0.0,0.0,1,0,0
12,-5.2,33,4.6,0.9865,-19.0,1.26,0.0,0.0,1,0,0
13,-5.4,32,5.1,0.993,-19.5,1.24,0.0,0.0,1,0,0
14,-5.4,31,4.1,0.9725,-19.9,1.13,0.0,0.0,1,0,0
15,-5.5,33,4.5,1.0,-19.2,0.92,0.0,0.0,1,0,0
16,-6.0,40,4.0,1.0,-17.4,0.55,0.0,0.0,1,0,0
17,-7.1,44,4.2,1.0,-17.3,0.18,0.0,0.0,1,0,0
18,-7.9,43,3.3,1.0,-18.3,0.0,0.0,0.0,1,0,0
19,-8.6,45,3.9,1.0,-18.4,0.0,0.0,0.0,1,0,0
20,-9.3,49,3.8,1.0,-18.0,0.0,0.0,0.0,1,0,0
21,-9.7,51,2.5,1.0,-17.9,0.0,0.0,0.0,1,0,0
22,-10.2,50,3.0,1.0,-18.6,0.0,0.0,0.0,1,0,0
23,-10.7,53,1.2,1.0,-18.4,0.0,0.0,0.0,1,0,0
0,-11.0,51,1.1,1.0,-19.1,0.0,0.0,0.0,1,0,0
1,-11.2,51,1.1,1.0,-19.3,0.0,0.0,0.0,1,0,0
2,-11.5,50,0.7,1.0,-19.8,0.0,0.0,0.0,1,0,0
3,-11.6,50,2.2,0.9975,-19.9,0.0,0.0,0.0,1,0,0
4,-11.6,47,2.1,0.991,-20.6,0.0,0.0,0.0,1,0,0
5,-11.6,45,2.8,0.9755,-21.1,0.0,0.0,0.0,1,0,0
6,-11.8,47,2.5,0.9865,-20.8,0.0,0.0,0.0,1,0,0
7,-12.1,50,2.3,0.9645,-20.4,0.0,0.0,0.0,1,0,0
8,-12.3,52,1.3,0.957,-20.1,0.0,0.0,0.0,1,0,0
9,-11.8,46,2.9,0.978,-21.1,0.1,0.0,0.0,1,0,0
10,-10.5,45,3.3,0.9275,-20.1,0.6,0.0,0.0,1,0,0
11,-9.4,42,3.1,0.9075,-19.9,0.93,0.0,0.0,1,0,0
12,-8.3,35,2.9,0.9835,-21.0,1.14,0.0,0.0,1,0,0
13,-6.9,37,2.4,0.9775,-19.1,1.22,0.0,0.0,1,0,0
14,-5.4,32,2.0,0.965,-19.5,1.12,0.0,0.0,1,0,0
15,-5.8,30,2.8,1.0,-20.6,0.92,0.0,0.0,1,0,0
16,-6.0,29,2.8,0.9915,-21.2,0.58,0.0,0.0,1,0,0
17,-7.0,32,2.6,1.0,-20.9,0.19,0.0,0.0,1,0,0
18,-7.7,36,1.0,1.0,-20.2,0.0,0.0,0.0,1,0,0
19,-8.2,43,1.1,1.0,-18.5,0.0,0.0,0.0,1,0,0
20,-8.4,42,1.0,1.0,-19.0,0.0,0.0,0.0,1,0,0
21,-8.8,43,1.4,0.9995,-19.1,0.0,0.0,0.0,1,0,0
22,-9.0,45,1.3,0.9995,-18.7,0.0,0.0,0.0,1,0,0
23,-9.3,47,2.1,1.0,-18.5,0.0,0.0,0.0,1,0,0
0,-9.5,48,1.3,0.998,-18.4,0.0,0.0,0.0,1,0,0
1,-10.2,52,1.6,0.9985,-18.2,0.0,0.0,0.0,1,0,0
2,-10.4,53,1.8,0.9745,-18.1,0.0,0.0,0.0,1,0,0
3,-10.9,55,1.8,0.9565,-18.1,0.0,0.0,0.0,1,0,0
4,-11.4,58,1.3,0.9535,-18.0,0.0,0.0,0.0,1,0,0
5,-11.5,58,1.1,0.9615,-18.1,0.0,0.0,0.0,1,0,0
6,-11.9,57,1.1,0.987,-18.7,0.0,0.0,0.0,1,0,0
7,-11.7,53,1.6,0.999,-19.3,0.0,0.0,0.0,1,0,0
8,-11.4,47,3.3,1.0,-20.4,0.0,0.0,0.0,1,0,0
9,-11.1,46,3.4,0.9905,-20.4,0.1,0.0,0.0,1,0,0
10,-9.5,39,2.1,0.9375,-20.9,0.6,0.0,0.0,1,0,0
11,-8.1,35,1.8,0.903,-20.9,0.96,0.0,0.0,1,0,0
12,-6.5,30,2.9,0.9725,-21.2,1.17,0.0,0.0,1,0,0
13,-5.8,28,2.9,0.9435,-21.4,1.23,0.0,0.0,1,0,0
14,-4.7,27,2.9,0.9415,-20.8,1.12,0.0,0.0,1,0,0
15,-4.9,26,3.1,0.9435,-21.5,0.89,0.0,0.0,1,0,0
16,-4.5,26,2.2,1.0,-21.1,0.56,0.0,0.0,1,0,0
17,-5.6,29,1.7,1.0,-20.8,0.18,0.0,0.0,1,0,0
18,-6.6,33,1.1,1.0,-20.2,0.0,0.0,0.0,1,0,0
19,-6.6,31,1.6,1.0,-20.9,0.0,0.0,0.0,1,0,0
20,-7.6,35,0.8,1.0,-20.4,0.0,0.0,0.0,1,0,0
21,-8.3,39,1.0,1.0,-19.8,0.0,0.0,0.0,1,0,0
22,-8.9,39,0.1,1.0,-20.3,0.0,0.0,0.0,1,0,0
23,-9.2,44,0.4,0.989,-19.2,0.0,0.0,0.0,1,0,0
0,-9.5,50,0.6,0.9765,-18.0,0.0,0.0,0.0,1,0,0
1,-9.8,48,0.8,1.0,-18.7,0.0,0.0,0.0,1,0,0
2,-10.6,44,0.8,0.9515,-20.5,0.0,0.0,0.0,1,0,0
3,-10.7,48,0.4,0.8255,-19.6,0.0,0.0,0.0,1,0,0
4,-11.0,50,0.8,0.859,-19.4,0.0,0.0,0.0,1,0,0
5,-10.8,48,0.8,0.824,-19.6,0.0,0.0,0.0,1,0,0
6,-11.0,55,0.8,0.7705,-18.2,0.0,0.0,0.0,1,0,0
7,-10.9,57,1.1,0.6935,-17.7,0.0,0.0,0.0,1,0,0
8,-10.4,54,1.1,0.716,-17.9,0.01,0.0,0.0,1,0,0
9,-9.4,44,0.5,0.84,-19.4,0.13,0.0,0.0,1,0,0
10,-7.7,43,0.9,0.7775,-18.1,0.35,0.0,0.0,1,0,0
11,-6.1,38,1.0,0.7935,-18.1,0.52,0.0,0.0,1,0,0
12,-4.9,34,1.3,0.884,-18.3,0.6,0.0,0.0,1,0,0
13,-3.8,32,0.9,0.9135,-18.1,0.52,0.0,0.0,1,0,0
14,-2.7,28,0.7,0.9285,-18.7,0.65,0.0,0.0,1,0,0
15,-2.5,29,1.1,0.8335,-18.1,0.48,0.0,0.0,1,0,0
16,-2.4,28,0.9,0.939,-18.4,0.35,0.0,0.0,1,0,0
17,-2.9,31,0.6,0.8615,-17.7,0.09,0.0,0.0,1,0,0
18,-3.5,35,1.1,0.707,-16.7,0.0,0.0,0.0,1,0,0
19,-4.2,40,0.9,0.608,-15.8,0.0,0.0,0.0,1,0,0
20,-4.8,43,1.1,0.6985,-15.4,0.0,0.0,0.0,1,0,0
21,-4.8,45,0.8,0.6755,-14.9,0.0,0.0,0.0,1,0,0
22,-4.9,44,1.1,0.6845,-15.3,0.0,0.0,0.0,1,0,0
23,-5.6,53,1.2,0.645,-13.6,0.0,0.0,0.0,1,0,0
0,-5.7,53,0.6,0.631,-13.7,0.0,0.0,0.0,1,0,0
1,-6.3,57,0.4,0.574,-13.4,0.0,0.0,0.0,1,0,0
2,-6.8,58,0.4,0.5445,-13.6,0.0,0.0,0.0,1,0,0
3,-6.9,56,0.5,0.5555,-14.2,0.0,0.0,0.0,1,0,0
4,-7.1,59,0.8,0.529,-13.7,0.0,0.0,0.0,1,0,0
5,-7.5,64,0.9,0.4945,-13.1,0.0,0.0,0.0,1,0,0
6,-7.4,64,0.7,0.453,-13.0,0.0,0.0,0.0,1,0,0
7,-7.0,63,0.6,0.4325,-12.8,0.0,0.0,0.0,1,0,0
8,-6.6,64,1.1,0.3955,-12.2,0.0,0.0,0.0,1,0,0
9,-5.9,60,0.6,0.3455,-12.4,0.09,0.0,0.0,1,0,0
10,-4.6,52,0.8,0.324,-12.9,0.34,0.0,0.0,1,0,0
11,-2.9,46,1.0,0.4045,-12.9,0.42,0.0,0.0,1,0,0
12,-2.5,43,0.7,0.4475,-13.3,0.34,0.0,0.0,1,0,0
13,-1.6,40,0.3,0.434,-13.4,0.32,0.0,0.0,1,0,0
14,-0.7,39,0.8,0.413,-12.9,0.35,0.0,0.0,1,0,0
15,0.1,35,1.5,0.473,-13.5,0.42,0.0,0.0,1,0,0
16,0.0,37,0.6,0.497,-12.9,0.13,0.0,0.0,1,0,0
17,-0.2,39,0.8,0.508,-12.5,0.0,0.0,0.0,1,0,0
18,0.1,43,0.9,0.7425,-11.0,0.0,0.0,0.0,1,0,0
19,0.6,41,1.2,0.775,-11.1,0.0,0.0,0.0,1,0,0
20,0.9,42,1.2,0.5565,-10.5,0.0,0.0,0.0,1,0,0
21,0.7,47,2.7,0.6415,-9.3,0.0,0.0,0.0,1,0,0
22,-0.1,49,2.0,0.435,-9.5,0.0,0.0,0.0,1,0,0
23,-1.3,60,2.5,0.396,-8.0,0.0,0.0,0.0,1,0,0
0,-2.6,73,3.4,0.3935,-6.7,0.0,0.0,0.0,1,0,1
1,-3.4,76,2.9,0.291,-7.0,0.0,0.0,0.0,1,0,1
2,-4.1,73,2.1,0.2835,-8.2,0.0,0.0,0.0,1,0,1
3,-4.5,71,1.6,0.3255,-8.9,0.0,0.0,0.0,1,0,1
4,-5.0,70,2.7,0.351,-9.6,0.0,0.0,0.0,1,0,1
5,-5.6,72,2.0,0.331,-9.8,0.0,0.0,0.0,1,0,1
6,-6.1,69,2.9,0.3825,-10.8,0.0,0.0,0.0,1,0,1
7,-6.7,64,2.1,0.4885,-12.3,0.0,0.0,0.0,1,0,1
8,-7.3,62,2.6,0.556,-13.3,0.0,0.0,0.0,1,0,1
9,-7.2,47,2.8,0.862,-16.6,0.18,0.0,0.0,1,0,1
10,-6.2,42,2.3,0.9465,-17.0,0.52,0.0,0.0,1,0,1
11,-5.2,30,4.0,0.9955,-20.1,0.86,0.0,0.0,1,0,1
12,-4.1,28,3.8,0.999,-19.9,1.08,0.0,0.0,1,0,1
13,-3.7,23,4.0,0.99,-21.8,1.12,0.0,0.0,1,0,1
14,-3.4,22,4.3,0.983,-22.1,1.07,0.0,0.0,1,0,1
15,-3.3,22,5.0,1.0,-22.0,0.86,0.0,0.0,1,0,1
16,-3.3,24,3.5,1.0,-21.0,0.54,0.0,0.0,1,0,1
17,-4.6,26,2.6,1.0,-21.2,0.17,0.0,0.0,1,0,1
18,-5.3,28,3.5,1.0,-21.0,0.0,0.0,0.0,1,0,1
19,-6.0,32,2.4,1.0,-20.0,0.0,0.0,0.0,1,0,1
20,-6.6,37,3.4,1.0,-18.9,0.0,0.0,0.0,1,0,1
21,-7.1,39,3.2,1.0,-18.7,0.0,0.0,0.0,1,0,1
22,-7.6,41,1.6,1.0,-18.6,0.0,0.0,0.0,1,0,1
23,-8.0,41,2.2,1.0,-18.9,0.0,0.0,0.0,1,0,1
0,-8.1,41,2.0,1.0,-19.0,0.0,0.0,0.0,1,0,1
1,-8.4,40,1.6,1.0,-19.6,0.0,0.0,0.0,1,0,1
2,-8.7,40,2.8,1.0,-19.8,0.0,0.0,0.0,1,0,1
3,-9.0,40,3.1,1.0,-20.1,0.0,0.0,0.0,1,0,1
4,-9.5,40,1.9,1.0,-20.6,0.0,0.0,0.0,1,0,1
5,-9.7,41,3.1,1.0,-20.5,0.0,0.0,0.0,1,0,1
6,-9.9,42,2.3,1.0,-20.4,0.0,0.0,0.0,1,0,1
7,-10.2,42,2.3,1.0,-20.6,0.0,0.0,0.0,1,0,1
8,-10.7,43,0.9,1.0,-20.8,0.0,0.0,0.0,1,0,1
9,-10.5,38,1.1,0.975,-22.1,0.19,0.0,0.0,1,0,1
10,-8.5,31,1.5,0.9985,-22.6,0.58,0.0,0.0,1,0,1
11,-7.2,29,1.8,0.963,-22.2,0.88,0.0,0.0,1,0,1
12,-4.9,25,2.6,0.983,-21.9,1.08,0.0,0.0,1,0,1
13,-4.5,25,3.2,0.9945,-21.6,1.14,0.0,0.0,1,0,1
14,-3.2,26,3.1,0.9665,-20.0,1.07,0.0,0.0,1,0,1
15,-2.5,28,2.0,1.0,-18.5,0.85,0.0,0.0,1,0,1
16,-2.7,31,2.3,1.0,-17.5,0.54,0.0,0.0,1,0,1
17,-3.8,35,2.4,1.0,-17.0,0.17,0.0,0.0,1,0,1
18,-4.7,37,1.8,1.0,-17.2,0.01,0.0,0.0,1,0,1
19,-5.6,39,1.1,1.0,-17.3,0.0,0.0,0.0,1,0,1
20,-6.0,42,0.8,1.0,-16.8,0.0,0.0,0.0,1,0,1
21,-6.5,45,0.7,1.0,-16.4,0.0,0.0,0.0,1,0,1
22,-6.6,50,0.6,0.995,-15.3,0.0,0.0,0.0,1,0,1
23,-6.9,53,0.7,1.0,-14.8,0.0,0.0,0.0,1,0,1
0,-5.9,50,0.6,1.0,-14.6,0.0,0.0,0.0,1,0,0
1,-5.3,48,0.4,0.832,-14.6,0.0,0.0,0.0,1,0,0
2,-5.0,65,0.4,0.495,-10.5,0.0,0.0,0.2,1,0,0
3,-5.3,76,1.0,0.3835,-8.8,0.0,0.3,0.5,1,0,0
4,-5.4,81,0.7,0.135,-8.1,0.0,0.0,0.7,1,0,0
5,-5.3,81,0.9,0.4615,-8.0,0.0,0.0,0.8,1,0,0
6,-5.2,85,0.9,0.1355,-7.3,0.0,0.4,1.3,1,0,0
7,-5.0,85,0.7,0.093,-7.1,0.0,0.0,1.8,1,0,0
8,-4.6,86,1.2,0.254,-6.5,0.0,0.0,2.0,1,0,0
9,-4.3,89,1.0,0.0295,-5.8,0.0,1.6,4.0,1,0,0
10,-3.7,87,1.0,0.2705,-5.5,0.03,0.0,4.8,1,0,0
11,-2.9,85,1.2,0.1215,-5.0,0.06,0.0,4.8,1,0,0
12,-1.8,83,1.2,0.1755,-4.3,0.09,1.1,5.1,1,0,0
13,-0.9,84,1.2,0.1665,-3.2,0.09,0.0,5.0,1,0,0
14,0.5,76,0.9,0.182,-3.2,0.17,0.0,4.2,1,0,0
15,1.6,73,0.9,0.2105,-2.7,0.6,0.0,3.2,1,0,0
16,1.8,76,0.8,0.205,-1.9,0.47,0.0,2.7,1,0,0
17,0.4,84,0.8,0.1585,-1.9,0.15,0.0,2.7,1,0,0
18,0.0,88,0.6,0.1385,-1.7,0.0,0.0,2.7,1,0,0
19,1.3,65,1.1,0.561,-4.5,0.0,0.0,2.7,1,0,0
20,3.3,65,3.2,0.586,-2.6,0.0,0.0,2.7,1,0,0
21,2.8,73,2.4,0.4155,-1.5,0.0,0.0,2.6,1,0,0
22,1.5,82,2.4,0.2685,-1.2,0.0,0.0,2.6,1,0,0
23,0.1,81,2.9,0.2755,-2.7,0.0,0.0,2.6,1,0,0
0,-1.0,73,2.3,0.4405,-5.2,0.0,0.0,2.6,1,0,0
1,-2.0,72,0.8,0.4895,-6.3,0.0,0.0,2.6,1,0,0
2,-2.7,72,0.9,0.495,-7.0,0.0,0.0,2.6,1,0,0
3,-2.8,58,1.6,0.6575,-9.9,0.0,0.0,2.6,1,0,0
4,-2.9,59,1.8,0.643,-9.8,0.0,0.0,2.6,1,0,0
5,-3.9,66,0.7,0.6045,-9.3,0.0,0.0,2.6,1,0,0
6,-4.3,70,1.6,0.5845,-8.9,0.0,0.0,2.6,1,0,0
7,-4.4,64,2.8,0.6835,-10.1,0.0,0.0,2.6,1,0,0
8,-5.2,58,2.2,0.797,-12.1,0.0,0.0,2.5,1,0,0
9,-5.3,48,2.6,0.905,-14.6,0.18,0.0,2.5,1,0,0
10,-4.6,41,2.8,0.9075,-15.8,0.57,0.0,2.5,1,0,0
11,-3.5,35,2.2,0.871,-16.7,0.87,0.0,2.5,1,0,0
12,-2.5,31,2.6,0.889,-17.3,1.08,0.0,2.3,1,0,0
13,-2.2,25,3.2,0.985,-19.6,1.17,0.0,2.2,1,0,0
14,-2.2,23,3.7,0.9855,-20.5,1.09,0.0,2.2,1,0,0
15,-1.3,26,3.0,1.0,-18.3,0.91,0.0,2.1,1,0,0
16,-1.8,31,3.1,0.9965,-16.7,0.56,0.0,2.0,1,0,0
17,-2.7,35,1.8,1.0,-16.0,0.18,0.0,2.0,1,0,0
18,-3.8,42,3.3,1.0,-14.8,0.0,0.0,2.0,1,0,0
19,-4.5,51,2.0,1.0,-13.1,0.0,0.0,2.0,1,0,0
20,-4.9,55,2.0,1.0,-12.5,0.0,0.0,2.0,1,0,0
21,-5.0,57,1.9,1.0,-12.2,0.0,0.0,2.0,1,0,0
22,-5.5,56,1.5,1.0,-12.9,0.0,0.0,2.0,1,0,0
23,-5.8,57,1.7,1.0,-12.9,0.0,0.0,2.0,1,0,0
0,-6.5,63,1.5,0.833,-12.3,0.0,0.0,2.0,1,0,0
1,-7.3,67,1.1,0.7965,-12.3,0.0,0.0,2.0,1,0,0
2,-7.8,68,0.9,0.821,-12.6,0.0,0.0,2.0,1,0,0
3,-8.1,70,1.3,0.7785,-12.6,0.0,0.0,2.0,1,0,0
4,-8.5,73,1.0,0.8615,-12.4,0.0,0.0,2.0,1,0,0
5,-8.3,67,0.9,0.783,-13.3,0.0,0.0,2.0,1,0,0
6,-8.2,66,0.9,0.859,-13.4,0.0,0.0,2.0,1,0,0
7,-8.1,67,0.9,0.8685,-13.1,0.0,0.0,2.0,1,0,0
8,-7.8,65,1.1,0.869,-13.2,0.0,0.0,2.0,1,0,0
9,-6.7,62,1.1,0.8745,-12.7,0.09,0.0,2.0,1,0,0
10,-5.4,56,1.1,0.8755,-12.8,0.28,0.0,2.0,1,0,0
11,-4.2,51,1.1,0.886,-12.8,0.4,0.0,1.9,1,0,0
12,-3.2,49,1.3,0.8615,-12.4,0.53,0.0,1.9,1,0,0
13,-1.3,43,1.0,0.8885,-12.3,0.8,0.0,1.7,1,0,0
14,-0.5,44,1.0,0.8965,-11.2,0.71,0.0,1.7,1,0,0
15,-0.2,45,1.0,0.926,-10.7,0.41,0.0,1.6,1,0,0
16,-0.5,48,1.1,0.861,-10.1,0.12,0.0,1.6,1,0,0
17,-0.9,70,1.1,0.1495,-5.6,0.02,0.0,2.2,1,0,0
18,-1.4,79,1.6,0.351,-4.5,0.0,0.1,2.2,1,0,0
19,-1.5,81,1.8,0.3755,-4.3,0.0,0.0,2.2,1,0,0
20,-1.9,86,0.9,0.35,-3.9,0.0,0.0,2.4,1,0,0
21,-2.0,83,1.2,0.452,-4.5,0.0,0.1,2.4,1,0,0
22,-1.6,82,0.4,0.4645,-4.2,0.0,0.0,2.3,1,0,0
23,-1.1,87,1.4,0.1745,-2.9,0.0,0.0,2.2,1,0,0
0,-1.3,90,2.0,0.1295,-2.7,0.0,0.0,2.2,1,0,0
1,-1.8,90,1.6,0.1315,-3.2,0.0,0.0,2.2,1,0,0
2,-2.2,88,1.4,0.174,-3.9,0.0,0.0,2.2,1,0,0
3,-2.9,89,1.3,0.144,-4.4,0.0,0.0,2.2,1,0,0
4,-3.6,91,1.2,0.1205,-4.8,0.0,0.0,2.2,1,0,0
5,-4.3,91,1.5,0.1165,-5.5,0.0,0.0,2.2,1,0,0
6,-4.8,91,1.1,0.133,-6.0,0.0,0.0,2.2,1,0,0
7,-5.3,90,1.1,0.1555,-6.6,0.0,0.0,2.2,1,0,0
8,-5.6,89,0.9,0.1855,-7.1,0.0,0.0,2.2,1,0,0
9,-5.3,88,0.4,0.2315,-6.9,0.21,0.0,2.2,1,0,0
10,-3.0,71,0.7,0.304,-7.5,0.67,0.0,2.1,1,0,0
11,-0.7,62,0.7,0.2595,-7.0,0.77,0.0,2.0,1,0,0
12,1.9,40,2.0,0.9175,-10.3,1.04,0.0,1.9,1,0,0
13,3.2,42,1.8,0.6745,-8.5,1.08,0.0,1.8,1,0,0
14,4.3,47,2.3,0.4765,-6.0,0.96,0.0,1.6,1,0,0
15,4.4,46,1.4,0.5565,-6.2,0.78,0.0,1.0,1,0,0
16,4.1,51,1.8,0.556,-5.1,0.48,0.0,0.9,1,0,0
17,2.9,60,1.3,0.5965,-4.1,0.16,0.0,0.8,1,0,0
18,1.7,64,1.3,0.57,-4.3,0.0,0.0,0.8,1,0,0
19,0.8,71,0.9,0.4615,-3.8,0.0,0.0,0.8,1,0,0
20,0.2,72,0.7,0.495,-4.2,0.0,0.0,0.8,1,0,0
21,-0.4,74,0.6,0.5325,-4.4,0.0,0.0,0.8,1,0,0
22,-1.1,78,0.6,0.4325,-4.4,0.0,0.0,0.8,1,0,0
23,-1.5,79,0.6,0.4105,-4.6,0.0,0.0,0.8,1,0,0
0,-1.7,79,0.5,0.397,-4.8,0.0,0.0,0.8,1,1,0
1,-1.6,79,0.6,0.392,-4.7,0.0,0.0,0.8,1,1,0
2,-1.1,79,0.7,0.368,-4.2,0.0,0.0,0.8,1,1,0
3,-0.6,76,0.5,0.3945,-4.3,0.0,0.0,0.7,1,1,0
4,-0.3,76,0.9,0.38,-4.0,0.0,0.0,0.7,1,1,0
5,-0.2,73,0.8,0.44,-4.4,0.0,0.0,0.7,1,1,0
6,-0.1,71,0.8,0.4475,-4.7,0.0,0.0,0.7,1,1,0
7,-0.3,72,0.7,0.4595,-4.7,0.0,0.0,0.7,1,1,0
8,-0.4,69,0.5,0.452,-5.4,0.0,0.0,0.7,1,1,0
9,0.3,67,0.7,0.4485,-5.1,0.03,0.0,0.6,1,1,0
10,1.4,64,1.0,0.4485,-4.6,0.25,0.0,0.5,1,1,0
11,3.1,57,0.8,0.402,-4.6,0.63,0.0,0.0,1,1,0
12,4.5,56,0.8,0.418,-3.5,0.71,0.0,0.0,1,1,0
13,5.4,55,1.2,0.41,-2.9,0.66,0.0,0.0,1,1,0
14,5.9,55,0.6,0.3895,-2.4,0.48,0.0,0.0,1,1,0
15,6.5,55,0.9,0.4005,-1.9,0.38,0.0,0.0,1,1,0
16,6.0,58,0.7,0.366,-1.6,0.19,0.0,0.0,1,1,0
17,5.4,61,1.3,0.3455,-1.5,0.08,0.0,0.0,1,1,0
18,4.9,63,0.6,0.3385,-1.5,0.0,0.0,0.0,1,1,0
19,5.2,64,0.7,0.3455,-1.0,0.0,0.0,0.0,1,1,0
20,5.9,67,1.3,0.3895,0.2,0.0,0.0,0.0,1,1,0
21,6.1,70,2.2,0.3815,1.0,0.0,0.0,0.0,1,1,0
22,6.1,70,2.7,0.403,1.0,0.0,0.0,0.0,1,1,0
23,5.8,74,2.5,0.416,1.5,0.0,0.0,0.0,1,1,0
0,5.8,75,1.9,0.394,1.7,0.0,0.0,0.0,1,0,1
1,5.7,75,1.7,0.353,1.6,0.0,0.0,0.0,1,0,1
2,5.6,76,1.6,0.3205,1.6,0.0,0.0,0.0,1,0,1
3,5.4,77,1.6,0.2915,1.6,0.0,0.0,0.0,1,0,1
4,5.3,79,0.9,0.253,1.9,0.0,0.0,0.0,1,0,1
5,5.0,81,1.2,0.2125,2.0,0.0,0.0,0.0,1,0,1
6,5.1,81,1.3,0.1875,2.1,0.0,0.0,0.0,1,0,1
7,5.1,82,0.7,0.167,2.2,0.0,0.0,0.0,1,0,1
8,5.1,83,0.9,0.1485,2.4,0.0,0.0,0.0,1,0,1
9,5.2,84,0.7,0.113,2.7,0.03,0.0,0.0,1,0,1
10,5.4,82,1.2,0.1075,2.5,0.13,0.0,0.0,1,0,1
11,5.7,81,1.1,0.096,2.6,0.18,0.0,0.0,1,0,1
12,7.0,72,1.9,0.123,2.2,0.64,0.0,0.0,1,0,1
13,7.7,68,1.0,0.1245,2.1,0.58,0.0,0.0,1,0,1
14,8.6,63,1.6,0.1315,1.9,0.72,0.0,0.0,1,0,1
15,8.6,64,1.5,0.1345,2.1,0.57,0.0,0.0,1,0,1
16,8.2,64,1.0,0.1405,1.7,0.32,0.0,0.0,1,0,1
17,7.7,67,0.9,0.132,1.9,0.11,0.0,0.0,1,0,1
18,6.6,73,0.4,0.1145,2.0,0.0,0.0,0.0,1,0,1
19,6.0,76,1.1,0.1095,2.0,0.0,0.0,0.0,1,0,1
20,5.9,75,1.5,0.111,1.7,0.0,0.0,0.0,1,0,1
21,5.6,77,0.9,0.106,1.8,0.0,0.0,0.0,1,0,1
22,5.3,79,0.6,0.1,1.9,0.0,0.0,0.0,1,0,1
23,5.5,80,0.6,0.0925,2.3,0.0,0.0,0.0,1,0,1
0,5.6,78,0.6,0.098,2.0,0.0,0.0,0.0,1,1,1
1,5.6,78,0.5,0.0985,2.0,0.0,0.0,0.0,1,1,1
2,5.4,80,0.9,0.095,2.2,0.0,0.0,0.0,1,1,1
3,5.2,82,0.8,0.095,2.3,0.0,0.0,0.0,1,1,1
4,5.2,82,0.7,0.0945,2.3,0.0,0.0,0.0,1,1,1
5,5.1,82,0.6,0.0925,2.2,0.0,0.0,0.0,1,1,1
6,4.9,84,1.3,0.0795,2.4,0.0,0.1,0.0,1,1,1
7,4.7,89,1.1,0.05,3.0,0.0,0.0,0.0,1,1,1
8,4.6,91,1.7,0.0475,3.2,0.0,0.0,0.0,1,1,1
9,4.6,94,0.9,0.045,3.7,0.0,6.4,0.0,1,1,1
10,4.8,96,0.6,0.0435,4.2,0.04,0.0,0.0,1,1,1
11,4.6,95,0.8,0.078,3.8,0.05,0.0,0.0,1,1,1
12,4.1,91,0.8,0.202,2.7,0.07,9.5,0.0,1,1,1
13,3.7,90,0.7,0.372,2.2,0.15,0.0,0.0,1,1,1
14,3.3,90,2.5,0.2805,1.8,0.19,0.0,0.0,1,1,1
15,2.9,90,2.0,0.19,1.4,0.08,3.5,0.0,1,1,1
16,2.3,91,3.3,0.135,0.9,0.07,0.0,0.0,1,1,1
17,2.2,86,2.6,0.3025,0.0,0.04,0.0,0.0,1,1,1
18,1.9,82,4.3,0.3495,-0.8,0.01,0.5,0.0,1,1,1
19,1.1,68,4.4,0.3475,-4.1,0.0,0.0,0.0,1,1,1
20,0.6,67,3.3,0.253,-4.8,0.0,0.0,0.0,1,1,1
21,0.4,69,3.5,0.2385,-4.6,0.0,0.0,0.0,1,1,1
22,0.2,69,2.7,0.2825,-4.8,0.0,0.0,0.0,1,1,1
23,0.0,63,3.2,0.442,-6.2,0.0,0.0,0.0,1,1,1
0,-0.6,64,2.4,0.505,-6.5,0.0,0.0,0.0,1,1,0
1,-1.2,57,4.3,0.7145,-8.6,0.0,0.0,0.0,1,1,0
2,-1.8,53,4.1,0.9125,-10.1,0.0,0.0,0.0,1,1,0
3,-2.3,52,3.4,0.9735,-10.8,0.0,0.0,0.0,1,1,0
4,-3.0,51,3.2,1.0,-11.7,0.0,0.0,0.0,1,1,0
5,-3.7,51,2.6,1.0,-12.3,0.0,0.0,0.0,1,1,0
6,-4.1,50,3.0,1.0,-13.0,0.0,0.0,0.0,1,1,0
7,-4.6,46,2.8,1.0,-14.4,0.0,0.0,0.0,1,1,0
8,-4.9,44,3.0,1.0,-15.3,0.0,0.0,0.0,1,1,0
9,-4.6,40,3.5,1.0,-16.1,0.18,0.0,0.0,1,1,0
10,-3.7,35,3.7,0.9685,-16.9,0.57,0.0,0.0,1,1,0
11,-2.8,35,2.9,0.992,-16.1,0.87,0.0,0.0,1,1,0
12,-1.6,33,2.5,0.937,-15.8,1.18,0.0,0.0,1,1,0
13,-1.5,33,3.8,1.0,-15.7,1.18,0.0,0.0,1,1,0
14,-0.4,31,2.0,1.0,-15.5,1.1,0.0,0.0,1,1,0
15,0.4,28,2.5,1.0,-16.0,0.9,0.0,0.0,1,1,0
16,0.4,27,2.0,1.0,-16.4,0.58,0.0,0.0,1,1,0
17,-0.7,29,2.0,1.0,-16.5,0.21,0.0,0.0,1,1,0
18,-1.6,33,2.0,1.0,-15.8,0.0,0.0,0.0,1,1,0
19,-1.8,41,2.1,1.0,-13.3,0.0,0.0,0.0,1,1,0
20,-2.1,49,1.7,1.0,-11.4,0.0,0.0,0.0,1,1,0
21,-1.7,51,1.7,1.0,-10.5,0.0,0.0,0.0,1,1,0
22,-1.3,53,1.7,1.0,-9.6,0.0,0.0,0.0,1,1,0
23,-1.0,55,1.9,1.0,-8.9,0.0,0.0,0.0,1,1,0
0,-1.4,58,1.0,0.94,-8.6,0.0,0.0,0.0,1,0,0
1,-1.5,62,1.3,1.0,-7.8,0.0,0.0,0.0,1,0,0
2,-2.1,69,1.0,0.9975,-7.0,0.0,0.0,0.0,1,0,0
3,-2.6,70,1.0,0.996,-7.3,0.0,0.0,0.0,1,0,0
4,-2.6,72,1.4,0.9645,-6.9,0.0,0.0,0.0,1,0,0
5,-2.9,77,0.8,0.9165,-6.3,0.0,0.0,0.0,1,0,0
6,-2.8,73,0.7,0.953,-6.9,0.0,0.0,0.0,1,0,0
7,-2.9,73,1.9,0.9555,-7.0,0.0,0.0,0.0,1,0,0
8,-2.7,68,2.2,0.9595,-7.7,0.0,0.0,0.0,1,0,0
9,-2.8,52,2.9,0.9475,-11.3,0.16,0.0,0.0,1,0,0
10,-2.2,36,4.1,0.965,-15.2,0.53,0.0,0.0,1,0,0
11,-2.1,28,4.9,0.9435,-18.2,0.87,0.0,0.0,1,0,0
12,-1.3,23,4.0,1.0,-19.8,1.09,0.0,0.0,1,0,0
13,-2.0,15,4.7,0.985,-25.2,1.18,0.0,0.0,1,0,0
14,-1.6,20,4.3,1.0,-21.6,1.11,0.0,0.0,1,0,0
15,-1.9,17,5.0,1.0,-23.7,0.93,0.0,0.0,1,0,0
16,-1.9,17,3.3,1.0,-23.7,0.61,0.0,0.0,1,0,0
17,-3.6,20,3.7,1.0,-23.3,0.23,0.0,0.0,1,0,0
18,-4.7,23,3.4,1.0,-22.7,0.01,0.0,0.0,1,0,0
19,-5.4,27,3.0,1.0,-21.5,0.0,0.0,0.0,1,0,0
20,-6.1,32,4.7,1.0,-20.1,0.0,0.0,0.0,1,0,0
21,-6.6,39,3.2,1.0,-18.2,0.0,0.0,0.0,1,0,0
22,-7.2,38,3.1,1.0,-19.1,0.0,0.0,0.0,1,0,0
23,-7.5,37,3.1,1.0,-19.7,0.0,0.0,0.0,1,0,0
0,-7.9,37,2.2,1.0,-20.0,0.0,0.0,0.0,1,0,0
1,-8.2,39,1.8,1.0,-19.7,0.0,0.0,0.0,1,0,0
2,-8.6,37,1.5,1.0,-20.7,0.0,0.0,0.0,1,0,0
3,-9.1,37,1.0,1.0,-21.1,0.0,0.0,0.0,1,0,0
4,-9.1,33,2.3,1.0,-22.4,0.0,0.0,0.0,1,0,0
5,-9.4,36,1.9,1.0,-21.7,0.0,0.0,0.0,1,0,0
6,-9.8,37,1.7,1.0,-21.7,0.0,0.0,0.0,1,0,0
7,-10.1,38,2.3,1.0,-21.7,0.0,0.0,0.0,1,0,0
8,-10.2,35,1.8,1.0,-22.7,0.0,0.0,0.0,1,0,0
9,-9.8,33,2.0,0.9985,-23.0,0.17,0.0,0.0,1,0,0
10,-8.5,29,2.4,0.996,-23.4,0.56,0.0,0.0,1,0,0
11,-6.8,28,2.1,0.993,-22.3,0.88,0.0,0.0,1,0,0
12,-5.5,21,2.1,0.9705,-24.4,1.08,0.0,0.0,1,0,0
13,-4.7,18,3.7,1.0,-25.4,1.16,0.0,0.0,1,0,0
14,-4.0,18,2.4,1.0,-24.8,1.09,0.0,0.0,1,0,0
15,-3.1,16,2.2,1.0,-25.4,0.9,0.0,0.0,1,0,0
16,-3.2,23,2.7,1.0,-21.4,0.57,0.0,0.0,1,0,0
17,-4.2,26,2.2,1.0,-20.8,0.2,0.0,0.0,1,0,0
18,-5.2,32,2.2,1.0,-19.3,0.0,0.0,0.0,1,0,0
19,-5.5,31,2.1,1.0,-19.9,0.0,0.0,0.0,1,0,0
20,-5.9,34,0.9,1.0,-19.2,0.0,0.0,0.0,1,0,0
21,-6.4,34,1.2,1.0,-19.7,0.0,0.0,0.0,1,0,0
22,-6.4,36,1.3,1.0,-19.0,0.0,0.0,0.0,1,0,0
23,-6.3,39,0.9,1.0,-18.0,0.0,0.0,0.0,1,0,0
0,-6.5,41,1.7,1.0,-17.6,0.0,0.0,0.0,1,0,0
1,-6.6,39,1.4,1.0,-18.2,0.0,0.0,0.0,1,0,0
2,-6.6,34,1.8,1.0,-19.8,0.0,0.0,0.0,1,0,0
3,-6.0,32,2.5,1.0,-20.0,0.0,0.0,0.0,1,0,0
4,-5.8,32,1.6,1.0,-19.8,0.0,0.0,0.0,1,0,0
5,-5.7,28,1.2,1.0,-21.3,0.0,0.0,0.0,1,0,0
6,-5.5,24,0.5,1.0,-22.9,0.0,0.0,0.0,1,0,0
7,-5.0,31,0.5,1.0,-19.5,0.0,0.0,0.0,1,0,0
8,-4.7,30,0.6,1.0,-19.6,0.0,0.0,0.0,1,0,0
9,-4.3,38,0.7,0.9385,-16.5,0.04,0.0,0.0,1,0,0
10,-3.4,33,1.3,0.9315,-17.4,0.33,0.0,0.0,1,0,0
11,-2.1,34,1.0,0.934,-15.8,0.65,0.0,0.0,1,0,0
12,-0.8,38,1.0,0.843,-13.3,0.75,0.0,0.0,1,0,0
13,0.8,46,1.4,0.799,-9.5,0.8,0.0,0.0,1,0,0
14,0.8,55,1.8,0.566,-7.2,0.59,0.0,0.0,1,0,0
15,0.4,57,2.4,0.5895,-7.1,0.36,0.0,0.0,1,0,0
16,0.3,57,2.3,0.602,-7.2,0.19,0.0,0.0,1,0,0
17,0.2,58,2.0,0.5795,-7.1,0.08,0.0,0.0,1,0,0
18,-0.6,62,1.6,0.5645,-6.9,0.0,0.0,0.0,1,0,0
19,-0.4,62,0.9,0.5515,-6.8,0.0,0.0,0.0,1,0,0
20,-0.3,62,1.3,0.52,-6.7,0.0,0.0,0.0,1,0,0
21,-0.2,62,0.6,0.493,-6.6,0.0,0.0,0.0,1,0,0
22,0.0,63,1.3,0.484,-6.2,0.0,0.0,0.0,1,0,0
23,0.1,63,1.1,0.5015,-6.1,0.0,0.0,0.0,1,0,0
0,0.2,63,0.7,0.4625,-6.0,0.0,0.0,0.0,1,0,0
1,0.3,63,0.7,0.38,-5.9,0.0,0.0,0.0,1,0,0
2,0.5,63,1.0,0.3455,-5.7,0.0,0.0,0.0,1,0,0
3,0.6,64,0.4,0.3655,-5.4,0.0,0.0,0.0,1,0,0
4,0.6,65,0.4,0.356,-5.2,0.0,0.0,0.0,1,0,0
5,0.7,66,0.7,0.3435,-4.9,0.0,0.0,0.0,1,0,0
6,0.8,68,0.6,0.3365,-4.4,0.0,0.0,0.0,1,0,0
7,0.9,67,0.6,0.329,-4.5,0.0,0.0,0.0,1,0,0
8,1.0,68,0.6,0.312,-4.2,0.0,0.0,0.0,1,0,0
9,1.2,67,0.2,0.2955,-4.2,0.06,0.0,0.0,1,0,0
10,1.9,65,0.3,0.281,-3.9,0.17,0.0,0.0,1,0,0
11,3.1,62,1.1,0.2585,-3.4,0.29,0.0,0.0,1,0,0
12,4.3,62,1.6,0.236,-2.3,0.52,0.0,0.0,1,0,0
13,5.2,58,2.5,0.2175,-2.4,0.81,0.0,0.0,1,0,0
14,5.7,54,3.5,0.209,-2.9,0.83,0.0,0.0,1,0,0
15,5.7,53,2.7,0.204,-3.1,0.65,0.0,0.0,1,0,0
16,5.4,56,2.2,0.198,-2.6,0.39,0.0,0.0,1,0,0
17,4.5,59,1.6,0.192,-2.8,0.14,0.0,0.0,1,0,0
18,3.6,62,1.4,0.1945,-3.0,0.01,0.0,0.0,1,0,0
19,2.7,68,1.2,0.174,-2.6,0.0,0.0,0.0,1,0,0
20,1.7,73,0.5,0.166,-2.6,0.0,0.0,0.0,1,0,0
21,1.0,77,1.5,0.1485,-2.5,0.0,0.0,0.0,1,0,0
22,0.8,77,1.4,0.1465,-2.7,0.0,0.0,0.0,1,0,0
23,0.3,80,0.8,0.132,-2.7,0.0,0.0,0.0,1,0,0
0,-0.4,83,1.2,0.1235,-2.9,0.0,0.0,0.0,1,0,1
1,-0.5,83,0.7,0.122,-3.0,0.0,0.0,0.0,1,0,1
2,-0.9,84,0.6,0.115,-3.2,0.0,0.0,0.0,1,0,1
3,-1.1,83,0.8,0.1185,-3.6,0.0,0.0,0.0,1,0,1
4,-1.1,83,0.7,0.121,-3.6,0.0,0.0,0.0,1,0,1
5,-1.2,81,0.8,0.129,-4.0,0.0,0.0,0.0,1,0,1
6,-1.1,81,1.0,0.1265,-3.9,0.0,0.0,0.0,1,0,1
7,-0.7,79,0.7,0.1295,-3.8,0.0,0.0,0.0,1,0,1
8,-0.4,78,0.5,0.1245,-3.7,0.0,0.0,0.0,1,0,1
9,0.2,76,1.3,0.1245,-3.5,0.03,0.0,0.0,1,0,1
10,0.8,73,0.5,0.124,-3.4,0.15,0.0,0.0,1,0,1
11,2.0,69,1.0,0.1285,-3.1,0.32,0.0,0.0,1,0,1
12,3.2,64,0.8,0.129,-2.9,0.47,0.0,0.0,1,0,1
13,4.0,62,1.0,0.128,-2.6,0.51,0.0,0.0,1,0,1
14,4.3,60,1.2,0.136,-2.7,0.4,0.0,0.0,1,0,1
15,4.3,61,0.7,0.137,-2.5,0.23,0.0,0.0,1,0,1
16,4.1,63,0.7,0.1315,-2.3,0.13,0.0,0.0,1,0,1
17,3.8,64,0.9,0.125,-2.3,0.01,0.0,0.0,1,0,1
18,3.0,84,1.7,0.0685,0.5,0.0,0.3,0.0,1,0,1
19,2.3,89,0.6,0.048,0.6,0.0,0.0,0.0,1,0,1
20,1.9,90,0.9,0.044,0.4,0.0,0.0,0.0,1,0,1
21,1.8,92,1.1,0.0545,0.6,0.0,0.2,0.0,1,0,1
22,1.8,92,1.2,0.047,0.6,0.0,0.0,0.0,1,0,1
23,1.4,92,1.9,0.0365,0.2,0.0,0.0,0.0,1,0,1
0,0.9,95,1.8,0.0315,0.1,0.0,0.2,0.2,1,1,1
1,0.5,95,2.1,0.0395,-0.2,0.0,0.0,0.6,1,1,1
2,0.4,95,1.7,0.055,-0.3,0.0,0.0,1.2,1,1,1
3,0.3,91,2.0,0.086,-1.0,0.0,1.0,1.2,1,1,1
4,-0.2,87,3.5,0.123,-2.1,0.0,0.0,1.2,1,1,1
5,-0.8,85,2.8,0.1645,-3.0,0.0,0.0,1.2,1,1,1
6,-1.3,84,2.4,0.2125,-3.6,0.0,0.0,1.2,1,1,1
7,-1.8,86,1.7,0.1835,-3.8,0.0,0.0,1.2,1,1,1
8,-2.1,86,1.4,0.177,-4.1,0.0,0.0,1.2,1,1,1
9,-1.9,82,1.6,0.205,-4.5,0.15,0.0,1.2,1,1,1
10,-0.5,73,1.7,0.3045,-4.7,0.53,0.0,1.1,1,1,1
11,0.8,62,2.8,0.4005,-5.6,0.88,0.0,1.1,1,1,1
12,1.4,47,4.5,0.694,-8.7,1.1,0.0,1.0,1,1,1
13,2.5,36,3.7,0.789,-11.0,1.15,0.0,0.7,1,1,1
14,3.0,28,3.8,0.978,-13.7,1.1,0.0,0.0,1,1,1
15,3.1,25,3.9,1.0,-15.0,0.9,0.0,0.0,1,1,1
16,2.7,26,2.7,1.0,-14.9,0.59,0.0,0.0,1,1,1
17,1.7,30,2.9,1.0,-14.0,0.22,0.0,0.0,1,1,1
18,0.7,31,2.3,1.0,-14.5,0.01,0.0,0.0,1,1,1
19,0.0,31,2.2,1.0,-15.1,0.0,0.0,0.0,1,1,1
20,-1.0,32,0.9,1.0,-15.6,0.0,0.0,0.0,1,1,1
21,-1.6,35,1.0,1.0,-15.1,0.0,0.0,0.0,1,1,1
22,-2.1,36,1.7,1.0,-15.2,0.0,0.0,0.0,1,1,1
23,-2.6,40,0.6,1.0,-14.3,0.0,0.0,0.0,1,1,1
0,-3.2,40,0.5,0.679,-14.9,0.0,0.0,0.0,1,1,0
1,-3.3,41,0.7,1.0,-14.7,0.0,0.0,0.0,1,1,0
2,-3.7,42,0.9,1.0,-14.7,0.0,0.0,0.0,1,1,0
3,-4.0,44,1.0,1.0,-14.4,0.0,0.0,0.0,1,1,0
4,-4.2,53,1.1,0.997,-12.3,0.0,0.0,0.0,1,1,0
5,-4.4,54,0.8,0.893,-12.3,0.0,0.0,0.0,1,1,0
6,-4.5,51,1.1,1.0,-13.1,0.0,0.0,0.0,1,1,0
7,-4.7,56,1.1,1.0,-12.1,0.0,0.0,0.0,1,1,0
8,-5.0,55,1.0,1.0,-12.6,0.0,0.0,0.0,1,1,0
9,-4.3,39,0.7,0.9865,-16.2,0.15,0.0,0.0,1,1,0
10,-1.6,32,0.8,0.883,-16.1,0.53,0.0,0.0,1,1,0
11,0.1,27,2.2,0.937,-16.7,0.84,0.0,0.0,1,1,0
12,1.5,20,2.8,0.996,-19.0,1.03,0.0,0.0,1,1,0
13,2.4,22,2.3,0.9605,-17.2,1.1,0.0,0.0,1,1,0
14,3.7,24,2.1,0.953,-15.0,1.01,0.0,0.0,1,1,0
15,3.0,27,2.9,0.8575,-14.2,0.78,0.0,0.0,1,1,0
16,3.0,28,2.5,0.932,-13.7,0.51,0.0,0.0,1,1,0
17,1.8,33,3.3,0.9565,-12.8,0.18,0.0,0.0,1,1,0
18,0.8,34,1.9,0.9435,-13.3,0.01,0.0,0.0,1,1,0
19,-0.1,39,1.3,0.9555,-12.4,0.0,0.0,0.0,1,1,0
20,-0.3,40,1.2,0.968,-12.2,0.0,0.0,0.0,1,1,0
21,-0.9,44,1.2,0.9355,-11.6,0.0,0.0,0.0,1,1,0
22,-1.3,48,0.8,0.9635,-10.9,0.0,0.0,0.0,1,1,0
23,-1.6,51,0.7,0.941,-10.4,0.0,0.0,0.0,1,1,0
0,-1.8,54,1.1,0.886,-9.8,0.0,0.0,0.0,1,0,0
1,-2.1,56,0.8,0.866,-9.7,0.0,0.0,0.0,1,0,0
2,-2.3,62,0.9,0.78,-8.6,0.0,0.0,0.0,1,0,0
3,-2.5,62,0.4,0.813,-8.7,0.0,0.0,0.0,1,0,0
4,-2.7,67,0.5,0.651,-7.9,0.0,0.0,0.0,1,0,0
5,-3.1,67,0.6,0.692,-8.3,0.0,0.0,0.0,1,0,0
6,-3.2,67,0.4,0.7045,-8.4,0.0,0.0,0.0,1,0,0
7,-3.2,69,0.5,0.6245,-8.0,0.0,0.0,0.0,1,0,0
8,-3.4,71,0.8,0.5895,-7.9,0.0,0.0,0.0,1,0,0
9,-3.1,66,0.2,0.584,-8.5,0.12,0.0,0.0,1,0,0
10,-1.4,50,1.9,0.6775,-10.5,0.38,0.0,0.0,1,0,0
11,-0.4,40,2.3,0.8165,-12.3,0.66,0.0,0.0,1,0,0
12,0.9,29,1.9,0.8805,-15.1,0.88,0.0,0.0,1,0,0
13,1.5,23,3.6,0.985,-17.4,0.95,0.0,0.0,1,0,0
14,1.7,20,4.4,0.9975,-18.9,0.91,0.0,0.0,1,0,0
15,1.5,22,3.0,0.999,-17.9,0.76,0.0,0.0,1,0,0
16,1.3,23,2.9,1.0,-17.6,0.51,0.0,0.0,1,0,0
17,0.3,27,2.6,1.0,-16.5,0.18,0.0,0.0,1,0,0
18,-0.8,24,2.3,1.0,-18.9,0.01,0.0,0.0,1,0,0
19,-1.3,28,2.4,1.0,-17.5,0.0,0.0,0.0,1,0,0
20,-1.9,26,2.2,1.0,-18.9,0.0,0.0,0.0,1,0,0
21,-2.6,28,2.0,1.0,-18.6,0.0,0.0,0.0,1,0,0
22,-3.4,33,2.4,1.0,-17.4,0.0,0.0,0.0,1,0,0
23,-3.8,35,2.3,1.0,-17.0,0.0,0.0,0.0,1,0,0
0,-4.3,38,1.4,1.0,-16.5,0.0,0.0,0.0,1,0,0
1,-5.0,42,1.2,0.9965,-15.9,0.0,0.0,0.0,1,0,0
2,-5.5,43,2.0,1.0,-16.1,0.0,0.0,0.0,1,0,0
3,-6.1,45,1.3,0.9995,-16.1,0.0,0.0,0.0,1,0,0
4,-6.1,45,2.3,1.0,-16.1,0.0,0.0,0.0,1,0,0
5,-6.4,47,2.4,0.9905,-15.8,0.0,0.0,0.0,1,0,0
6,-6.7,48,2.4,0.9955,-15.9,0.0,0.0,0.0,1,0,0
7,-6.9,48,2.4,0.987,-16.0,0.0,0.0,0.0,1,0,0
8,-7.0,49,1.5,0.9855,-15.9,0.0,0.0,0.0,1,0,0
9,-6.8,44,1.7,0.929,-17.0,0.16,0.0,0.0,1,0,0
10,-5.6,38,2.9,0.876,-17.6,0.55,0.0,0.0,1,0,0
11,-4.5,36,3.2,0.868,-17.3,0.77,0.0,0.0,1,0,0
12,-3.4,32,3.1,0.853,-17.7,1.02,0.0,0.0,1,0,0
13,-2.2,31,2.3,0.955,-17.0,1.13,0.0,0.0,1,0,0
14,-1.5,30,2.8,0.9515,-16.8,1.1,0.0,0.0,1,0,0
15,-1.1,29,2.8,0.988,-16.9,0.96,0.0,0.0,1,0,0
16,-0.4,30,2.0,1.0,-15.9,0.62,0.0,0.0,1,0,0
17,-1.9,35,1.8,1.0,-15.3,0.25,0.0,0.0,1,0,0
18,-3.1,39,2.1,1.0,-15.1,0.0,0.0,0.0,1,0,0
19,-3.7,41,2.0,1.0,-15.0,0.0,0.0,0.0,1,0,0
20,-3.9,44,2.5,1.0,-14.3,0.0,0.0,0.0,1,0,0
21,-4.3,47,2.8,0.9985,-13.9,0.0,0.0,0.0,1,0,0
22,-5.2,53,1.3,0.9845,-13.3,0.0,0.0,0.0,1,0,0
23,-5.9,54,0.8,0.984,-13.7,0.0,0.0,0.0,1,0,0
0,-6.3,54,1.4,0.995,-14.1,0.0,0.0,0.0,1,0,0
1,-6.9,56,2.3,0.997,-14.2,0.0,0.0,0.0,1,0,0
2,-7.3,57,2.0,0.989,-14.3,0.0,0.0,0.0,1,0,0
3,-7.4,54,1.7,0.984,-15.1,0.0,0.0,0.0,1,0,0
4,-7.5,55,1.3,0.992,-15.0,0.0,0.0,0.0,1,0,0
5,-7.6,49,1.3,1.0,-16.4,0.0,0.0,0.0,1,0,0
6,-7.6,47,2.3,1.0,-16.9,0.0,0.0,0.0,1,0,0
7,-8.1,51,0.5,0.9935,-16.4,0.0,0.0,0.0,1,0,0
8,-8.6,55,0.6,0.992,-16.0,0.0,0.0,0.0,1,0,0
9,-7.9,48,1.2,0.963,-17.0,0.14,0.0,0.0,1,0,0
10,-6.4,43,1.0,0.936,-16.9,0.43,0.0,0.0,1,0,0
11,-4.4,40,0.8,0.8355,-16.0,0.69,0.0,0.0,1,0,0
12,-2.9,33,0.9,0.9065,-16.9,0.92,0.0,0.0,1,0,0
13,-2.0,32,1.0,0.932,-16.5,0.91,0.0,0.0,1,0,0
14,-0.8,32,1.4,0.923,-15.4,0.78,0.0,0.0,1,0,0
15,-1.2,31,0.8,0.866,-16.2,0.47,0.0,0.0,1,0,0
16,-1.4,34,1.8,0.8595,-15.2,0.3,0.0,0.0,1,0,0
17,-2.1,37,1.4,0.7955,-14.8,0.09,0.0,0.0,1,0,0
18,-2.6,38,1.4,0.802,-14.9,0.0,0.0,0.0,1,0,0
19,-2.7,39,1.4,0.808,-14.7,0.0,0.0,0.0,1,0,0
20,-2.8,39,1.7,0.851,-14.8,0.0,0.0,0.0,1,0,0
21,-3.1,41,2.0,0.871,-14.5,0.0,0.0,0.0,1,0,0
22,-3.6,46,1.3,0.8445,-13.5,0.0,0.0,0.0,1,0,0
23,-4.0,48,1.5,0.768,-13.4,0.0,0.0,0.0,1,0,0
0,-4.7,52,1.8,0.8055,-13.0,0.0,0.0,0.0,1,0,0
1,-5.1,51,1.5,0.775,-13.6,0.0,0.0,0.0,1,0,0
2,-5.3,52,1.6,0.7405,-13.6,0.0,0.0,0.0,1,0,0
3,-5.5,56,1.1,0.7265,-12.9,0.0,0.0,0.0,1,0,0
4,-5.1,55,1.7,0.633,-12.7,0.0,0.0,0.0,1,0,0
5,-5.1,55,1.5,0.726,-12.7,0.0,0.0,0.0,1,0,0
6,-5.1,54,1.3,0.673,-12.9,0.0,0.0,0.0,1,0,0
7,-5.3,53,1.1,0.65,-13.4,0.0,0.0,0.0,1,0,0
8,-5.3,51,1.0,0.6595,-13.8,0.0,0.0,0.0,1,0,0
9,-4.7,49,1.2,0.775,-13.8,0.12,0.0,0.0,1,0,0
10,-3.3,50,1.3,0.7035,-12.2,0.4,0.0,0.0,1,0,0
11,-0.7,45,1.5,0.7145,-11.1,0.76,0.0,0.0,1,0,0
12,-0.3,45,2.2,0.533,-10.8,1.01,0.0,0.0,1,0,0
13,0.9,43,2.0,0.556,-10.2,0.98,0.0,0.0,1,0,0
14,1.4,41,2.0,0.5015,-10.4,0.99,0.0,0.0,1,0,0
15,1.5,34,2.8,0.888,-12.6,0.84,0.0,0.0,1,0,0
16,1.0,34,2.9,1.0,-13.1,0.61,0.0,0.0,1,0,0
17,-0.6,45,3.3,0.9135,-11.0,0.24,0.0,0.0,1,0,0
18,-1.8,44,2.2,0.8545,-12.4,0.01,0.0,0.0,1,0,0
19,-2.5,49,0.6,0.718,-11.7,0.0,0.0,0.0,1,0,0
20,-3.4,51,1.1,0.6955,-12.1,0.0,0.0,0.0,1,0,0
21,-3.5,53,0.9,0.6765,-11.7,0.0,0.0,0.0,1,0,0
22,-3.8,53,1.3,0.65,-12.0,0.0,0.0,0.0,1,0,0
23,-3.6,50,1.9,0.642,-12.5,0.0,0.0,0.0,1,0,0
0,-4.3,52,1.6,0.6235,-12.7,0.0,0.0,0.0,1,0,1
1,-4.8,54,1.2,0.6095,-12.7,0.0,0.0,0.0,1,0,1
2,-5.5,56,1.4,0.6425,-12.9,0.0,0.0,0.0,1,0,1
3,-5.6,56,1.0,0.6835,-13.0,0.0,0.0,0.0,1,0,1
4,-5.9,61,1.1,0.63,-12.2,0.0,0.0,0.0,1,0,1
5,-6.1,64,1.0,0.6155,-11.8,0.0,0.0,0.0,1,0,1
6,-6.5,67,0.7,0.5875,-11.6,0.0,0.0,0.0,1,0,1
7,-6.6,65,1.0,0.66,-12.0,0.0,0.0,0.0,1,0,1
8,-6.5,62,1.1,0.7515,-12.5,0.0,0.0,0.0,1,0,1
9,-5.8,49,1.4,0.864,-14.8,0.16,0.0,0.0,1,0,1
10,-3.5,39,2.0,0.973,-15.4,0.54,0.0,0.0,1,0,1
11,-1.6,35,2.1,0.906,-15.1,0.87,0.0,0.0,1,0,1
12,0.0,35,2.3,0.836,-13.6,1.07,0.0,0.0,1,0,1
13,0.9,28,2.4,0.9475,-15.6,1.18,0.0,0.0,1,0,1
14,1.8,29,2.0,0.8465,-14.3,1.14,0.0,0.0,1,0,1
15,2.3,27,2.2,0.9385,-14.8,0.92,0.0,0.0,1,0,1
16,2.7,27,2.2,0.9055,-14.4,0.64,0.0,0.0,1,0,1
17,1.1,31,1.7,0.9945,-14.1,0.26,0.0,0.0,1,0,1
18,-0.6,37,1.6,0.8985,-13.5,0.01,0.0,0.0,1,0,1
19,-1.2,37,1.2,0.8315,-14.0,0.0,0.0,0.0,1,0,1
20,-2.1,41,1.1,0.789,-13.6,0.0,0.0,0.0,1,0,1
21,-2.5,47,0.8,0.7475,-12.2,0.0,0.0,0.0,1,0,1
22,-2.6,47,1.6,0.746,-12.3,0.0,0.0,0.0,1,0,1
23,-3.2,50,0.8,0.7145,-12.1,0.0,0.0,0.0,1,0,1
0,-3.8,48,0.7,0.787,-13.2,0.0,0.0,0.0,1,0,1
1,-3.9,51,0.2,0.7675,-12.5,0.0,0.0,0.0,1,0,1
2,-4.4,53,0.3,0.797,-12.5,0.0,0.0,0.0,1,0,1
3,-4.8,56,0.6,0.7525,-12.2,0.0,0.0,0.0,1,0,1
4,-5.1,60,0.7,0.6885,-11.6,0.0,0.0,0.0,1,0,1
5,-5.6,58,0.7,0.675,-12.5,0.0,0.0,0.0,1,0,1
6,-5.5,52,0.7,0.7515,-13.8,0.0,0.0,0.0,1,0,1
7,-5.6,58,0.9,0.684,-12.5,0.0,0.0,0.0,1,0,1
8,-5.3,53,1.1,0.7055,-13.4,0.0,0.0,0.0,1,0,1
9,-3.8,49,1.6,0.6855,-12.9,0.18,0.0,0.0,1,0,1
10,-1.8,40,1.8,0.7775,-13.6,0.48,0.0,0.0,1,0,1
11,0.5,35,1.4,0.779,-13.2,0.75,0.0,0.0,1,0,1
12,1.1,34,0.9,0.7275,-13.0,0.6,0.0,0.0,1,0,1
13,1.4,34,0.8,0.697,-12.7,0.5,0.0,0.0,1,0,1
14,1.9,32,0.7,0.684,-13.0,0.41,0.0,0.0,1,0,1
15,2.7,31,0.9,0.8015,-12.7,0.43,0.0,0.0,1,0,1
16,2.6,32,1.0,0.6905,-12.4,0.27,0.0,0.0,1,0,1
17,2.3,33,0.2,0.7575,-12.3,0.13,0.0,0.0,1,0,1
18,1.8,34,1.2,0.759,-12.4,0.0,0.0,0.0,1,0,1
19,1.6,35,1.0,0.7095,-12.2,0.0,0.0,0.0,1,0,1
20,1.3,38,0.4,0.693,-11.4,0.0,0.0,0.0,1,0,1
21,1.2,39,0.6,0.689,-11.2,0.0,0.0,0.0,1,0,1
22,1.1,40,0.5,0.6525,-11.0,0.0,0.0,0.0,1,0,1
23,1.1,39,0.6,0.711,-11.3,0.0,0.0,0.0,1,0,1
0,0.9,42,1.1,0.6355,-10.5,0.0,0.0,0.0,1,0,0
1,0.9,42,0.2,0.6665,-10.5,0.0,0.0,0.0,1,0,0
2,0.8,42,0.5,0.6375,-10.6,0.0,0.0,0.0,1,0,0
3,0.9,43,0.4,0.6305,-10.2,0.0,0.0,0.0,1,0,0
4,1.0,43,0.8,0.6265,-10.2,0.0,0.0,0.0,1,0,0
5,0.8,42,1.0,0.697,-10.6,0.0,0.0,0.0,1,0,0
6,0.8,45,0.7,0.634,-9.8,0.0,0.0,0.0,1,0,0
7,0.7,44,0.8,0.6785,-10.1,0.0,0.0,0.0,1,0,0
8,0.7,45,0.7,0.6695,-9.9,0.0,0.0,0.0,1,0,0
9,0.8,47,0.9,0.535,-9.2,0.05,0.0,0.0,1,0,0
10,1.3,43,0.8,0.4855,-9.9,0.16,0.0,0.0,1,0,0
11,1.7,37,0.6,0.531,-11.4,0.23,0.0,0.0,1,0,0
12,2.7,33,2.7,0.6405,-12.0,0.6,0.0,0.0,1,0,0
13,3.0,32,1.6,0.759,-12.1,0.38,0.0,0.0,1,0,0
14,3.4,31,1.4,0.6335,-12.1,0.36,0.0,0.0,1,0,0
15,3.9,33,1.8,0.6465,-10.9,0.39,0.0,0.0,1,0,0
16,3.5,36,1.7,0.851,-10.2,0.16,0.0,0.0,1,0,0
17,2.7,50,2.8,0.9785,-6.7,0.06,0.0,0.0,1,0,0
18,1.5,70,2.5,0.319,-3.3,0.0,0.0,0.0,1,0,0
19,0.9,88,1.6,0.145,-0.8,0.0,0.0,0.5,1,0,0
20,1.0,89,1.9,0.2035,-0.6,0.0,0.0,1.0,1,0,0
21,0.7,77,6.7,0.346,-2.8,0.0,0.9,1.0,1,0,0
22,0.1,68,4.6,0.37,-5.1,0.0,0.0,1.0,1,0,0
23,-0.6,62,4.2,0.468,-6.9,0.0,0.0,1.0,1,0,0
0,-1.2,67,4.6,0.4915,-6.5,0.0,0.0,1.0,1,0,0
1,-1.9,69,5.0,0.3955,-6.8,0.0,0.0,1.0,1,0,0
2,-2.9,66,3.3,0.7575,-8.3,0.0,0.0,1.0,1,0,0
3,-3.4,67,3.2,0.71,-8.6,0.0,0.0,0.9,1,0,0
4,-4.3,59,4.4,0.7255,-11.1,0.0,0.0,0.9,1,0,0
5,-5.1,48,3.2,0.9105,-14.4,0.0,0.0,0.9,1,0,0
6,-5.6,52,3.7,0.8925,-13.9,0.0,0.0,0.9,1,0,0
7,-5.9,57,3.1,0.843,-13.0,0.0,0.0,0.8,1,0,0
8,-6.0,64,3.2,0.692,-11.7,0.0,0.0,0.7,1,0,0
9,-6.0,61,2.5,0.7735,-12.3,0.13,0.0,0.6,1,0,0
10,-4.8,57,3.0,0.7795,-12.0,0.47,0.0,0.5,1,0,0
11,-3.9,51,4.5,0.873,-12.5,0.73,0.0,0.5,1,0,0
12,-2.7,45,2.4,0.8535,-13.0,1.05,0.0,0.4,1,0,0
13,-2.6,45,4.0,0.8315,-12.9,1.11,0.0,0.3,1,0,0
14,-1.8,45,3.7,0.961,-12.1,1.06,0.0,0.2,1,0,0
15,-2.4,51,4.6,0.729,-11.1,0.46,0.0,0.0,1,0,0
16,-2.4,56,3.3,0.7705,-9.9,0.35,0.0,0.0,1,0,0
17,-2.9,66,3.6,0.3715,-8.3,0.23,0.0,0.0,1,0,0
18,-3.8,58,1.7,0.998,-10.8,0.01,0.0,0.0,1,0,0
19,-4.5,57,0.6,1.0,-11.7,0.0,0.0,0.0,1,0,0
20,-4.9,59,0.6,0.996,-11.6,0.0,0.0,0.0,1,0,0
21,-4.8,59,0.9,1.0,-11.6,0.0,0.0,0.0,1,0,0
22,-4.2,67,1.6,0.2515,-9.4,0.0,0.0,0.0,1,0,0
23,-4.9,80,0.7,0.345,-7.8,0.0,0.0,0.2,1,0,0
0,-5.2,82,0.8,0.076,-7.7,0.0,0.5,0.5,1,0,0
1,-5.6,75,1.7,0.991,-9.3,0.0,0.0,0.8,1,0,0
2,-5.7,72,1.2,0.9625,-9.9,0.0,0.0,0.8,1,0,0
3,-6.1,70,1.1,1.0,-10.6,0.0,0.3,0.8,1,0,0
4,-6.6,72,2.2,1.0,-10.8,0.0,0.0,0.8,1,0,0
5,-7.3,75,1.6,1.0,-10.9,0.0,0.0,0.8,1,0,0
6,-7.7,74,1.1,1.0,-11.5,0.0,0.0,0.8,1,0,0
7,-8.0,70,1.8,1.0,-12.5,0.0,0.0,0.7,1,0,0
8,-7.9,67,2.6,0.948,-12.9,0.0,0.0,0.7,1,0,0
9,-7.7,62,3.6,0.8185,-13.7,0.13,0.0,0.7,1,0,0
10,-6.9,53,3.2,0.788,-14.8,0.52,0.0,0.6,1,0,0
11,-6.4,49,4.5,0.8795,-15.3,0.86,0.0,0.5,1,0,0
12,-5.6,44,4.5,0.915,-15.9,1.1,0.0,0.5,1,0,0
13,-5.1,43,4.7,0.9505,-15.7,1.18,0.0,0.4,1,0,0
14,-5.3,37,5.3,1.0,-17.7,1.05,0.0,0.3,1,0,0
15,-5.3,33,4.8,1.0,-19.0,0.99,0.0,0.3,1,0,0
16,-5.4,30,3.9,1.0,-20.2,0.69,0.0,0.2,1,0,0
17,-6.5,34,4.0,1.0,-19.8,0.31,0.0,0.0,1,0,0
18,-7.8,32,4.5,1.0,-21.6,0.02,0.0,0.0,1,0,0
19,-8.5,35,2.9,1.0,-21.2,0.0,0.0,0.0,1,0,0
20,-8.9,41,2.3,1.0,-19.7,0.0,0.0,0.0,1,0,0
21,-9.4,47,2.0,1.0,-18.6,0.0,0.0,0.0,1,0,0
22,-9.7,51,2.8,1.0,-17.9,0.0,0.0,0.0,1,0,0
23,-10.2,53,3.3,0.9985,-17.9,0.0,0.0,0.0,1,0,0
0,-10.3,54,2.4,0.994,-17.8,0.0,0.0,0.0,1,0,0
1,-10.6,55,2.9,0.9935,-17.9,0.0,0.0,0.0,1,0,0
2,-10.9,57,2.7,0.95,-17.7,0.0,0.0,0.0,1,0,0
3,-11.2,59,2.9,0.936,-17.6,0.0,0.0,0.0,1,0,0
4,-11.5,57,2.3,0.9495,-18.3,0.0,0.0,0.0,1,0,0
5,-11.9,61,1.8,0.8795,-17.9,0.0,0.0,0.0,1,0,0
6,-12.0,61,2.3,0.8545,-18.0,0.0,0.0,0.0,1,0,0
7,-12.3,59,2.3,0.869,-18.6,0.0,0.0,0.0,1,0,0
8,-12.6,61,1.6,0.805,-18.5,0.0,0.0,0.0,1,0,0
9,-12.0,53,2.6,0.8905,-19.6,0.16,0.0,0.0,1,0,0
10,-11.1,46,3.7,0.819,-20.4,0.48,0.0,0.0,1,0,0
11,-10.2,41,3.5,0.8145,-20.9,0.84,0.0,0.0,1,0,0
12,-8.6,40,2.6,0.85,-19.8,1.11,0.0,0.0,1,0,0
13,-8.6,41,3.4,0.7965,-19.5,1.2,0.0,0.0,1,0,0
14,-7.4,38,3.3,0.859,-19.3,1.15,0.0,0.0,1,0,0
15,-8.3,42,3.8,0.8725,-18.9,0.93,0.0,0.0,1,0,0
16,-8.2,39,2.8,0.9035,-19.7,0.63,0.0,0.0,1,0,0
17,-9.3,43,2.8,0.95,-19.6,0.28,0.0,0.0,1,0,0
18,-10.4,43,2.3,0.9925,-20.6,0.02,0.0,0.0,1,0,0
19,-10.9,44,3.0,1.0,-20.7,0.0,0.0,0.0,1,0,0
20,-11.6,49,1.8,0.9765,-20.1,0.0,0.0,0.0,1,0,0
21,-12.4,51,2.2,0.996,-20.4,0.0,0.0,0.0,1,0,0
22,-12.9,52,2.8,1.0,-20.7,0.0,0.0,0.0,1,0,0
23,-13.2,51,1.5,0.986,-21.2,0.0,0.0,0.0,1,0,0
0,-13.6,49,1.6,1.0,-22.0,0.0,0.0,0.0,1,0,0
1,-13.7,47,3.0,1.0,-22.6,0.0,0.0,0.0,1,0,0
2,-13.8,43,2.6,1.0,-23.7,0.0,0.0,0.0,1,0,0
3,-14.1,45,1.8,1.0,-23.4,0.0,0.0,0.0,1,0,0
4,-14.3,45,2.0,1.0,-23.6,0.0,0.0,0.0,1,0,0
5,-14.6,45,1.1,1.0,-23.9,0.0,0.0,0.0,1,0,0
6,-14.9,45,2.3,1.0,-24.2,0.0,0.0,0.0,1,0,0
7,-15.1,45,0.9,1.0,-24.4,0.0,0.0,0.0,1,0,0
8,-15.1,44,1.2,1.0,-24.6,0.0,0.0,0.0,1,0,0
9,-14.9,40,1.2,0.9995,-25.5,0.16,0.0,0.0,1,0,0
10,-13.0,37,2.2,0.98,-24.6,0.59,0.0,0.0,1,0,0
11,-11.2,31,2.4,0.972,-25.0,0.94,0.0,0.0,1,0,0
12,-9.6,27,2.0,0.9725,-25.1,1.17,0.0,0.0,1,0,0
13,-8.2,29,2.0,0.96,-23.1,1.19,0.0,0.0,1,0,0
14,-7.2,28,2.3,0.995,-22.6,1.14,0.0,0.0,1,0,0
15,-6.5,26,2.4,0.9935,-22.8,0.96,0.0,0.0,1,0,0
16,-5.8,21,1.1,1.0,-24.6,0.66,0.0,0.0,1,0,0
17,-6.5,22,1.5,1.0,-24.7,0.28,0.0,0.0,1,0,0
18,-7.5,28,2.0,1.0,-22.9,0.02,0.0,0.0,1,0,0
19,-8.2,32,1.1,1.0,-22.0,0.0,0.0,0.0,1,0,0
20,-7.9,31,1.4,1.0,-22.1,0.0,0.0,0.0,1,0,0
21,-7.4,33,1.4,1.0,-20.9,0.0,0.0,0.0,1,0,0
22,-6.9,39,1.6,1.0,-18.5,0.0,0.0,0.0,1,0,0
23,-6.7,36,1.3,0.9105,-19.3,0.0,0.0,0.0,1,0,0
0,-6.6,39,1.6,0.965,-18.2,0.0,0.0,0.0,1,0,1
1,-6.5,45,0.5,0.982,-16.4,0.0,0.0,0.0,1,0,1
2,-6.4,40,0.9,1.0,-17.8,0.0,0.0,0.0,1,0,1
3,-6.5,42,0.7,0.998,-17.3,0.0,0.0,0.0,1,0,1
4,-6.4,46,0.8,0.9965,-16.1,0.0,0.0,0.0,1,0,1
5,-6.3,51,0.8,1.0,-14.8,0.0,0.0,0.0,1,0,1
6,-6.4,59,0.6,0.4435,-13.1,0.0,0.0,0.0,1,0,1
7,-6.5,68,0.6,0.2855,-11.4,0.0,0.0,0.0,1,0,1
8,-6.5,72,0.8,0.335,-10.7,0.0,0.0,0.2,1,0,1
9,-6.3,76,0.6,0.165,-9.8,0.05,0.2,0.4,1,0,1
10,-5.5,72,0.7,0.677,-9.7,0.29,0.0,0.6,1,0,1
11,-4.8,70,1.0,0.622,-9.4,0.21,0.0,0.6,1,0,1
12,-3.7,66,1.1,0.57,-9.1,0.45,0.2,0.4,1,0,1
13,-2.5,62,1.4,0.5435,-8.7,0.66,0.0,0.0,1,0,1
14,-1.8,62,0.7,0.468,-8.1,0.55,0.0,0.0,1,0,1
15,-1.5,62,0.9,0.4785,-7.8,0.28,0.0,0.0,1,0,1
16,-1.2,63,0.9,0.438,-7.3,0.19,0.0,0.0,1,0,1
17,-1.4,68,1.0,0.3805,-6.5,0.11,0.0,0.0,1,0,1
18,-2.6,73,1.0,0.342,-6.7,0.01,0.0,0.0,1,0,1
19,-3.3,76,0.8,0.3165,-6.9,0.0,0.0,0.0,1,0,1
20,-3.9,78,1.1,0.298,-7.1,0.0,0.0,0.0,1,0,1
21,-4.1,79,0.7,0.261,-7.2,0.0,0.0,0.0,1,0,1
22,-4.3,81,0.4,0.2175,-7.0,0.0,0.0,0.0,1,0,1
23,-4.4,81,0.7,0.21,-7.1,0.0,0.0,0.0,1,0,1
0,-4.4,81,0.7,0.207,-7.1,0.0,0.0,0.0,1,0,1
1,-3.7,79,0.9,0.219,-6.8,0.0,0.0,0.0,1,0,1
2,-3.5,78,1.0,0.222,-6.7,0.0,0.0,0.0,1,0,1
3,-3.6,78,1.6,0.2355,-6.8,0.0,0.0,0.0,1,0,1
4,-4.0,79,1.2,0.2265,-7.1,0.0,0.0,0.0,1,0,1
5,-4.2,79,1.2,0.221,-7.3,0.0,0.0,0.0,1,0,1
6,-4.3,79,1.1,0.2165,-7.4,0.0,0.0,0.0,1,0,1
7,-4.4,80,1.4,0.2055,-7.3,0.0,0.0,0.0,1,0,1
8,-3.8,79,0.8,0.206,-6.9,0.0,0.0,0.0,1,0,1
9,-3.4,77,1.6,0.216,-6.8,0.12,0.0,0.0,1,0,1
10,-2.1,72,1.7,0.2445,-6.4,0.34,0.0,0.0,1,0,1
11,-0.5,64,0.7,0.2685,-6.4,0.49,0.0,0.0,1,0,1
12,1.2,58,0.8,0.275,-6.1,0.74,0.0,0.0,1,0,1
13,3.0,52,1.4,0.284,-5.9,0.9,0.0,0.0,1,0,1
14,3.7,53,0.6,0.296,-5.0,0.74,0.0,0.0,1,0,1
15,4.6,50,0.9,0.412,-4.9,0.62,0.0,0.0,1,0,1
16,5.3,49,1.8,0.491,-4.5,0.43,0.0,0.0,1,0,1
17,4.5,51,1.1,0.622,-4.7,0.17,0.0,0.0,1,0,1
18,4.1,53,1.3,0.566,-4.6,0.0,0.0,0.0,1,0,1
19,3.9,54,1.1,0.551,-4.5,0.0,0.0,0.0,1,0,1
20,3.5,55,1.0,0.55,-4.7,0.0,0.0,0.0,1,0,1
21,3.1,58,0.4,0.468,-4.3,0.0,0.0,0.0,1,0,1
22,2.8,60,0.6,0.4145,-4.2,0.0,0.0,0.0,1,0,1
23,2.7,60,0.6,0.397,-4.3,0.0,0.0,0.0,1,0,1
0,3.0,60,0.5,0.421,-4.0,0.0,0.0,0.0,1,0,0
1,3.0,62,0.9,0.4175,-3.5,0.0,0.0,0.0,1,0,0
2,3.6,65,0.9,0.4795,-2.3,0.0,0.0,0.0,1,0,0
3,4.4,70,1.7,0.464,-0.6,0.0,0.0,0.0,1,0,0
4,4.9,73,1.8,0.4405,0.4,0.0,0.0,0.0,1,0,0
5,5.0,76,1.9,0.404,1.1,0.0,0.0,0.0,1,0,0
6,4.9,83,3.0,0.291,2.2,0.0,0.0,0.0,1,0,0
7,4.4,87,1.0,0.1785,2.4,0.0,0.0,0.0,1,0,0
8,4.1,85,1.1,0.235,1.7,0.0,0.0,0.0,1,0,0
9,3.9,86,1.7,0.1995,1.7,0.11,0.2,0.0,1,0,0
10,4.2,82,2.2,0.28,1.3,0.22,0.0,0.0,1,0,0
11,4.7,75,2.3,0.2665,0.6,0.54,0.0,0.0,1,0,0
12,6.2,64,1.9,0.2745,-0.1,0.79,0.0,0.0,1,0,0
13,6.1,61,2.3,0.267,-0.8,0.91,0.0,0.0,1,0,0
14,7.1,52,2.1,0.323,-2.1,0.76,0.0,0.0,1,0,0
15,7.4,38,1.7,0.4085,-6.0,0.63,0.0,0.0,1,0,0
16,7.5,37,0.9,0.4065,-6.2,0.48,0.0,0.0,1,0,0
17,6.5,40,0.8,0.402,-6.1,0.23,0.0,0.0,1,0,0
18,5.2,44,1.3,0.3235,-6.0,0.0,0.0,0.0,1,0,0
19,4.4,53,1.2,0.269,-4.3,0.0,0.0,0.0,1,0,0
20,3.7,58,1.3,0.237,-3.8,0.0,0.0,0.0,1,0,0
21,3.4,59,0.8,0.2355,-3.8,0.0,0.0,0.0,1,0,0
22,3.0,61,1.6,0.23,-3.8,0.0,0.0,0.0,1,0,0
23,2.4,63,0.6,0.2215,-3.9,0.0,0.0,0.0,1,0,0
0,1.8,67,1.2,0.1935,-3.6,0.0,0.0,0.0,1,0,0
1,1.2,64,0.7,0.2275,-4.8,0.0,0.0,0.0,1,0,0
2,0.5,72,0.7,0.1925,-3.9,0.0,0.0,0.0,1,0,0
3,0.3,70,0.6,0.219,-4.5,0.0,0.0,0.0,1,0,0
4,0.8,65,0.7,0.251,-5.0,0.0,0.0,0.0,1,0,0
5,1.1,64,0.5,0.2525,-4.9,0.0,0.0,0.0,1,0,0
6,1.2,69,0.6,0.218,-3.8,0.0,0.0,0.0,1,0,0
7,1.1,69,0.6,0.209,-3.9,0.0,0.0,0.0,1,0,0
8,1.2,68,0.6,0.2055,-4.0,0.0,0.0,0.0,1,0,0
9,1.9,65,0.8,0.201,-3.9,0.06,0.0,0.0,1,0,0
10,2.7,60,0.5,0.196,-4.3,0.18,0.0,0.0,1,0,0
11,3.9,57,0.8,0.1815,-3.8,0.28,0.0,0.0,1,0,0
12,5.2,52,1.2,0.1745,-3.8,0.45,0.0,0.0,1,0,0
13,5.8,47,0.8,0.191,-4.6,0.53,0.0,0.0,1,0,0
14,6.5,43,0.8,0.234,-5.2,0.52,0.0,0.0,1,0,0
15,6.3,40,0.3,0.249,-6.3,0.19,0.0,0.0,1,0,0
16,5.8,50,0.9,0.2735,-3.8,0.11,0.0,0.0,1,0,0
17,5.2,58,0.8,0.231,-2.4,0.08,0.0,0.0,1,0,0
18,4.9,59,1.4,0.2135,-2.4,0.0,0.0,0.0,1,0,0
19,4.6,57,1.0,0.216,-3.2,0.0,0.0,0.0,1,0,0
20,4.5,58,0.8,0.1915,-3.0,0.0,0.0,0.0,1,0,0
21,4.3,56,0.7,0.217,-3.7,0.0,0.0,0.0,1,0,0
22,4.0,57,0.3,0.215,-3.7,0.0,0.0,0.0,1,0,0
23,3.9,60,0.9,0.1895,-3.1,0.0,0.0,0.0,1,0,0
0,3.5,62,0.4,0.191,-3.1,0.0,0.0,0.0,1,0,0
1,3.3,64,0.4,0.1695,-2.8,0.0,0.0,0.0,1,0,0
2,3.1,65,0.8,0.155,-2.8,0.0,0.0,0.0,1,0,0
3,3.0,67,0.8,0.1485,-2.5,0.0,0.0,0.0,1,0,0
4,3.0,68,0.5,0.161,-2.3,0.0,0.0,0.0,1,0,0
5,2.9,66,0.8,0.1625,-2.8,0.0,0.0,0.0,1,0,0
6,2.7,71,1.1,0.135,-2.0,0.0,0.0,0.0,1,0,0
7,2.5,71,0.9,0.1445,-2.2,0.0,0.0,0.0,1,0,0
8,2.6,70,0.6,0.148,-2.3,0.0,0.0,0.0,1,0,0
9,3.0,66,0.7,0.153,-2.7,0.12,0.0,0.0,1,0,0
10,4.3,58,0.5,0.2005,-3.2,0.23,0.0,0.0,1,0,0
11,6.0,51,1.0,0.218,-3.3,0.55,0.0,0.0,1,0,0
12,8.1,51,1.4,0.1835,-1.4,0.75,0.0,0.0,1,0,0
13,8.0,54,1.8,0.2175,-0.7,0.57,0.0,0.0,1,0,0
14,7.7,54,2.6,0.1565,-1.0,0.58,0.0,0.0,1,0,0
15,8.5,49,1.3,0.2,-1.6,0.73,0.0,0.0,1,0,0
16,8.3,54,1.2,0.165,-0.4,0.44,0.0,0.0,1,0,0
17,7.2,57,3.3,0.171,-0.7,0.19,0.0,0.0,1,0,0
18,5.2,62,2.9,0.2515,-1.5,0.01,0.0,0.0,1,0,0
19,4.2,68,2.4,0.223,-1.1,0.0,0.0,0.0,1,0,0
20,3.5,72,1.7,0.1805,-1.0,0.0,0.0,0.0,1,0,0
21,3.1,74,1.1,0.1665,-1.0,0.0,0.0,0.0,1,0,0
22,2.8,74,0.5,0.1545,-1.3,0.0,0.0,0.0,1,0,0
23,2.7,74,0.8,0.1455,-1.4,0.0,0.0,0.0,1,0,0
0,2.7,73,1.0,0.145,-1.6,0.0,0.0,0.0,1,0,0
1,3.2,72,1.9,0.153,-1.3,0.0,0.0,0.0,1,0,0
2,3.3,73,1.2,0.144,-1.0,0.0,0.0,0.0,1,0,0
3,3.6,74,1.7,0.1365,-0.6,0.0,0.0,0.0,1,0,0
4,3.3,80,2.1,0.116,0.1,0.0,0.0,0.0,1,0,0
5,2.6,82,2.0,0.1145,-0.1,0.0,0.0,0.0,1,0,0
6,2.2,82,2.0,0.1055,-0.5,0.0,0.0,0.0,1,0,0
7,1.5,86,1.1,0.0945,-0.5,0.0,0.0,0.0,1,0,0
8,1.1,86,1.2,0.0985,-0.9,0.0,0.0,0.0,1,0,0
9,1.2,84,2.1,0.105,-1.2,0.07,0.0,0.0,1,0,0
10,1.4,81,2.1,0.1275,-1.5,0.21,0.0,0.0,1,0,0
11,1.8,75,1.8,0.1505,-2.1,0.35,0.0,0.0,1,0,0
12,2.5,72,2.4,0.128,-2.0,0.0,0.0,0.0,1,0,0
13,3.5,54,3.2,0.2315,-4.9,0.68,0.0,0.0,1,0,0
14,4.4,42,2.3,0.3595,-7.4,0.72,0.0,0.0,1,0,0
15,4.2,36,2.3,0.4785,-9.5,0.57,0.0,0.0,1,0,0
16,3.6,42,2.4,0.4415,-8.1,0.29,0.0,0.0,1,0,0
17,2.8,46,2.1,0.429,-7.6,0.14,0.0,0.0,1,0,0
18,2.0,39,2.1,0.6295,-10.5,0.01,0.0,0.0,1,0,0
19,1.5,41,1.0,0.605,-10.3,0.0,0.0,0.0,1,0,0
20,1.1,44,1.2,0.5855,-9.8,0.0,0.0,0.0,1,0,0
21,0.8,45,1.5,0.592,-9.8,0.0,0.0,0.0,1,0,0
22,0.7,45,2.0,0.542,-9.9,0.0,0.0,0.0,1,0,0
23,0.6,47,2.3,0.523,-9.4,0.0,0.0,0.0,1,0,0
0,0.3,45,1.8,0.577,-10.2,0.0,0.0,0.0,1,0,0
1,0.0,43,1.7,0.625,-11.1,0.0,0.0,0.0,1,0,0
2,-0.3,44,1.7,0.6475,-11.1,0.0,0.0,0.0,1,0,0
3,-0.6,43,1.7,0.658,-11.6,0.0,0.0,0.0,1,0,0
4,-0.7,45,1.4,0.6205,-11.1,0.0,0.0,0.0,1,0,0
5,-1.4,47,1.4,0.6505,-11.2,0.0,0.0,0.0,1,0,0
6,-1.8,49,1.4,0.6795,-11.1,0.0,0.0,0.0,1,0,0
7,-2.0,49,1.9,0.6405,-11.3,0.0,0.0,0.0,1,0,0
8,-2.5,50,1.0,0.6405,-11.5,0.0,0.0,0.0,1,0,0
9,-2.1,42,1.3,0.7595,-13.3,0.17,0.0,0.0,1,0,0
10,0.0,29,1.3,0.796,-15.9,0.52,0.0,0.0,1,0,0
11,2.2,20,0.6,0.897,-18.5,0.83,0.0,0.0,1,0,0
12,4.3,28,1.5,0.929,-12.6,0.98,0.0,0.0,1,0,0
13,4.7,26,2.6,0.685,-13.2,1.11,0.0,0.0,1,0,0
14,4.7,24,3.6,0.776,-14.2,1.08,0.0,0.0,1,0,0
15,5.4,25,2.4,0.843,-13.1,0.9,0.0,0.0,1,0,0
16,4.9,27,2.8,0.824,-12.5,0.65,0.0,0.0,1,0,0
17,4.1,34,3.1,0.905,-10.3,0.28,0.0,0.0,1,0,0
18,2.9,45,1.6,0.8145,-7.8,0.04,0.0,0.0,1,0,0
19,2.0,48,1.8,0.7595,-7.8,0.0,0.0,0.0,1,0,0
20,1.2,51,0.6,0.772,-7.8,0.0,0.0,0.0,1,0,0
21,0.5,52,0.8,0.7975,-8.2,0.0,0.0,0.0,1,0,0
22,0.0,56,0.8,0.772,-7.7,0.0,0.0,0.0,1,0,0
23,-0.5,59,0.9,0.7435,-7.5,0.0,0.0,0.0,1,0,0
0,-0.6,60,0.6,0.7165,-7.4,0.0,0.0,0.0,1,0,1
1,-0.9,64,0.4,0.6365,-6.8,0.0,0.0,0.0,1,0,1
2,-0.9,65,0.6,0.6845,-6.6,0.0,0.0,0.0,1,0,1
3,-0.9,65,0.2,0.6795,-6.6,0.0,0.0,0.0,1,0,1
4,-0.7,65,0.6,0.613,-6.4,0.0,0.0,0.0,1,0,1
5,-0.3,62,0.6,0.431,-6.7,0.0,0.0,0.0,1,0,1
6,-0.1,60,0.4,0.54,-6.9,0.0,0.0,0.0,1,0,1
7,0.2,60,0.3,0.5725,-6.6,0.0,0.0,0.0,1,0,1
8,0.3,63,0.4,0.57,-5.9,0.0,0.0,0.0,1,0,1
9,0.9,63,0.9,0.545,-5.3,0.07,0.0,0.0,1,0,1
10,2.1,60,1.2,0.5025,-4.8,0.3,0.0,0.0,1,0,1
11,3.7,59,1.8,0.489,-3.5,0.51,0.0,0.0,1,0,1
12,5.3,55,2.6,0.452,-3.0,0.85,0.0,0.0,1,0,1
13,6.3,55,3.0,0.396,-2.0,0.85,0.0,0.0,1,0,1
14,5.9,61,3.2,0.3115,-1.0,0.52,0.0,0.0,1,0,1
15,6.3,55,3.0,0.1775,-2.0,0.68,0.0,0.0,1,0,1
16,6.6,42,3.0,0.1775,-5.4,0.48,0.0,0.0,1,0,1
17,5.7,53,1.8,0.138,-3.1,0.22,0.0,0.0,1,0,1
18,4.6,55,3.2,0.116,-3.6,0.03,0.0,0.0,1,0,1
19,3.5,66,1.7,0.0935,-2.2,0.0,0.0,0.0,1,0,1
20,2.9,66,1.2,0.0865,-2.8,0.0,0.0,0.0,1,0,1
21,2.1,48,2.8,0.173,-7.7,0.0,0.0,0.0,1,0,1
22,1.5,48,2.4,0.211,-8.3,0.0,0.0,0.0,1,0,1
23,0.8,53,1.7,0.191,-7.7,0.0,0.0,0.0,1,0,1
0,-0.3,60,1.9,0.17,-7.1,0.0,0.0,0.0,1,0,1
1,-0.8,58,0.4,0.2,-8.0,0.0,0.0,0.0,1,0,1
2,-1.5,63,1.0,0.19,-7.6,0.0,0.0,0.0,1,0,1
3,-2.0,60,0.5,0.237,-8.7,0.0,0.0,0.0,1,0,1
4,-2.3,47,0.7,0.492,-12.1,0.0,0.0,0.0,1,0,1
5,-2.6,49,1.1,0.5325,-11.8,0.0,0.0,0.0,1,0,1
6,-3.1,54,1.4,0.5185,-11.1,0.0,0.0,0.0,1,0,1
7,-3.2,54,1.2,0.5565,-11.2,0.0,0.0,0.0,1,0,1
8,-3.6,53,0.5,0.6135,-11.8,0.0,0.0,0.0,1,0,1
9,-3.2,46,0.8,0.5455,-13.2,0.15,0.0,0.0,1,0,1
10,-1.3,37,0.8,0.535,-14.1,0.47,0.0,0.0,1,0,1
11,1.9,25,1.0,0.7465,-16.1,0.78,0.0,0.0,1,0,1
12,3.9,30,1.6,0.5425,-12.1,0.91,0.0,0.0,1,0,1
13,4.9,22,2.0,0.723,-15.0,1.0,0.0,0.0,1,0,1
14,5.4,18,1.2,0.9615,-17.0,0.96,0.0,0.0,1,0,1
15,5.4,20,2.2,0.945,-15.8,0.8,0.0,0.0,1,0,1
16,4.7,17,2.1,1.0,-18.3,0.55,0.0,0.0,1,0,1
17,3.8,20,1.3,1.0,-17.1,0.24,0.0,0.0,1,0,1
18,2.5,24,2.0,1.0,-16.0,0.02,0.0,0.0,1,0,1
19,1.3,25,1.3,1.0,-16.6,0.0,0.0,0.0,1,0,1
20,0.3,27,0.4,1.0,-16.5,0.0,0.0,0.0,1,0,1
21,-0.1,29,0.5,1.0,-16.0,0.0,0.0,0.0,1,0,1
22,-0.3,32,0.7,1.0,-15.0,0.0,0.0,0.0,1,0,1
23,-0.4,32,0.6,1.0,-15.1,0.0,0.0,0.0,1,0,1
0,-0.2,30,0.4,1.0,-15.7,0.0,0.0,0.0,1,0,0
1,-0.2,32,0.7,1.0,-14.9,0.0,0.0,0.0,1,0,0
2,-0.2,33,1.4,1.0,-14.5,0.0,0.0,0.0,1,0,0
3,-0.3,31,0.3,1.0,-15.4,0.0,0.0,0.0,1,0,0
4,0.0,32,0.4,1.0,-14.7,0.0,0.0,0.0,1,0,0
5,0.0,32,0.7,1.0,-14.7,0.0,0.0,0.0,1,0,0
6,0.0,33,0.4,1.0,-14.3,0.0,0.0,0.0,1,0,0
7,-0.4,34,1.0,0.9945,-14.3,0.0,0.0,0.0,1,0,0
8,-0.7,32,0.5,0.9955,-15.3,0.0,0.0,0.0,1,0,0
9,0.1,33,0.8,0.9505,-14.3,0.06,0.0,0.0,1,0,0
10,1.1,31,0.7,0.949,-14.1,0.25,0.0,0.0,1,0,0
11,2.4,27,0.9,0.898,-14.7,0.47,0.0,0.0,1,0,0
12,3.9,28,0.9,0.6915,-12.9,0.6,0.0,0.0,1,0,0
13,3.9,33,0.6,0.6245,-10.9,0.19,0.0,0.0,1,0,0
14,3.3,73,0.4,0.372,-1.0,0.11,0.0,0.0,1,0,0
15,3.6,69,1.8,0.3275,-1.5,0.17,0.0,0.0,1,0,0
16,2.0,87,1.9,0.07,0.0,0.03,0.0,0.0,1,0,0
17,1.3,93,1.2,0.0405,0.2,0.03,0.0,0.2,1,0,0
18,1.1,96,3.0,0.0935,0.5,0.0,3.3,1.0,1,0,0
19,-0.1,88,3.2,0.291,-1.8,0.0,0.0,1.0,1,0,0
20,-0.8,85,2.9,0.418,-3.0,0.0,0.0,1.0,1,0,0
21,-1.8,85,2.9,0.295,-3.9,0.0,0.0,1.0,1,0,0
22,-3.2,81,3.9,0.246,-6.0,0.0,0.0,1.0,1,0,0
23,-4.2,79,2.9,0.277,-7.3,0.0,0.0,1.0,1,0,0
0,-5.3,77,3.8,0.447,-8.7,0.0,0.0,1.0,1,0,0
1,-6.0,76,3.1,0.589,-9.5,0.0,0.0,1.0,1,0,0
2,-7.5,65,3.9,1.0,-12.9,0.0,0.0,1.0,1,0,0
3,-8.6,68,3.3,1.0,-13.4,0.0,0.0,1.0,1,0,0
4,-9.5,49,4.3,1.0,-18.2,0.0,0.0,1.0,1,0,0
5,-10.5,46,3.0,1.0,-19.9,0.0,0.0,1.0,1,0,0
6,-11.5,47,3.2,1.0,-20.5,0.0,0.0,1.0,1,0,0
7,-12.5,41,4.5,1.0,-23.0,0.0,0.0,1.0,1,0,0
8,-13.0,41,4.0,1.0,-23.5,0.0,0.0,1.0,1,0,0
9,-13.3,36,3.5,1.0,-25.2,0.19,0.0,1.0,1,0,0
10,-12.1,34,3.5,0.984,-24.8,0.62,0.0,1.0,1,0,0
11,-11.7,27,4.0,0.9675,-26.9,0.94,0.0,1.0,1,0,0
12,-11.3,27,3.7,0.9775,-26.6,1.18,0.0,1.0,1,0,0
13,-11.0,27,4.0,0.9795,-26.3,1.26,0.0,1.0,1,0,0
14,-10.4,30,4.3,1.0,-24.6,1.22,0.0,1.0,1,0,0
15,-9.7,32,3.6,1.0,-23.3,1.04,0.0,1.0,1,0,0
16,-10.1,34,4.3,1.0,-23.0,0.74,0.0,1.0,1,0,0
17,-10.6,38,3.5,1.0,-22.2,0.38,0.0,0.9,1,0,0
18,-11.5,43,2.4,1.0,-21.6,0.05,0.0,0.9,1,0,0
19,-12.0,47,3.2,1.0,-21.0,0.0,0.0,0.9,1,0,0
20,-12.5,52,3.0,1.0,-20.3,0.0,0.0,0.9,1,0,0
21,-13.2,49,4.1,1.0,-21.6,0.0,0.0,0.9,1,0,0
22,-13.9,45,4.0,1.0,-23.2,0.0,0.0,0.9,1,0,0
23,-14.3,38,4.0,1.0,-25.5,0.0,0.0,0.9,1,0,0
0,-14.6,34,3.9,1.0,-27.0,0.0,0.0,0.9,1,0,0
1,-15.0,31,2.5,1.0,-28.3,0.0,0.0,0.9,1,0,0
2,-15.2,32,3.1,1.0,-28.2,0.0,0.0,0.9,1,0,0
3,-15.2,30,3.4,1.0,-28.9,0.0,0.0,0.9,1,0,0
4,-15.4,30,2.5,1.0,-29.1,0.0,0.0,0.9,1,0,0
5,-15.6,29,3.7,1.0,-29.6,0.0,0.0,0.9,1,0,0
6,-15.7,29,2.5,1.0,-29.7,0.0,0.0,0.9,1,0,0
7,-15.9,30,3.0,1.0,-29.5,0.0,0.0,0.9,1,0,0
8,-16.2,30,1.6,1.0,-29.8,0.0,0.0,0.9,1,0,0
9,-15.8,27,3.4,1.0,-30.5,0.2,0.0,0.9,1,0,0
10,-14.5,24,4.6,0.951,-30.6,0.61,0.0,0.9,1,0,0
11,-13.1,25,3.8,0.982,-29.0,0.96,0.0,0.9,1,0,0
12,-12.2,26,4.0,1.0,-27.8,1.17,0.0,0.9,1,0,0
13,-12.0,25,6.0,0.9435,-28.0,1.27,0.0,0.9,1,0,0
14,-11.1,26,3.8,0.99,-26.8,1.25,0.0,0.8,1,0,0
15,-10.8,29,3.8,1.0,-25.4,1.06,0.0,0.7,1,0,0
16,-11.2,30,4.7,1.0,-25.3,0.77,0.0,0.7,1,0,0
17,-11.8,26,3.5,1.0,-27.4,0.39,0.0,0.7,1,0,0
18,-13.0,29,3.4,1.0,-27.3,0.05,0.0,0.7,1,0,0
19,-13.8,32,2.2,1.0,-26.9,0.0,0.0,0.7,1,0,0
20,-14.3,37,1.3,1.0,-25.8,0.0,0.0,0.7,1,0,0
21,-14.7,40,3.2,0.9665,-25.3,0.0,0.0,0.7,1,0,0
22,-15.2,45,4.0,1.0,-24.4,0.0,0.0,0.7,1,0,0
23,-15.7,43,3.6,1.0,-25.4,0.0,0.0,0.7,1,0,0
0,-15.9,43,3.8,1.0,-25.6,0.0,0.0,0.7,1,0,0
1,-16.1,42,2.2,1.0,-26.0,0.0,0.0,0.7,1,0,0
2,-16.0,42,1.3,1.0,-25.9,0.0,0.0,0.7,1,0,0
3,-16.0,40,1.9,1.0,-26.5,0.0,0.0,0.7,1,0,0
4,-15.9,37,2.4,0.9925,-27.2,0.0,0.0,0.7,1,0,0
5,-15.8,37,2.7,1.0,-27.1,0.0,0.0,0.7,1,0,0
6,-16.1,33,3.0,1.0,-28.7,0.0,0.0,0.7,1,0,0
7,-16.2,33,2.2,1.0,-28.7,0.0,0.0,0.7,1,0,0
8,-16.4,32,3.3,1.0,-29.2,0.01,0.0,0.6,1,0,0
9,-16.2,33,2.9,1.0,-28.7,0.19,0.0,0.6,1,0,0
10,-15.3,33,2.4,1.0,-27.9,0.56,0.0,0.6,1,0,0
11,-13.8,25,3.5,0.998,-29.6,0.91,0.0,0.6,1,0,0
12,-12.8,25,3.2,0.9905,-28.7,1.16,0.0,0.6,1,0,0
13,-11.4,27,3.9,1.0,-26.7,1.26,0.0,0.6,1,0,0
14,-10.4,25,2.3,0.9905,-26.7,1.21,0.0,0.5,1,0,0
15,-9.7,28,3.7,1.0,-24.8,1.0,0.0,0.5,1,0,0
16,-9.6,31,2.6,0.9865,-23.6,0.66,0.0,0.5,1,0,0
17,-10.9,32,4.0,1.0,-24.4,0.28,0.0,0.5,1,0,0
18,-11.8,33,4.0,1.0,-24.8,0.04,0.0,0.5,1,0,0
19,-12.7,33,3.7,1.0,-25.6,0.0,0.0,0.5,1,0,0
20,-13.5,33,2.4,1.0,-26.3,0.0,0.0,0.5,1,0,0
21,-14.1,35,2.2,1.0,-26.2,0.0,0.0,0.5,1,0,0
22,-14.6,35,2.5,1.0,-26.7,0.0,0.0,0.5,1,0,0
23,-14.9,35,2.8,1.0,-26.9,0.0,0.0,0.5,1,0,0
0,-15.1,34,1.7,1.0,-27.4,0.0,0.0,0.5,1,0,0
1,-15.3,34,1.7,1.0,-27.6,0.0,0.0,0.5,1,0,0
2,-15.6,33,2.2,1.0,-28.2,0.0,0.0,0.5,1,0,0
3,-15.9,34,2.9,1.0,-28.2,0.0,0.0,0.5,1,0,0
4,-16.4,36,1.5,1.0,-28.0,0.0,0.0,0.5,1,0,0
5,-16.9,38,2.3,1.0,-27.9,0.0,0.0,0.5,1,0,0
6,-17.4,40,1.6,1.0,-27.7,0.0,0.0,0.5,1,0,0
7,-17.5,38,3.4,1.0,-28.4,0.0,0.0,0.5,1,0,0
8,-17.8,40,2.5,1.0,-28.1,0.0,0.0,0.5,1,0,0
9,-17.5,37,3.8,0.9705,-28.7,0.21,0.0,0.5,1,0,0
10,-16.5,33,3.4,0.8515,-29.0,0.62,0.0,0.5,1,0,0
11,-15.6,31,3.3,0.904,-28.9,0.93,0.0,0.5,1,0,0
12,-14.4,30,2.7,0.953,-28.2,1.17,0.0,0.5,1,0,0
13,-13.3,28,2.7,0.9445,-27.9,1.26,0.0,0.5,1,0,0
14,-12.1,27,2.5,0.9395,-27.3,1.25,0.0,0.4,1,0,0
15,-11.4,27,3.3,0.9025,-26.7,0.0,0.0,0.4,1,0,0
16,-10.8,28,2.7,0.889,-25.8,0.77,0.0,0.4,1,0,0
17,-11.5,31,3.3,0.8725,-25.2,0.41,0.0,0.3,1,0,0
18,-12.7,33,2.5,0.9175,-25.6,0.05,0.0,0.3,1,0,0
19,-13.2,33,2.4,0.9315,-26.1,0.0,0.0,0.3,1,0,0
20,-13.7,35,1.7,0.939,-25.9,0.0,0.0,0.3,1,0,0
21,-14.1,36,1.8,0.9345,-25.9,0.0,0.0,0.3,1,0,0
22,-14.6,40,1.8,0.873,-25.2,0.0,0.0,0.3,1,0,0
23,-14.4,38,2.7,0.869,-25.6,0.0,0.0,0.3,1,0,0
0,-15.0,42,1.2,0.883,-25.0,0.0,0.0,0.3,1,0,1
1,-15.1,43,0.8,0.9525,-24.9,0.0,0.0,0.3,1,0,1
2,-15.3,43,0.6,0.9335,-25.0,0.0,0.0,0.3,1,0,1
3,-15.3,43,0.8,0.9815,-25.0,0.0,0.0,0.3,1,0,1
4,-15.3,47,0.8,0.934,-24.0,0.0,0.0,0.3,1,0,1
5,-15.4,45,0.8,1.0,-24.6,0.0,0.0,0.3,1,0,1
6,-15.3,47,0.7,0.9605,-24.0,0.0,0.0,0.3,1,0,1
7,-15.7,53,1.3,0.8145,-23.1,0.0,0.0,0.3,1,0,1
8,-15.9,58,0.9,0.6845,-22.2,0.0,0.0,0.3,1,0,1
9,-15.1,49,1.1,0.7005,-23.4,0.2,0.0,0.3,1,0,1
10,-12.3,35,0.6,0.7485,-24.6,0.6,0.0,0.3,1,0,1
11,-9.6,33,1.1,0.874,-22.9,0.9,0.0,0.3,1,0,1
12,-7.7,32,2.5,0.8815,-21.5,1.13,0.0,0.3,1,0,1
13,-6.6,27,2.1,0.9445,-22.5,1.24,0.0,0.3,1,0,1
14,-4.1,25,2.0,0.865,-21.2,1.2,0.0,0.2,1,0,1
15,-3.7,26,2.2,0.8695,-20.4,1.04,0.0,0.0,1,0,1
16,-3.7,25,2.6,0.9195,-20.9,0.74,0.0,0.0,1,0,1
17,-4.6,26,1.9,1.0,-21.2,0.39,0.0,0.0,1,0,1
18,-6.6,31,3.0,0.994,-20.9,0.06,0.0,0.0,1,0,1
19,-7.1,33,2.0,0.9435,-20.6,0.0,0.0,0.0,1,0,1
20,-7.6,36,1.7,0.929,-20.1,0.0,0.0,0.0,1,0,1
21,-7.9,35,2.6,0.939,-20.7,0.0,0.0,0.0,1,0,1
22,-7.8,43,2.3,0.902,-18.2,0.0,0.0,0.0,1,0,1
23,-7.6,42,1.2,0.88,-18.3,0.0,0.0,0.0,1,0,1
0,-7.5,36,2.3,0.986,-20.0,0.0,0.0,0.0,1,0,1
1,-7.5,45,2.4,0.9265,-17.4,0.0,0.0,0.0,1,0,1
2,-7.8,51,1.9,0.8135,-16.1,0.0,0.0,0.0,1,0,1
3,-7.7,49,1.8,0.7865,-16.5,0.0,0.0,0.0,1,0,1
4,-7.6,37,1.6,0.983,-19.8,0.0,0.0,0.0,1,0,1
5,-7.5,33,1.5,1.0,-21.0,0.0,0.0,0.0,1,0,1
6,-7.8,35,1.9,1.0,-20.6,0.0,0.0,0.0,1,0,1
7,-8.0,39,1.9,1.0,-19.5,0.0,0.0,0.0,1,0,1
8,-8.1,43,1.7,0.9715,-18.5,0.0,0.0,0.0,1,0,1
9,-7.8,41,1.8,0.9615,-18.7,0.17,0.0,0.0,1,0,1
10,-5.9,35,1.9,0.97,-18.9,0.53,0.0,0.0,1,0,1
11,-4.6,27,2.6,0.9435,-20.8,0.85,0.0,0.0,1,0,1
12,-3.5,26,2.5,0.878,-20.2,1.07,0.0,0.0,1,0,1
13,-2.4,22,2.5,0.933,-21.2,1.16,0.0,0.0,1,0,1
14,-1.5,20,3.0,0.996,-21.6,1.09,0.0,0.0,1,0,1
15,-1.9,23,4.3,1.0,-20.3,0.7,0.0,0.0,1,0,1
16,-2.1,27,4.0,1.0,-18.6,0.52,0.0,0.0,1,0,1
17,-3.8,32,5.2,1.0,-18.1,0.25,0.0,0.0,1,0,1
18,-4.9,35,3.7,1.0,-18.0,0.04,0.0,0.0,1,0,1
19,-6.0,31,3.6,1.0,-20.4,0.0,0.0,0.0,1,0,1
20,-7.0,30,2.8,1.0,-21.6,0.0,0.0,0.0,1,0,1
21,-7.3,34,3.5,1.0,-20.5,0.0,0.0,0.0,1,0,1
22,-7.9,40,2.5,0.9985,-19.1,0.0,0.0,0.0,1,0,1
23,-8.7,42,2.1,0.9905,-19.3,0.0,0.0,0.0,1,0,1
0,-9.3,45,0.7,0.988,-19.0,0.0,0.0,0.0,1,0,0
1,-9.8,47,1.3,0.967,-19.0,0.0,0.0,0.0,1,0,0
2,-10.2,47,0.9,0.904,-19.3,0.0,0.0,0.0,1,0,0
3,-9.8,43,2.8,0.9815,-20.0,0.0,0.0,0.0,1,0,0
4,-9.9,45,2.5,0.9835,-19.6,0.0,0.0,0.0,1,0,0
5,-10.4,47,1.0,0.9605,-19.5,0.0,0.0,0.0,1,0,0
6,-10.9,43,1.0,0.9835,-21.0,0.0,0.0,0.0,1,0,0
7,-11.1,37,1.6,1.0,-22.9,0.0,0.0,0.0,1,0,0
8,-11.5,38,1.0,0.999,-23.0,0.01,0.0,0.0,1,0,0
9,-10.8,34,2.9,0.9875,-23.6,0.17,0.0,0.0,1,0,0
10,-9.5,28,3.7,0.9465,-24.6,0.59,0.0,0.0,1,0,0
11,-8.1,24,3.6,0.8805,-25.1,0.91,0.0,0.0,1,0,0
12,-7.3,23,3.8,0.9515,-24.9,1.17,0.0,0.0,1,0,0
13,-6.9,23,4.6,0.9815,-24.6,1.28,0.0,0.0,1,0,0
14,-5.7,23,4.5,0.978,-23.5,1.25,0.0,0.0,1,0,0
15,-5.2,27,4.5,0.9635,-21.3,1.06,0.0,0.0,1,0,0
16,-5.5,28,4.3,0.963,-21.1,0.78,0.0,0.0,1,0,0
17,-5.7,30,3.6,0.989,-20.5,0.4,0.0,0.0,1,0,0
18,-6.6,34,2.5,1.0,-19.8,0.06,0.0,0.0,1,0,0
19,-7.1,40,3.2,1.0,-18.4,0.0,0.0,0.0,1,0,0
20,-7.4,41,3.8,1.0,-18.4,0.0,0.0,0.0,1,0,0
21,-7.7,42,2.9,0.9525,-18.4,0.0,0.0,0.0,1,0,0
22,-8.8,40,3.0,0.9925,-19.9,0.0,0.0,0.0,1,0,0
23,-9.4,41,1.6,1.0,-20.2,0.0,0.0,0.0,1,0,0
0,-10.0,34,1.1,1.0,-22.9,0.0,0.0,0.0,1,0,0
1,-10.4,37,0.3,1.0,-22.3,0.0,0.0,0.0,1,0,0
2,-10.6,40,1.0,1.0,-21.6,0.0,0.0,0.0,1,0,0
3,-10.7,42,1.4,1.0,-21.1,0.0,0.0,0.0,1,0,0
4,-11.1,50,1.2,0.993,-19.4,0.0,0.0,0.0,1,0,0
5,-11.3,53,1.6,0.9895,-19.0,0.0,0.0,0.0,1,0,0
6,-11.2,53,0.9,1.0,-18.9,0.0,0.0,0.0,1,0,0
7,-11.3,57,0.9,0.992,-18.1,0.0,0.0,0.0,1,0,0
8,-11.1,61,0.7,0.9815,-17.1,0.01,0.0,0.0,1,0,0
9,-9.9,49,0.8,0.812,-18.6,0.2,0.0,0.0,1,0,0
10,-7.5,42,0.9,0.8525,-18.2,0.55,0.0,0.0,1,0,0
11,-4.5,29,1.3,0.956,-19.8,0.79,0.0,0.0,1,0,0
12,-3.2,32,2.7,0.95,-17.5,1.01,0.0,0.0,1,0,0
13,-1.3,35,2.0,0.9465,-14.8,1.18,0.0,0.0,1,0,0
14,-1.1,46,2.1,0.7185,-11.2,0.72,0.0,0.0,1,0,0
15,-1.6,55,2.5,0.9455,-9.4,0.64,0.0,0.0,1,0,0
16,-2.2,76,1.7,0.1165,-5.8,0.25,0.0,0.0,1,0,0
17,-2.4,85,0.3,0.087,-4.5,0.06,0.0,0.6,1,0,0
18,-2.3,91,0.4,0.101,-3.5,0.0,1.4,2.0,1,0,0
19,-1.7,91,1.1,0.0835,-2.9,0.0,0.0,3.0,1,0,0
20,-1.5,91,1.7,0.135,-2.7,0.0,0.0,3.3,1,0,0
21,-1.6,91,1.3,0.254,-2.8,0.0,1.5,3.5,1,0,0
22,-1.7,85,1.2,0.503,-3.8,0.0,0.0,3.5,1,0,0
23,-1.7,83,1.0,0.5465,-4.2,0.0,0.0,3.5,1,0,0
0,-1.7,83,0.8,0.5565,-4.2,0.0,0.0,3.5,1,0,0
1,-1.6,81,1.1,0.5705,-4.4,0.0,0.0,3.5,1,0,0
2,-1.6,80,1.4,0.5485,-4.6,0.0,0.0,3.5,1,0,0
3,-2.2,83,1.0,0.4885,-4.7,0.0,0.0,3.5,1,0,0
4,-2.4,82,1.5,0.4385,-5.0,0.0,0.0,3.5,1,0,0
5,-2.8,83,0.6,0.473,-5.2,0.0,0.0,3.5,1,0,0
6,-3.1,80,0.7,0.6075,-6.0,0.0,0.0,3.5,1,0,0
7,-3.5,83,1.6,0.4765,-5.9,0.0,0.0,3.5,1,0,0
8,-3.6,83,1.7,0.4575,-6.0,0.0,0.0,3.5,1,0,0
9,-3.3,77,1.2,0.458,-6.7,0.1,0.0,3.4,1,0,0
10,-2.3,63,1.7,0.643,-8.4,0.22,0.0,3.2,1,0,0
11,-1.5,46,2.5,0.953,-11.6,0.56,0.0,3.0,1,0,0
12,-1.0,35,2.7,0.9605,-14.5,0.64,0.0,3.0,1,0,0
13,-0.8,39,2.6,0.9265,-13.0,0.54,0.0,2.8,1,0,0
14,-0.7,33,2.7,0.992,-15.0,0.56,0.0,2.5,1,0,0
15,-0.5,30,2.3,0.9985,-15.9,0.45,0.0,2.2,1,0,0
16,-0.1,29,1.6,1.0,-16.0,0.5,0.0,1.8,1,0,0
17,-0.9,34,2.8,1.0,-14.8,0.28,0.0,1.8,1,0,0
18,-1.8,35,2.1,1.0,-15.2,0.05,0.0,1.6,1,0,0
19,-2.2,36,2.2,1.0,-15.2,0.0,0.0,1.6,1,0,0
20,-2.6,36,3.1,1.0,-15.6,0.0,0.0,1.6,1,0,0
21,-3.4,40,0.9,1.0,-15.0,0.0,0.0,1.6,1,0,0
22,-4.2,48,1.0,1.0,-13.5,0.0,0.0,1.6,1,0,0
23,-4.7,53,1.3,1.0,-12.8,0.0,0.0,1.6,1,0,0
0,-5.2,56,1.4,0.998,-12.6,0.0,0.0,1.6,1,0,0
1,-5.4,54,1.7,0.998,-13.2,0.0,0.0,1.6,1,0,0
2,-5.5,53,2.1,0.99,-13.5,0.0,0.0,1.6,1,0,0
3,-6.2,57,1.6,0.937,-13.3,0.0,0.0,1.6,1,0,0
4,-7.1,56,1.8,0.9205,-14.4,0.0,0.0,1.6,1,0,0
5,-7.8,65,2.3,0.8685,-13.2,0.0,0.0,1.6,1,0,0
6,-8.1,59,0.7,0.9575,-14.7,0.0,0.0,1.6,1,0,0
7,-8.7,64,0.5,0.986,-14.2,0.0,0.0,1.6,1,0,0
8,-8.6,59,1.0,0.974,-15.1,0.01,0.0,1.6,1,0,0
9,-7.9,50,0.6,0.9025,-16.5,0.23,0.0,1.6,1,0,0
10,-5.0,41,0.5,0.8995,-16.2,0.64,0.0,1.5,1,0,0
11,-2.6,33,1.5,0.915,-16.6,0.95,0.0,1.4,1,0,0
12,-1.1,31,1.3,0.9345,-16.1,1.2,0.0,1.3,1,0,0
13,0.3,28,3.1,0.994,-16.1,1.3,0.0,1.0,1,0,0
14,0.8,23,3.2,1.0,-18.0,1.29,0.0,0.5,1,0,0
15,0.7,25,3.0,0.9935,-17.1,1.12,0.0,0.0,1,0,0
16,1.1,26,2.1,0.9785,-16.3,0.82,0.0,0.0,1,0,0
17,0.3,26,2.4,0.9885,-17.0,0.45,0.0,0.0,1,0,0
18,-1.0,28,1.9,1.0,-17.2,0.08,0.0,0.0,1,0,0
19,-1.8,32,1.5,1.0,-16.3,0.0,0.0,0.0,1,0,0
20,-2.4,36,1.0,1.0,-15.4,0.0,0.0,0.0,1,0,0
21,-3.2,47,1.8,0.9585,-12.9,0.0,0.0,0.0,1,0,0
22,-3.9,52,1.2,0.9355,-12.3,0.0,0.0,0.0,1,0,0
23,-4.5,55,0.4,0.954,-12.1,0.0,0.0,0.0,1,0,0
0,-4.9,56,1.1,0.991,-12.3,0.0,0.0,0.0,1,0,0
1,-5.2,56,0.9,0.9865,-12.6,0.0,0.0,0.0,1,0,0
2,-5.7,59,0.3,0.9755,-12.4,0.0,0.0,0.0,1,0,0
3,-6.3,63,0.9,0.7125,-12.2,0.0,0.0,0.0,1,0,0
4,-6.7,65,1.1,0.8525,-12.1,0.0,0.0,0.0,1,0,0
5,-6.8,61,0.2,0.862,-13.0,0.0,0.0,0.0,1,0,0
6,-7.0,62,1.3,0.915,-13.0,0.0,0.0,0.0,1,0,0
7,-7.4,62,1.5,0.9545,-13.4,0.0,0.0,0.0,1,0,0
8,-7.4,58,2.2,0.941,-14.2,0.01,0.0,0.0,1,0,0
9,-6.5,54,1.2,0.7705,-14.2,0.22,0.0,0.0,1,0,0
10,-4.1,43,1.2,0.5935,-14.8,0.59,0.0,0.0,1,0,0
11,-1.4,37,1.0,0.6585,-14.2,0.91,0.0,0.0,1,0,0
12,0.9,37,1.5,0.6415,-12.1,1.12,0.0,0.0,1,0,0
13,1.6,29,2.2,0.831,-14.5,1.2,0.0,0.0,1,0,0
14,3.2,26,2.2,0.7495,-14.5,1.16,0.0,0.0,1,0,0
15,3.6,26,2.4,0.8435,-14.1,0.99,0.0,0.0,1,0,0
16,2.9,26,3.0,0.984,-14.7,0.69,0.0,0.0,1,0,0
17,2.0,25,2.3,0.999,-16.0,0.34,0.0,0.0,1,0,0
18,0.5,37,3.0,0.8665,-12.5,0.06,0.0,0.0,1,0,0
19,-0.5,43,2.5,0.833,-11.5,0.0,0.0,0.0,1,0,0
20,-1.3,51,2.4,0.7405,-10.1,0.0,0.0,0.0,1,0,0
21,-2.0,61,1.7,0.8275,-8.5,0.0,0.0,0.0,1,0,0
22,-2.4,63,1.3,0.7615,-8.4,0.0,0.0,0.0,1,0,0
23,-2.6,69,2.0,0.717,-7.5,0.0,0.0,0.0,1,0,0
0,-2.5,69,2.2,0.683,-7.4,0.0,0.0,0.0,1,0,1
1,-2.3,71,3.2,0.539,-6.8,0.0,0.0,0.0,1,0,1
2,-3.4,82,4.2,0.092,-6.0,0.0,0.0,0.0,1,0,1
3,-4.4,80,4.3,0.173,-7.3,0.0,0.1,0.1,1,0,1
4,-5.6,74,4.0,0.1935,-9.5,0.0,0.0,0.2,1,0,1
5,-6.3,65,3.9,0.7605,-11.8,0.0,0.0,0.3,1,0,1
6,-7.8,57,4.8,0.9335,-14.8,0.0,0.4,0.3,1,0,1
7,-8.8,58,4.0,0.971,-15.5,0.0,0.0,0.3,1,0,1
8,-9.5,56,3.5,0.9895,-16.6,0.01,0.0,0.3,1,0,1
9,-9.4,47,3.3,0.9975,-18.6,0.42,0.0,0.3,1,0,1
10,-8.5,43,4.0,0.8985,-18.8,1.09,0.0,0.2,1,0,1
11,-7.7,41,4.6,0.992,-18.7,1.65,0.0,0.2,1,0,1
12,-6.0,38,3.4,0.965,-18.0,2.04,0.0,0.0,1,0,1
13,-5.8,38,3.7,0.9805,-17.8,2.25,0.0,0.0,1,0,1
14,-5.0,31,4.0,1.0,-19.5,2.18,0.0,0.0,1,0,1
15,-4.5,31,4.3,0.9895,-19.1,1.91,0.0,0.0,1,0,1
16,-4.2,31,3.5,0.987,-18.8,1.42,0.0,0.0,1,0,1
17,-5.6,32,4.6,1.0,-19.7,0.53,0.0,0.0,1,0,1
18,-6.6,36,4.4,1.0,-19.2,0.15,0.0,0.0,1,0,1
19,-7.6,32,4.8,1.0,-21.4,0.0,0.0,0.0,1,0,1
20,-8.5,31,4.1,1.0,-22.6,0.0,0.0,0.0,1,0,1
21,-9.1,38,2.7,1.0,-20.8,0.0,0.0,0.0,1,0,1
22,-9.7,45,3.0,1.0,-19.4,0.0,0.0,0.0,1,0,1
23,-10.0,48,2.6,1.0,-18.9,0.0,0.0,0.0,1,0,1
0,-10.4,49,2.4,1.0,-19.0,0.0,0.0,0.0,1,0,1
1,-10.5,48,3.1,1.0,-19.4,0.0,0.0,0.0,1,0,1
2,-10.5,49,2.0,1.0,-19.1,0.0,0.0,0.0,1,0,1
3,-10.6,47,3.7,1.0,-19.7,0.0,0.0,0.0,1,0,1
4,-11.2,47,2.3,1.0,-20.3,0.0,0.0,0.0,1,0,1
5,-11.5,51,3.3,0.998,-19.6,0.0,0.0,0.0,1,0,1
6,-11.8,54,2.4,0.9585,-19.2,0.0,0.0,0.0,1,0,1
7,-12.4,54,2.5,0.895,-19.8,0.0,0.0,0.0,1,0,1
8,-12.8,56,2.4,0.7535,-19.7,0.02,0.0,0.0,1,0,1
9,-12.4,51,3.8,0.7075,-20.4,0.38,0.0,0.0,1,0,1
10,-11.2,43,3.5,0.6795,-21.3,1.04,0.0,0.0,1,0,1
11,-9.7,37,2.8,0.718,-21.6,1.57,0.0,0.0,1,0,1
12,-8.3,32,1.8,0.6475,-22.1,1.99,0.0,0.0,1,0,1
13,-8.3,34,4.0,0.7805,-21.4,2.22,0.0,0.0,1,0,1
14,-7.4,33,4.0,0.8565,-20.9,2.17,0.0,0.0,1,0,1
15,-6.4,30,4.9,0.9695,-21.1,1.89,0.0,0.0,1,0,1
16,-5.4,29,3.6,0.9895,-20.6,1.4,0.0,0.0,1,0,1
17,-5.9,27,3.6,0.987,-21.9,0.81,0.0,0.0,1,0,1
18,-7.0,26,4.1,1.0,-23.3,0.16,0.0,0.0,1,0,1
19,-7.7,31,3.3,1.0,-21.9,0.0,0.0,0.0,1,0,1
20,-8.2,28,3.5,1.0,-23.5,0.0,0.0,0.0,1,0,1
21,-8.9,35,3.2,1.0,-21.6,0.0,0.0,0.0,1,0,1
22,-9.7,45,1.3,1.0,-19.4,0.0,0.0,0.0,1,0,1
23,-10.3,48,2.0,1.0,-19.2,0.0,0.0,0.0,1,0,1
0,-10.5,52,2.4,1.0,-18.4,0.0,0.0,0.0,1,0,0
1,-11.2,54,1.0,1.0,-18.6,0.0,0.0,0.0,1,0,0
2,-11.2,55,1.5,1.0,-18.4,0.0,0.0,0.0,1,0,0
3,-11.3,54,0.6,1.0,-18.7,0.0,0.0,0.0,1,0,0
4,-11.7,51,1.2,1.0,-19.8,0.0,0.0,0.0,1,0,0
5,-11.6,45,2.4,1.0,-21.1,0.0,0.0,0.0,1,0,0
6,-11.5,40,2.3,1.0,-22.4,0.0,0.0,0.0,1,0,0
7,-11.6,44,1.6,1.0,-21.4,0.0,0.0,0.0,1,0,0
8,-11.5,40,2.8,1.0,-22.4,0.02,0.0,0.0,1,0,0
9,-11.1,38,2.4,0.9725,-22.6,0.43,0.0,0.0,1,0,0
10,-9.6,32,3.7,1.0,-23.2,1.14,0.0,0.0,1,0,0
11,-8.5,27,4.7,0.947,-24.2,1.73,0.0,0.0,1,0,0
12,-7.8,28,4.1,1.0,-23.1,2.12,0.0,0.0,1,0,0
13,-7.0,25,4.2,0.9995,-23.7,2.29,0.0,0.0,1,0,0
14,-6.4,24,4.6,0.985,-23.7,2.23,0.0,0.0,1,0,0
15,-5.7,25,4.4,0.9975,-22.6,1.94,0.0,0.0,1,0,0
16,-5.4,25,3.4,0.9925,-22.3,1.44,0.0,0.0,1,0,0
17,-6.4,28,4.5,1.0,-21.9,0.81,0.0,0.0,1,0,0
18,-7.6,29,3.5,1.0,-22.6,0.16,0.0,0.0,1,0,0
19,-8.3,29,4.1,1.0,-23.2,0.0,0.0,0.0,1,0,0
20,-9.1,35,3.8,1.0,-21.7,0.0,0.0,0.0,1,0,0
21,-9.8,41,3.9,0.9745,-20.6,0.0,0.0,0.0,1,0,0
22,-10.3,43,3.7,0.938,-20.5,0.0,0.0,0.0,1,0,0
23,-10.5,47,2.8,0.897,-19.6,0.0,0.0,0.0,1,0,0
0,-10.6,47,3.5,0.9015,-19.7,0.0,0.0,0.0,1,0,0
1,-10.9,36,3.3,1.0,-23.0,0.0,0.0,0.0,1,0,0
2,-11.2,36,2.9,0.9905,-23.3,0.0,0.0,0.0,1,0,0
3,-11.6,35,3.2,0.996,-24.0,0.0,0.0,0.0,1,0,0
4,-12.0,36,2.7,0.999,-24.0,0.0,0.0,0.0,1,0,0
5,-12.3,37,2.9,1.0,-24.0,0.0,0.0,0.0,1,0,0
6,-12.5,40,3.4,0.9955,-23.3,0.0,0.0,0.0,1,0,0
7,-12.7,41,3.7,0.991,-23.2,0.0,0.0,0.0,1,0,0
8,-12.7,41,3.1,1.0,-23.2,0.02,0.0,0.0,1,0,0
9,-12.3,39,3.7,0.992,-23.4,0.45,0.0,0.0,1,0,0
10,-11.3,35,4.2,0.924,-23.7,1.15,0.0,0.0,1,0,0
11,-9.9,32,3.3,0.9315,-23.5,1.72,0.0,0.0,1,0,0
12,-8.2,31,2.7,0.929,-22.3,2.09,0.0,0.0,1,0,0
13,-7.5,28,4.3,0.952,-22.9,2.3,0.0,0.0,1,0,0
14,-7.0,26,4.4,0.993,-23.3,2.24,0.0,0.0,1,0,0
15,-5.9,25,3.1,0.968,-22.8,1.93,0.0,0.0,1,0,0
16,-5.9,24,3.5,1.0,-23.2,1.44,0.0,0.0,1,0,0
17,-6.6,29,2.5,1.0,-21.7,0.68,0.0,0.0,1,0,0
18,-7.6,36,3.3,1.0,-20.1,0.11,0.0,0.0,1,0,0
19,-8.4,37,4.0,1.0,-20.5,0.0,0.0,0.0,1,0,0
20,-9.6,34,2.6,1.0,-22.5,0.0,0.0,0.0,1,0,0
21,-10.6,39,3.1,1.0,-21.9,0.0,0.0,0.0,1,0,0
22,-11.1,43,1.8,0.98,-21.2,0.0,0.0,0.0,1,0,0
23,-11.8,46,1.1,0.93,-21.1,0.0,0.0,0.0,1,0,0
0,-12.3,47,0.4,0.924,-21.3,0.0,0.0,0.0,1,0,0
1,-12.3,47,1.9,0.9185,-21.3,0.0,0.0,0.0,1,0,0
2,-12.5,50,1.0,0.861,-20.8,0.0,0.0,0.0,1,0,0
3,-12.5,49,1.5,0.9425,-21.0,0.0,0.0,0.0,1,0,0
4,-13.1,54,0.7,0.6845,-20.4,0.0,0.0,0.0,1,0,0
5,-13.0,53,0.7,0.905,-20.5,0.0,0.0,0.0,1,0,0
6,-13.2,50,0.5,0.9365,-21.4,0.0,0.0,0.0,1,0,0
7,-13.2,56,0.9,0.8325,-20.1,0.0,0.0,0.0,1,0,0
8,-13.3,60,0.6,0.799,-19.4,0.02,0.0,0.0,1,0,0
9,-12.0,50,1.3,0.7615,-20.3,0.43,0.0,0.0,1,0,0
10,-9.6,39,0.7,0.79,-21.0,1.06,0.0,0.0,1,0,0
11,-7.0,28,3.3,0.9145,-22.4,1.56,0.0,0.0,1,0,0
12,-6.0,24,2.6,0.982,-23.3,1.97,0.0,0.0,1,0,0
13,-4.5,23,2.6,0.9685,-22.5,2.12,0.0,0.0,1,0,0
14,-3.5,20,1.5,0.988,-23.2,2.02,0.0,0.0,1,0,0
15,-2.1,20,2.3,0.9805,-22.1,1.87,0.0,0.0,1,0,0
16,-1.7,18,2.0,0.9595,-22.9,1.41,0.0,0.0,1,0,0
17,-2.3,20,2.2,0.997,-22.2,0.77,0.0,0.0,1,0,0
18,-4.0,27,2.5,1.0,-20.2,0.16,0.0,0.0,1,0,0
19,-5.2,33,2.6,1.0,-19.0,0.0,0.0,0.0,1,0,0
20,-5.8,44,2.1,0.997,-16.1,0.0,0.0,0.0,1,0,0
21,-6.3,48,2.2,0.9825,-15.5,0.0,0.0,0.0,1,0,0
22,-6.8,50,1.7,0.928,-15.5,0.0,0.0,0.0,1,0,0
23,-7.6,50,1.0,0.9195,-16.2,0.0,0.0,0.0,1,0,0
0,-8.2,50,1.1,0.925,-16.8,0.0,0.0,0.0,1,0,0
1,-8.5,60,1.2,0.954,-14.8,0.0,0.0,0.0,1,0,0
2,-8.3,65,0.4,0.875,-13.7,0.0,0.0,0.0,1,0,0
3,-8.6,64,0.9,0.877,-14.1,0.0,0.0,0.0,1,0,0
4,-9.0,54,0.6,0.9165,-16.6,0.0,0.0,0.0,1,0,0
5,-9.0,56,0.4,0.839,-16.1,0.0,0.0,0.0,1,0,0
6,-9.3,61,0.7,0.842,-15.4,0.0,0.0,0.0,1,0,0
7,-9.6,67,1.0,0.7515,-14.5,0.0,0.0,0.0,1,0,0
8,-9.7,65,0.8,0.754,-15.0,0.02,0.0,0.0,1,0,0
9,-8.5,55,1.0,0.741,-15.9,0.4,0.0,0.0,1,0,0
10,-6.3,46,1.3,0.673,-16.0,1.01,0.0,0.0,1,0,0
11,-3.1,39,1.2,0.7475,-15.1,1.54,0.0,0.0,1,0,0
12,-1.5,35,1.2,0.7755,-15.0,1.9,0.0,0.0,1,0,0
13,0.3,30,1.4,0.8485,-15.2,2.11,0.0,0.0,1,0,0
14,0.9,25,2.4,0.865,-16.9,2.09,0.0,0.0,1,0,0
15,1.4,25,2.2,0.843,-16.5,1.81,0.0,0.0,1,0,0
16,2.0,25,2.3,0.8775,-16.0,1.3,0.0,0.0,1,0,0
17,1.5,24,1.9,0.894,-16.9,0.72,0.0,0.0,1,0,0
18,-0.5,26,1.7,0.9995,-17.7,0.15,0.0,0.0,1,0,0
19,-1.8,35,1.4,0.779,-15.2,0.0,0.0,0.0,1,0,0
20,-2.8,40,1.5,0.7965,-14.5,0.0,0.0,0.0,1,0,0
21,-3.3,42,1.1,0.798,-14.4,0.0,0.0,0.0,1,0,0
22,-3.9,41,0.4,0.731,-15.2,0.0,0.0,0.0,1,0,0
23,-4.3,44,0.7,0.6235,-14.7,0.0,0.0,0.0,1,0,0
0,-4.6,38,0.1,0.7755,-16.7,0.0,0.0,0.0,1,0,0
1,-4.8,44,1.1,0.716,-15.2,0.0,0.0,0.0,1,0,0
2,-5.1,47,0.9,0.73,-14.6,0.0,0.0,0.0,1,0,0
3,-5.2,48,0.7,0.6545,-14.5,0.0,0.0,0.0,1,0,0
4,-4.4,47,0.9,0.6715,-14.0,0.0,0.0,0.0,1,0,0
5,-4.2,44,1.1,0.598,-14.6,0.0,0.0,0.0,1,0,0
6,-4.0,41,0.8,0.621,-15.3,0.0,0.0,0.0,1,0,0
7,-3.6,42,0.9,0.629,-14.6,0.0,0.0,0.0,1,0,0
8,-3.3,39,0.9,0.6395,-15.3,0.02,0.0,0.0,1,0,0
9,-2.4,36,1.2,0.638,-15.4,0.2,0.0,0.0,1,0,0
10,-1.3,34,0.5,0.596,-15.1,0.32,0.0,0.0,1,0,0
11,-0.2,31,0.8,0.6345,-15.3,0.5,0.0,0.0,1,0,0
12,1.6,28,0.5,0.5965,-14.9,0.88,0.0,0.0,1,0,0
13,2.6,27,0.8,0.56,-14.5,0.82,0.0,0.0,1,0,0
14,4.0,25,0.9,0.5045,-14.3,1.06,0.0,0.0,1,0,0
15,5.0,24,1.0,0.5185,-13.9,1.16,0.0,0.0,1,0,0
16,6.0,28,1.7,0.5915,-11.1,1.03,0.0,0.0,1,0,0
17,4.8,38,3.0,0.791,-8.3,0.47,0.0,0.0,1,0,0
18,4.1,40,2.1,0.6635,-8.3,0.1,0.0,0.0,1,0,0
19,3.3,58,1.7,0.512,-4.1,0.0,0.0,0.0,1,0,0
20,3.0,61,1.9,0.421,-3.8,0.0,0.0,0.0,1,0,0
21,2.9,63,1.0,0.393,-3.4,0.0,0.0,0.0,1,0,0
22,2.5,66,1.1,0.3795,-3.2,0.0,0.0,0.0,1,0,0
23,2.0,70,0.7,0.3445,-2.9,0.0,0.0,0.0,1,0,0
0,1.5,71,1.1,0.295,-3.1,0.0,0.0,0.0,1,0,1
1,1.7,71,1.2,0.292,-3.0,0.0,0.0,0.0,1,0,1
2,1.9,71,1.5,0.292,-2.8,0.0,0.0,0.0,1,0,1
3,2.0,71,1.2,0.267,-2.7,0.0,0.0,0.0,1,0,1
4,1.9,74,1.2,0.257,-2.2,0.0,0.0,0.0,1,0,1
5,1.8,75,2.0,0.242,-2.1,0.0,0.0,0.0,1,0,1
6,1.6,78,1.6,0.224,-1.8,0.0,0.0,0.0,1,0,1
7,1.6,81,1.4,0.1965,-1.3,0.0,0.0,0.0,1,0,1
8,1.6,82,1.3,0.1745,-1.1,0.01,0.0,0.0,1,0,1
9,1.6,78,2.0,0.13,-1.8,0.17,0.0,0.0,1,0,1
10,1.8,73,2.8,0.135,-2.5,0.69,0.0,0.0,1,0,1
11,2.6,62,2.9,0.147,-3.9,1.12,0.0,0.0,1,0,1
12,2.9,53,4.7,0.177,-5.7,1.37,0.0,0.0,1,0,1
13,2.8,31,4.0,0.4835,-12.6,1.42,0.0,0.0,1,0,1
14,2.2,24,4.5,0.85,-16.3,1.66,0.0,0.0,1,0,1
15,2.0,20,4.1,0.971,-18.6,1.49,0.0,0.0,1,0,1
16,0.3,17,4.9,1.0,-21.9,0.87,0.0,0.0,1,0,1
17,-0.9,19,5.0,1.0,-21.6,0.48,0.0,0.0,1,0,1
18,-2.0,15,5.6,1.0,-25.2,0.13,0.0,0.0,1,0,1
19,-3.1,14,5.1,1.0,-26.9,0.0,0.0,0.0,1,0,1
20,-4.4,19,5.8,1.0,-24.6,0.0,0.0,0.0,1,0,1
21,-5.6,28,4.1,1.0,-21.2,0.0,0.0,0.0,1,0,1
22,-6.2,32,3.5,1.0,-20.2,0.0,0.0,0.0,1,0,1
23,-6.7,35,2.1,1.0,-19.6,0.0,0.0,0.0,1,0,1
0,-6.9,36,2.1,1.0,-19.5,0.0,0.0,0.0,1,0,1
1,-7.0,38,2.6,1.0,-18.9,0.0,0.0,0.0,1,0,1
2,-7.0,42,1.6,1.0,-17.7,0.0,0.0,0.0,1,0,1
3,-7.2,43,2.0,1.0,-17.6,0.0,0.0,0.0,1,0,1
4,-7.5,42,2.4,0.999,-18.2,0.0,0.0,0.0,1,0,1
5,-7.8,39,2.8,1.0,-19.3,0.0,0.0,0.0,1,0,1
6,-8.4,33,1.4,0.9815,-21.8,0.0,0.0,0.0,1,0,1
7,-9.2,34,2.0,0.9725,-22.2,0.0,0.0,0.0,1,0,1
8,-9.4,29,1.9,0.9835,-24.1,0.03,0.0,0.0,1,0,1
9,-8.6,28,1.5,0.893,-23.8,0.49,0.0,0.0,1,0,1
10,-6.9,21,3.4,0.9135,-25.6,1.16,0.0,0.0,1,0,1
11,-5.0,25,3.2,0.9265,-22.0,1.75,0.0,0.0,1,0,1
12,-3.9,28,2.9,0.9605,-19.7,2.12,0.0,0.0,1,0,1
13,-2.4,28,3.0,0.9765,-18.4,2.35,0.0,0.0,1,0,1
14,-2.2,29,4.1,0.9915,-17.8,1.93,0.0,0.0,1,0,1
15,-2.6,31,2.7,0.9935,-17.4,1.36,0.0,0.0,1,0,1
16,-3.6,36,4.4,1.0,-16.5,0.67,0.0,0.0,1,0,1
17,-4.2,47,2.7,1.0,-13.8,0.31,0.0,0.0,1,0,1
18,-4.6,56,3.6,1.0,-12.0,0.09,0.0,0.0,1,0,1
19,-5.2,66,3.1,1.0,-10.5,0.0,0.0,0.0,1,0,1
20,-5.7,67,2.6,1.0,-10.8,0.0,0.0,0.0,1,0,1
21,-5.6,69,2.2,0.992,-10.3,0.0,0.0,0.0,1,0,1
22,-5.8,57,3.2,0.99,-12.9,0.0,0.0,0.0,1,0,1
23,-7.0,49,3.4,0.992,-15.9,0.0,0.0,0.0,1,0,1
0,-7.7,52,3.2,0.991,-15.8,0.0,0.0,0.0,1,0,0
1,-7.9,52,3.7,0.9805,-16.0,0.0,0.0,0.0,1,0,0
2,-8.3,49,2.7,1.0,-17.1,0.0,0.0,0.0,1,0,0
3,-8.5,35,2.7,1.0,-21.2,0.0,0.0,0.0,1,0,0
4,-8.6,31,3.5,1.0,-22.7,0.0,0.0,0.0,1,0,0
5,-9.2,37,1.1,1.0,-21.2,0.0,0.0,0.0,1,0,0
6,-9.5,36,1.5,1.0,-21.8,0.0,0.0,0.0,1,0,0
7,-9.5,35,1.1,1.0,-22.1,0.0,0.0,0.0,1,0,0
8,-9.1,33,2.1,0.999,-22.4,0.03,0.0,0.0,1,0,0
9,-8.4,28,2.2,0.9735,-23.7,0.49,0.0,0.0,1,0,0
10,-6.7,23,2.4,0.969,-24.4,1.25,0.0,0.0,1,0,0
11,-6.1,25,2.8,0.988,-22.9,1.28,0.0,0.0,1,0,0
12,-4.6,32,4.2,0.937,-18.8,1.43,0.0,0.0,1,0,0
13,-2.7,29,2.9,0.9805,-18.3,2.29,0.0,0.0,1,0,0
14,-2.4,30,3.4,0.912,-17.6,2.08,0.0,0.0,1,0,0
15,-2.1,30,3.9,0.9665,-17.3,2.22,0.0,0.0,1,0,0
16,-2.4,33,4.5,0.9075,-16.5,1.55,0.0,0.0,1,0,0
17,-3.1,36,4.4,0.994,-16.0,0.89,0.0,0.0,1,0,0
18,-4.4,46,3.5,1.0,-14.3,0.23,0.0,0.0,1,0,0
19,-4.9,52,2.0,1.0,-13.2,0.0,0.0,0.0,1,0,0
20,-4.7,55,1.7,1.0,-12.3,0.0,0.0,0.0,1,0,0
21,-4.3,59,3.0,0.6195,-11.1,0.0,0.0,0.0,1,0,0
22,-4.2,57,1.7,1.0,-11.4,0.0,0.0,0.0,1,0,0
23,-4.4,58,2.4,1.0,-11.4,0.0,0.0,0.0,1,0,0
0,-5.0,60,1.8,0.9975,-11.5,0.0,0.0,0.0,1,0,0
1,-5.5,60,1.3,0.997,-12.0,0.0,0.0,0.0,1,0,0
2,-6.0,58,2.0,1.0,-12.9,0.0,0.0,0.0,1,0,0
3,-6.2,61,1.3,0.996,-12.5,0.0,0.0,0.0,1,0,0
4,-6.4,62,1.8,0.989,-12.4,0.0,0.0,0.0,1,0,0
5,-6.7,64,1.6,0.9905,-12.3,0.0,0.0,0.0,1,0,0
6,-7.1,70,1.0,0.9885,-11.6,0.0,0.0,0.0,1,0,0
7,-7.2,70,1.9,0.973,-11.7,0.0,0.0,0.0,1,0,0
8,-7.1,68,0.6,0.9655,-12.0,0.03,0.0,0.0,1,0,0
9,-5.9,52,1.4,0.9675,-14.1,0.53,0.0,0.0,1,0,0
10,-2.4,41,1.5,0.9525,-13.8,1.19,0.0,0.0,1,0,0
11,-0.3,40,3.4,0.864,-12.2,1.73,0.0,0.0,1,0,0
12,1.0,41,3.3,0.897,-10.8,2.11,0.0,0.0,1,0,0
13,2.6,40,3.5,0.927,-9.6,2.28,0.0,0.0,1,0,0
14,3.7,39,3.8,0.954,-9.0,2.19,0.0,0.0,1,0,0
15,3.7,40,5.3,0.975,-8.6,1.96,0.0,0.0,1,0,0
16,3.9,41,4.0,0.9865,-8.1,1.24,0.0,0.0,1,0,0
17,3.5,46,3.1,0.996,-7.0,0.39,0.0,0.0,1,0,0
18,3.1,50,3.7,1.0,-6.3,0.07,0.0,0.0,1,0,0
19,2.4,57,3.2,0.9975,-5.2,0.0,0.0,0.0,1,0,0
20,2.3,59,3.8,0.9905,-4.9,0.0,0.0,0.0,1,0,0
21,2.6,57,3.8,1.0,-5.0,0.0,0.0,0.0,1,0,0
22,2.6,57,3.1,1.0,-5.0,0.0,0.0,0.0,1,0,0
23,2.4,59,3.2,1.0,-4.8,0.0,0.0,0.0,1,0,0
0,2.0,65,2.2,0.9425,-3.9,0.0,0.0,0.0,1,0,0
1,1.3,67,1.2,0.869,-4.1,0.0,0.0,0.0,1,0,0
2,1.2,64,0.9,0.84,-4.8,0.0,0.0,0.0,1,0,0
3,1.1,65,1.0,0.798,-4.7,0.0,0.0,0.0,1,0,0
4,1.1,67,1.7,0.753,-4.3,0.0,0.0,0.0,1,0,0
5,1.0,68,0.6,0.7595,-4.2,0.0,0.0,0.0,1,0,0
6,1.1,66,0.9,0.775,-4.5,0.0,0.0,0.0,1,0,0
7,1.3,66,1.1,0.767,-4.3,0.0,0.0,0.0,1,0,0
8,2.1,65,1.1,0.7795,-3.8,0.01,0.0,0.0,1,0,0
9,3.9,64,2.9,0.7415,-2.3,0.18,0.0,0.0,1,0,0
10,5.2,65,3.9,0.6565,-0.8,0.56,0.0,0.0,1,0,0
11,6.3,67,3.5,0.5895,0.6,0.52,0.0,0.0,1,0,0
12,6.9,67,3.9,0.493,1.1,0.42,0.0,0.0,1,0,0
13,7.2,65,3.8,0.3865,1.0,0.61,0.0,0.0,1,0,0
14,7.8,57,3.5,0.3375,-0.2,1.34,0.0,0.0,1,0,0
15,8.7,48,4.1,0.3835,-1.7,1.68,0.0,0.0,1,0,0
16,8.0,36,3.5,0.5065,-6.1,1.09,0.0,0.0,1,0,0
17,6.6,34,2.8,0.65,-8.1,0.42,0.0,0.0,1,0,0
18,5.1,34,2.3,0.72,-9.5,0.09,0.0,0.0,1,0,0
19,3.9,37,1.4,0.7085,-9.4,0.0,0.0,0.0,1,0,0
20,2.8,29,2.8,0.7365,-13.5,0.0,0.0,0.0,1,0,0
21,1.7,27,3.1,0.867,-15.3,0.0,0.0,0.0,1,0,0
22,0.3,33,4.0,0.718,-14.1,0.0,0.0,0.0,1,0,0
23,-0.3,35,2.1,0.7885,-13.9,0.0,0.0,0.0,1,0,0
0,-0.7,37,3.5,0.858,-13.6,0.0,0.0,0.0,1,1,0
1,-1.1,38,2.8,0.9995,-13.6,0.0,0.0,0.0,1,1,0
2,-1.2,35,2.2,1.0,-14.7,0.0,0.0,0.0,1,1,0
3,-1.4,34,2.1,1.0,-15.2,0.0,0.0,0.0,1,1,0
4,-1.9,34,3.0,1.0,-15.7,0.0,0.0,0.0,1,1,0
5,-2.4,33,3.1,1.0,-16.5,0.0,0.0,0.0,1,1,0
6,-2.6,38,1.0,1.0,-15.0,0.0,0.0,0.0,1,1,0
7,-3.0,40,0.9,1.0,-14.7,0.0,0.0,0.0,1,1,0
8,-3.0,38,1.0,1.0,-15.4,0.0,0.0,0.0,1,1,0
9,-3.5,30,1.5,0.99,-18.6,0.0,0.0,0.0,1,1,0
10,-1.6,26,1.9,0.99,-18.6,1.29,0.0,0.0,1,1,0
11,0.1,22,2.0,1.0,-19.1,1.84,0.0,0.0,1,1,0
12,1.7,20,3.0,0.9915,-18.9,2.28,0.0,0.0,1,1,0
13,2.2,18,3.4,0.971,-19.7,2.3,0.0,0.0,1,1,0
14,2.9,14,4.3,1.0,-22.0,2.29,0.0,0.0,1,1,0
15,3.8,17,3.2,1.0,-19.0,1.97,0.0,0.0,1,1,0
16,3.2,16,3.0,1.0,-20.2,1.45,0.0,0.0,1,1,0
17,2.4,17,3.1,0.995,-20.2,0.78,0.0,0.0,1,1,0
18,1.1,18,2.5,1.0,-20.6,0.2,0.0,0.0,1,1,0
19,0.1,21,2.9,1.0,-19.7,0.0,0.0,0.0,1,1,0
20,-0.4,27,2.2,1.0,-17.1,0.0,0.0,0.0,1,1,0
21,-1.1,32,2.4,1.0,-15.7,0.0,0.0,0.0,1,1,0
22,-1.9,30,0.8,1.0,-17.2,0.0,0.0,0.0,1,1,0
23,-2.5,31,1.4,0.998,-17.3,0.0,0.0,0.0,1,1,0
0,-3.3,35,1.8,0.9885,-16.6,0.0,0.0,0.0,1,1,0
1,-3.6,35,2.0,0.9715,-16.8,0.0,0.0,0.0,1,1,0
2,-4.1,38,1.2,0.998,-16.3,0.0,0.0,0.0,1,1,0
3,-4.4,37,1.7,0.9945,-16.9,0.0,0.0,0.0,1,1,0
4,-4.5,42,1.4,0.972,-15.5,0.0,0.0,0.0,1,1,0
5,-5.0,44,0.9,0.988,-15.3,0.0,0.0,0.0,1,1,0
6,-5.2,42,0.7,0.99,-16.1,0.0,0.0,0.0,1,1,0
7,-5.4,41,0.3,1.0,-16.6,0.0,0.0,0.0,1,1,0
8,-5.4,38,0.7,1.0,-17.5,0.04,0.0,0.0,1,1,0
9,-4.3,33,0.7,0.9615,-18.2,0.6,0.0,0.0,1,1,0
10,-1.3,32,1.5,0.9665,-15.9,1.24,0.0,0.0,1,1,0
11,1.0,25,1.4,0.891,-16.8,1.7,0.0,0.0,1,1,0
12,2.2,19,1.4,0.973,-19.1,2.01,0.0,0.0,1,1,0
13,3.5,17,3.2,0.9855,-19.3,2.2,0.0,0.0,1,1,0
14,4.2,18,3.3,0.988,-18.0,2.25,0.0,0.0,1,1,0
15,4.0,26,3.5,1.0,-13.8,1.75,0.0,0.0,1,1,0
16,3.3,38,3.8,0.9605,-9.6,1.33,0.0,0.0,1,1,0
17,2.5,48,4.2,0.9895,-7.4,0.76,0.0,0.0,1,1,0
18,1.4,56,3.2,0.966,-6.4,0.22,0.0,0.0,1,1,0
19,0.6,59,2.3,0.9695,-6.5,0.0,0.0,0.0,1,1,0
20,0.2,61,1.9,0.978,-6.4,0.0,0.0,0.0,1,1,0
21,0.1,67,2.5,0.7255,-5.3,0.0,0.0,0.0,1,1,0
22,-0.6,70,3.4,0.602,-5.4,0.0,0.0,0.0,1,1,0
23,-2.0,51,3.2,0.668,-10.8,0.0,0.0,0.0,1,1,0
0,-2.7,41,3.2,0.8475,-14.1,0.0,0.0,0.0,1,1,1
1,-3.1,36,3.5,1.0,-16.0,0.0,0.0,0.0,1,1,1
2,-3.8,30,3.9,1.0,-18.8,0.0,0.0,0.0,1,1,1
3,-4.5,28,3.0,1.0,-20.3,0.0,0.0,0.0,1,1,1
4,-5.2,28,2.5,1.0,-20.9,0.0,0.0,0.0,1,1,1
5,-5.7,31,2.3,0.9995,-20.1,0.0,0.0,0.0,1,1,1
6,-6.2,32,2.5,1.0,-20.2,0.0,0.0,0.0,1,1,1
7,-6.8,32,1.6,1.0,-20.7,0.0,0.0,0.0,1,1,1
8,-7.1,30,1.7,0.9955,-21.7,0.04,0.0,0.0,1,1,1
9,-6.5,26,2.4,0.937,-22.8,0.64,0.0,0.0,1,1,1
10,-4.3,21,1.4,0.954,-23.4,1.34,0.0,0.0,1,1,1
11,-2.8,19,2.6,0.9785,-23.2,1.91,0.0,0.0,1,1,1
12,-1.3,17,1.5,0.999,-23.2,2.28,0.0,0.0,1,1,1
13,-0.4,15,2.4,0.969,-23.9,2.46,0.0,0.0,1,1,1
14,-0.1,15,4.0,1.0,-23.7,2.39,0.0,0.0,1,1,1
15,1.0,14,4.6,1.0,-23.5,2.12,0.0,0.0,1,1,1
16,1.3,15,4.2,1.0,-22.5,1.63,0.0,0.0,1,1,1
17,0.6,17,3.3,1.0,-21.7,0.79,0.0,0.0,1,1,1
18,-0.3,17,1.9,1.0,-22.4,0.2,0.0,0.0,1,1,1
19,-1.5,32,2.5,1.0,-16.0,0.0,0.0,0.0,1,1,1
20,-2.1,38,2.0,1.0,-14.5,0.0,0.0,0.0,1,1,1
21,-2.3,38,2.3,1.0,-14.7,0.0,0.0,0.0,1,1,1
22,-2.7,42,2.2,1.0,-13.8,0.0,0.0,0.0,1,1,1
23,-2.9,31,3.8,1.0,-17.7,0.0,0.0,0.0,1,1,1
0,-3.6,33,1.7,1.0,-17.5,0.0,0.0,0.0,1,0,1
1,-4.4,33,1.4,1.0,-18.2,0.0,0.0,0.0,1,0,1
2,-4.7,33,0.1,1.0,-18.5,0.0,0.0,0.0,1,0,1
3,-4.5,26,0.0,1.0,-21.1,0.0,0.0,0.0,1,0,1
4,-4.1,27,0.6,1.0,-20.3,0.0,0.0,0.0,1,0,1
5,-4.0,28,0.5,1.0,-19.8,0.0,0.0,0.0,1,0,1
6,-4.1,30,1.1,1.0,-19.1,0.0,0.0,0.0,1,0,1
7,-4.6,31,1.2,1.0,-19.2,0.0,0.0,0.0,1,0,1
8,-4.8,31,0.8,1.0,-19.3,0.02,0.0,0.0,1,0,1
9,-4.1,30,0.5,1.0,-19.1,0.28,0.0,0.0,1,0,1
10,-1.8,23,0.6,1.0,-20.2,0.8,0.0,0.0,1,0,1
11,0.0,20,0.8,0.9875,-20.3,1.05,0.0,0.0,1,0,1
12,2.2,17,1.0,0.9895,-20.4,1.75,0.0,0.0,1,0,1
13,3.7,17,1.4,1.0,-19.1,1.98,0.0,0.0,1,0,1
14,4.1,17,1.8,0.998,-18.8,1.87,0.0,0.0,1,0,1
15,5.0,16,2.0,0.985,-18.8,1.42,0.0,0.0,1,0,1
16,5.1,16,1.8,0.999,-18.7,1.17,0.0,0.0,1,0,1
17,4.2,17,2.5,0.995,-18.7,0.66,0.0,0.0,1,0,1
18,2.8,25,3.0,1.0,-15.3,0.22,0.0,0.0,1,0,1
19,1.5,30,2.6,1.0,-14.2,0.0,0.0,0.0,1,0,1
20,0.6,33,1.9,1.0,-13.8,0.0,0.0,0.0,1,0,1
21,0.2,32,1.1,0.9755,-14.5,0.0,0.0,0.0,1,0,1
22,-0.3,34,1.6,0.9905,-14.2,0.0,0.0,0.0,1,0,1
23,-0.7,37,0.9,0.907,-13.6,0.0,0.0,0.0,1,0,1
0,-1.1,39,1.7,0.916,-13.3,0.0,0.0,0.0,1,0,0
1,-1.4,42,1.1,0.9025,-12.6,0.0,0.0,0.0,1,0,0
2,-1.4,41,1.1,0.791,-12.9,0.0,0.0,0.0,1,0,0
3,-1.4,41,1.6,0.935,-12.9,0.0,0.0,0.0,1,0,0
4,-1.9,44,0.7,0.9535,-12.5,0.0,0.0,0.0,1,0,0
5,-1.8,44,0.5,0.931,-12.4,0.0,0.0,0.0,1,0,0
6,-1.4,46,0.3,0.8255,-11.5,0.0,0.0,0.0,1,0,0
7,-0.9,45,0.9,0.91,-11.3,0.0,0.0,0.0,1,0,0
8,-1.2,51,0.8,0.9,-10.0,0.05,0.0,0.0,1,0,0
9,-0.6,43,0.5,0.798,-11.6,0.52,0.0,0.0,1,0,0
10,2.6,45,1.2,0.615,-8.1,1.17,0.0,0.0,1,0,0
11,4.3,44,2.3,0.5455,-6.9,1.77,0.0,0.0,1,0,0
12,4.7,43,2.1,0.5655,-6.8,1.38,0.0,0.0,1,0,0
13,5.1,41,1.8,0.5485,-7.0,1.03,0.0,0.0,1,0,0
14,5.6,38,1.6,0.5435,-7.6,1.1,0.0,0.0,1,0,0
15,6.3,35,2.6,0.4955,-8.0,1.2,0.0,0.0,1,0,0
16,6.3,35,2.9,0.5585,-8.0,1.1,0.0,0.0,1,0,0
17,5.7,36,3.0,0.5365,-8.2,0.57,0.0,0.0,1,0,0
18,4.7,43,2.4,0.469,-6.8,0.19,0.0,0.0,1,0,0
19,3.6,55,1.6,0.364,-4.6,0.0,0.0,0.0,1,0,0
20,2.4,60,1.9,0.3305,-4.5,0.0,0.0,0.0,1,0,0
21,1.8,63,1.2,0.302,-4.5,0.0,0.0,0.0,1,0,0
22,1.0,69,0.7,0.2625,-4.0,0.0,0.0,0.0,1,0,0
23,0.5,73,1.5,0.2325,-3.7,0.0,0.0,0.0,1,0,0
0,2.0,96,1.3,0.947,1.4,0.0,2.0,0.0,2,1,0
1,2.1,97,0.2,0.4295,1.6,0.0,0.0,0.0,2,1,0
2,2.0,97,1.0,0.29,1.5,0.0,0.0,0.0,2,1,0
3,1.6,97,2.3,0.2345,1.1,0.0,0.1,0.0,2,1,0
4,1.6,97,1.1,0.318,1.1,0.0,0.0,0.0,2,1,0
5,2.2,97,2.9,0.181,1.7,0.0,0.0,0.0,2,1,0
6,3.0,96,2.7,0.1515,2.4,0.0,0.4,0.0,2,1,0
7,2.6,89,4.3,0.16,0.9,0.0,0.0,0.0,2,1,0
8,1.5,80,3.2,0.623,-1.5,0.04,0.0,0.0,2,1,0
9,0.1,78,4.9,0.3075,-3.2,0.09,0.0,0.0,2,1,0
10,0.1,53,5.3,0.511,-8.3,1.12,0.0,0.0,2,1,0
11,0.8,52,4.6,0.5175,-7.9,2.2,0.0,0.0,2,1,0
12,0.5,46,4.7,0.586,-9.8,2.49,0.0,0.0,2,1,0
13,1.4,37,4.0,0.8405,-11.7,2.95,0.0,0.0,2,1,0
14,1.2,36,6.0,0.715,-12.2,2.86,0.0,0.0,2,1,0
15,1.6,35,4.5,0.7835,-12.2,2.54,0.0,0.0,2,1,0
16,1.4,33,4.8,0.74,-13.1,1.98,0.0,0.0,2,1,0
17,0.4,37,5.2,0.683,-12.6,1.23,0.0,0.0,2,1,0
18,-0.8,40,4.7,0.7145,-12.7,0.43,0.0,0.0,2,1,0
19,-1.7,45,3.3,0.6875,-12.1,0.01,0.0,0.0,2,1,0
20,-2.2,49,3.5,0.6625,-11.4,0.0,0.0,0.0,2,1,0
21,-3.0,50,3.7,0.6505,-11.9,0.0,0.0,0.0,2,1,0
22,-3.6,52,3.7,0.6385,-12.0,0.0,0.0,0.0,2,1,0
23,-4.0,52,3.4,0.636,-12.4,0.0,0.0,0.0,2,1,0
0,-4.3,53,2.6,0.667,-12.4,0.0,0.0,0.0,2,0,0
1,-4.6,52,2.1,0.686,-12.9,0.0,0.0,0.0,2,0,0
2,-5.3,52,1.2,0.717,-13.6,0.0,0.0,0.0,2,0,0
3,-5.7,50,1.7,0.7795,-14.4,0.0,0.0,0.0,2,0,0
4,-5.8,48,1.5,0.776,-15.0,0.0,0.0,0.0,2,0,0
5,-6.1,49,1.0,0.8105,-15.1,0.0,0.0,0.0,2,0,0
6,-6.4,50,1.5,0.7965,-15.1,0.0,0.0,0.0,2,0,0
7,-6.6,52,0.5,0.7775,-14.8,0.0,0.0,0.0,2,0,0
8,-6.2,45,0.4,0.8,-16.2,0.17,0.0,0.0,2,0,0
9,-4.6,34,1.2,0.7915,-18.1,0.87,0.0,0.0,2,0,0
10,-1.8,30,2.1,0.804,-17.1,1.59,0.0,0.0,2,0,0
11,0.1,30,1.8,0.82,-15.4,2.19,0.0,0.0,2,0,0
12,1.8,26,2.2,0.778,-15.7,2.61,0.0,0.0,2,0,0
13,2.3,22,3.1,0.8135,-17.2,2.83,0.0,0.0,2,0,0
14,3.4,23,2.4,0.7725,-15.8,2.74,0.0,0.0,2,0,0
15,4.3,22,1.3,0.9185,-15.6,2.48,0.0,0.0,2,0,0
16,5.2,21,2.1,0.8605,-15.4,1.97,0.0,0.0,2,0,0
17,4.3,21,2.5,0.9805,-16.1,1.13,0.0,0.0,2,0,0
18,3.5,22,0.9,0.9805,-16.2,0.43,0.0,0.0,2,0,0
19,2.0,26,2.3,0.9925,-15.5,0.02,0.0,0.0,2,0,0
20,1.2,35,2.5,0.9885,-12.6,0.0,0.0,0.0,2,0,0
21,1.0,34,1.4,0.94,-13.1,0.0,0.0,0.0,2,0,0
22,0.5,38,0.9,0.9535,-12.2,0.0,0.0,0.0,2,0,0
23,0.3,38,0.2,0.9475,-12.3,0.0,0.0,0.0,2,0,0
0,0.5,34,0.4,0.9445,-13.5,0.0,0.0,0.0,2,0,1
1,0.6,36,0.4,0.9665,-12.7,0.0,0.0,0.0,2,0,1
2,0.9,35,0.5,0.928,-12.8,0.0,0.0,0.0,2,0,1
3,0.8,38,0.8,0.797,-11.9,0.0,0.0,0.0,2,0,1
4,0.6,43,0.9,0.7995,-10.5,0.0,0.0,0.0,2,0,1
5,0.8,39,1.0,0.7315,-11.6,0.0,0.0,0.0,2,0,1
6,0.5,42,0.9,0.7715,-10.9,0.0,0.0,0.0,2,0,1
7,0.1,43,1.4,0.751,-11.0,0.0,0.0,0.0,2,0,1
8,0.4,38,1.8,0.782,-12.3,0.16,0.0,0.0,2,0,1
9,2.2,30,1.5,0.7565,-13.6,0.81,0.0,0.0,2,0,1
10,5.1,27,1.2,0.7815,-12.4,1.54,0.0,0.0,2,0,1
11,8.1,21,2.1,0.869,-12.9,2.15,0.0,0.0,2,0,1
12,10.7,16,1.7,0.8285,-14.1,2.56,0.0,0.0,2,0,1
13,12.2,14,1.6,0.948,-14.5,2.75,0.0,0.0,2,0,1
14,14.4,14,1.4,0.9165,-12.8,2.66,0.0,0.0,2,0,1
15,16.0,14,2.2,0.914,-11.5,2.33,0.0,0.0,2,0,1
16,15.8,15,2.6,0.9335,-10.8,1.7,0.0,0.0,2,0,1
17,15.0,22,2.5,0.973,-6.5,0.96,0.0,0.0,2,0,1
18,13.9,26,1.9,0.9975,-5.3,0.41,0.0,0.0,2,0,1
19,12.7,32,2.3,1.0,-3.6,0.01,0.0,0.0,2,0,1
20,11.1,51,3.7,0.9785,1.3,0.0,0.0,0.0,2,0,1
21,10.3,52,2.2,0.9215,0.8,0.0,0.0,0.0,2,0,1
22,10.2,49,1.7,0.986,0.0,0.0,0.0,0.0,2,0,1
23,9.4,74,1.6,0.2795,4.9,0.0,0.0,0.0,2,0,1
0,8.5,87,0.9,0.1515,6.4,0.0,0.0,0.0,2,0,1
1,8.3,91,0.1,0.141,6.9,0.0,0.0,0.0,2,0,1
2,8.3,95,0.3,0.1215,7.5,0.0,0.0,0.0,2,0,1
3,8.5,96,0.4,0.119,7.8,0.0,0.1,0.0,2,0,1
4,8.8,95,0.2,0.109,8.0,0.0,0.0,0.0,2,0,1
5,8.8,96,1.2,0.098,8.1,0.0,0.0,0.0,2,0,1
6,8.6,96,0.7,0.112,7.9,0.0,0.2,0.0,2,0,1
7,8.4,97,2.6,0.061,7.9,0.0,0.0,0.0,2,0,1
8,8.3,97,0.6,0.076,7.8,0.01,0.0,0.0,2,0,1
9,8.8,97,1.3,0.098,8.3,0.2,0.2,0.0,2,0,1
10,9.8,90,0.8,0.1675,8.2,0.64,0.0,0.0,2,0,1
11,10.1,88,0.7,0.2265,8.1,0.34,0.0,0.0,2,0,1
12,10.7,85,0.9,0.1965,8.2,0.52,0.0,0.0,2,0,1
13,10.8,84,1.2,0.2,8.1,0.44,0.0,0.0,2,0,1
14,11.2,83,1.1,0.259,8.4,0.45,0.0,0.0,2,0,1
15,11.7,81,1.2,0.308,8.5,0.53,0.0,0.0,2,0,1
16,11.7,82,1.1,0.3765,8.7,0.32,0.0,0.0,2,0,1
17,11.8,82,1.7,0.495,8.8,0.4,0.0,0.0,2,0,1
18,11.5,81,1.5,0.7375,8.3,0.07,0.0,0.0,2,0,1
19,11.2,81,2.3,0.807,8.0,0.0,0.0,0.0,2,0,1
20,11.3,80,1.2,0.989,7.9,0.0,0.0,0.0,2,0,1
21,10.6,89,2.1,0.303,8.8,0.0,2.0,0.0,2,0,1
22,9.6,92,2.5,0.3605,8.3,0.0,0.0,0.0,2,0,1
23,8.7,91,2.9,0.4785,7.3,0.0,0.0,0.0,2,0,1
0,7.6,88,2.5,0.987,5.7,0.0,9.0,0.0,2,0,0
1,7.0,88,2.5,1.0,5.1,0.0,0.0,0.0,2,0,0
2,6.3,89,2.2,0.728,4.6,0.0,0.0,0.0,2,0,0
3,5.7,92,2.0,0.229,4.4,0.0,1.5,0.0,2,0,0
4,5.1,90,2.6,0.5025,3.5,0.0,0.0,0.0,2,0,0
5,4.7,89,2.3,0.621,3.0,0.0,0.0,0.0,2,0,0
6,4.2,87,2.0,0.9895,2.2,0.0,2.0,0.0,2,0,0
7,3.8,87,2.2,1.0,1.8,0.0,0.0,0.0,2,0,0
8,3.6,88,2.3,1.0,1.7,0.03,0.0,0.0,2,0,0
9,3.7,85,1.8,1.0,1.4,0.17,0.0,0.0,2,0,0
10,4.4,80,1.8,1.0,1.2,0.56,0.0,0.0,2,0,0
11,6.1,66,1.9,1.0,0.2,1.42,0.0,0.0,2,0,0
12,7.6,58,2.4,1.0,-0.1,1.85,0.0,0.0,2,0,0
13,8.3,51,2.0,1.0,-1.2,1.42,0.0,0.0,2,0,0
14,10.0,44,1.9,1.0,-1.7,2.46,0.0,0.0,2,0,0
15,10.3,43,2.5,1.0,-1.7,2.45,0.0,0.0,2,0,0
16,11.0,39,1.2,1.0,-2.4,1.96,0.0,0.0,2,0,0
17,10.0,43,1.4,1.0,-2.0,1.12,0.0,0.0,2,0,0
18,8.1,47,1.7,1.0,-2.5,0.34,0.0,0.0,2,0,0
19,5.8,53,1.7,1.0,-3.0,0.02,0.0,0.0,2,0,0
20,4.3,57,1.3,1.0,-3.4,0.0,0.0,0.0,2,0,0
21,3.1,59,1.5,1.0,-4.1,0.0,0.0,0.0,2,0,0
22,2.3,63,1.0,1.0,-4.0,0.0,0.0,0.0,2,0,0
23,1.9,60,1.3,1.0,-5.0,0.0,0.0,0.0,2,0,0
0,1.3,69,0.8,1.0,-3.7,0.0,0.0,0.0,2,0,0
1,0.8,67,0.8,1.0,-4.6,0.0,0.0,0.0,2,0,0
2,0.3,71,0.9,0.9995,-4.3,0.0,0.0,0.0,2,0,0
3,0.1,71,0.4,1.0,-4.5,0.0,0.0,0.0,2,0,0
4,-0.5,75,0.6,0.9835,-4.3,0.0,0.0,0.0,2,0,0
5,-0.9,78,0.6,0.8435,-4.2,0.0,0.0,0.0,2,0,0
6,-1.0,77,0.4,0.789,-4.5,0.0,0.0,0.0,2,0,0
7,-1.0,78,0.6,0.742,-4.3,0.0,0.0,0.0,2,0,0
8,-0.7,76,1.0,0.7305,-4.4,0.2,0.0,0.0,2,0,0
9,1.2,62,0.8,0.669,-5.2,0.85,0.0,0.0,2,0,0
10,3.7,51,1.3,0.798,-5.5,1.56,0.0,0.0,2,0,0
11,6.3,41,1.3,0.7595,-6.0,2.12,0.0,0.0,2,0,0
12,8.5,34,1.9,0.938,-6.4,2.55,0.0,0.0,2,0,0
13,9.3,27,2.2,0.908,-8.7,2.65,0.0,0.0,2,0,0
14,9.2,27,2.9,0.94,-8.8,2.32,0.0,0.0,2,0,0
15,10.1,24,1.8,0.9195,-9.6,2.12,0.0,0.0,2,0,0
16,10.6,26,1.9,0.9775,-8.1,1.75,0.0,0.0,2,0,0
17,10.2,27,2.8,0.913,-8.0,1.22,0.0,0.0,2,0,0
18,8.7,28,3.2,1.0,-8.8,0.49,0.0,0.0,2,0,0
19,7.1,30,2.7,1.0,-9.3,0.02,0.0,0.0,2,0,0
20,6.1,31,2.8,1.0,-9.8,0.0,0.0,0.0,2,0,0
21,5.5,33,3.2,0.9975,-9.5,0.0,0.0,0.0,2,0,0
22,4.5,40,1.3,0.9355,-7.9,0.0,0.0,0.0,2,0,0
23,3.5,44,0.9,0.9525,-7.6,0.0,0.0,0.0,2,0,0
0,2.8,45,1.7,0.7465,-7.9,0.0,0.0,0.0,2,0,0
1,2.8,46,2.0,0.8545,-7.6,0.0,0.0,0.0,2,0,0
2,2.6,50,1.3,0.981,-6.8,0.0,0.0,0.0,2,0,0
3,2.7,55,1.5,0.9945,-5.4,0.0,0.0,0.0,2,0,0
4,2.6,61,1.7,0.999,-4.1,0.0,0.0,0.0,2,0,0
5,2.5,63,1.3,0.9935,-3.8,0.0,0.0,0.0,2,0,0
6,2.4,65,1.8,0.9945,-3.5,0.0,0.0,0.0,2,0,0
7,2.2,65,1.9,1.0,-3.7,0.0,0.0,0.0,2,0,0
8,2.6,63,1.6,0.9285,-3.7,0.14,0.0,0.0,2,0,0
9,3.8,58,2.0,0.8925,-3.7,0.49,0.0,0.0,2,0,0
10,5.2,52,1.5,0.904,-3.8,0.74,0.0,0.0,2,0,0
11,8.0,43,1.7,0.9545,-3.8,1.74,0.0,0.0,2,0,0
12,9.6,39,1.8,0.991,-3.7,2.09,0.0,0.0,2,0,0
13,9.9,39,1.9,0.9555,-3.4,1.61,0.0,0.0,2,0,0
14,9.8,38,0.9,0.954,-3.8,0.93,0.0,0.0,2,0,0
15,10.2,34,2.3,0.9595,-4.9,1.19,0.0,0.0,2,0,0
16,10.4,36,3.2,0.9815,-4.0,1.02,0.0,0.0,2,0,0
17,10.4,37,1.0,1.0,-3.6,0.67,0.0,0.0,2,0,0
18,9.6,42,2.0,1.0,-2.7,0.14,0.0,0.0,2,0,0
19,8.9,44,2.3,1.0,-2.7,0.0,0.0,0.0,2,0,0
20,8.5,46,1.0,0.9885,-2.4,0.0,0.0,0.0,2,0,0
21,7.9,56,1.4,0.9875,-0.3,0.0,0.0,0.0,2,0,0
22,7.2,60,1.4,0.964,0.0,0.0,0.0,0.0,2,0,0
23,6.0,79,2.0,0.459,2.6,0.0,0.0,0.0,2,0,0
0,5.2,83,1.5,0.3665,2.5,0.0,0.5,0.0,2,0,0
1,4.7,86,0.7,0.3585,2.5,0.0,0.0,0.0,2,0,0
2,4.2,88,0.9,0.2765,2.3,0.0,0.0,0.0,2,0,0
3,3.8,90,0.8,0.224,2.3,0.0,2.0,0.0,2,0,0
4,3.3,90,1.3,0.341,1.8,0.0,0.0,0.0,2,0,0
5,3.1,90,1.2,0.487,1.6,0.0,0.0,0.0,2,0,0
6,3.1,89,0.2,0.4515,1.4,0.0,1.5,0.0,2,0,0
7,3.0,90,0.7,0.289,1.5,0.0,0.0,0.0,2,0,0
8,3.0,94,0.3,0.222,2.1,0.01,0.0,0.0,2,0,0
9,3.4,90,1.5,0.193,1.9,0.21,0.5,0.0,2,0,0
10,3.6,88,2.6,0.3405,1.7,0.44,0.0,0.0,2,0,0
11,4.5,82,2.0,0.613,1.6,0.73,0.0,0.0,2,0,0
12,5.6,72,3.0,0.85,0.9,0.89,0.0,0.0,2,0,0
13,6.7,65,3.2,0.8255,0.5,1.76,0.0,0.0,2,0,0
14,7.7,62,2.4,0.879,0.8,1.64,0.0,0.0,2,0,0
15,9.2,53,3.3,0.948,0.1,2.23,0.0,0.0,2,0,0
16,9.5,56,3.1,0.497,1.1,1.1,0.0,0.0,2,0,0
17,7.5,64,4.3,0.269,1.1,0.88,0.0,0.0,2,0,0
18,5.9,68,3.4,0.2715,0.4,0.38,0.0,0.0,2,0,0
19,4.5,72,2.7,0.2645,-0.1,0.03,0.0,0.0,2,0,0
20,3.3,74,2.6,0.247,-0.8,0.0,0.0,0.0,2,0,0
21,3.1,74,3.2,0.2325,-1.0,0.0,0.0,0.0,2,0,0
22,2.8,74,2.1,0.2345,-1.3,0.0,0.0,0.0,2,0,0
23,2.8,73,1.8,0.234,-1.5,0.0,0.0,0.0,2,0,0
0,3.0,72,2.3,0.2365,-1.5,0.0,0.0,0.0,2,0,0
1,2.8,73,2.6,0.2065,-1.5,0.0,0.0,0.0,2,0,0
2,2.8,74,1.2,0.2075,-1.3,0.0,0.0,0.0,2,0,0
3,2.7,75,0.7,0.2085,-1.2,0.0,0.0,0.0,2,0,0
4,2.5,76,1.0,0.2015,-1.3,0.0,0.0,0.0,2,0,0
5,2.5,76,0.7,0.272,-1.3,0.0,0.0,0.0,2,0,0
6,2.5,71,1.1,0.5275,-2.2,0.0,0.0,0.0,2,0,0
7,1.6,76,0.7,0.512,-2.1,0.0,0.0,0.0,2,0,0
8,1.8,67,0.7,0.9585,-3.6,0.19,0.0,0.0,2,0,0
9,3.5,60,1.3,0.9845,-3.5,0.71,0.0,0.0,2,0,0
10,4.8,54,1.3,0.9605,-3.7,0.78,0.0,0.0,2,0,0
11,5.9,51,0.7,0.933,-3.4,0.91,0.0,0.0,2,0,0
12,6.8,51,1.0,0.8085,-2.6,1.13,0.0,0.0,2,0,0
13,7.5,44,2.0,0.763,-3.9,1.24,0.0,0.0,2,0,0
14,8.0,42,1.5,0.845,-4.1,1.24,0.0,0.0,2,0,0
15,7.7,51,2.9,0.335,-1.8,0.94,0.0,0.0,2,0,0
16,9.6,38,1.7,0.526,-4.0,1.71,0.0,0.0,2,0,0
17,8.9,46,1.8,0.3945,-2.1,1.0,0.0,0.0,2,0,0
18,7.0,55,2.0,0.3525,-1.4,0.35,0.0,0.0,2,0,0
19,5.4,60,3.9,0.495,-1.7,0.02,0.0,0.0,2,0,0
20,4.3,67,1.1,0.5625,-1.2,0.0,0.0,0.0,2,0,0
21,3.5,69,1.4,0.5885,-1.6,0.0,0.0,0.0,2,0,0
22,2.9,69,1.2,0.5895,-2.2,0.0,0.0,0.0,2,0,0
23,2.5,72,1.5,0.5355,-2.0,0.0,0.0,0.0,2,0,0
0,2.1,74,1.4,0.485,-2.0,0.0,0.0,0.0,2,0,1
1,2.0,75,1.0,0.329,-1.9,0.0,0.0,0.0,2,0,1
2,1.6,79,0.9,0.3425,-1.6,0.0,0.0,0.0,2,0,1
3,1.3,80,0.6,0.3525,-1.7,0.0,0.0,0.0,2,0,1
4,0.9,81,0.6,0.31,-1.9,0.0,0.0,0.0,2,0,1
5,0.8,80,0.3,0.2825,-2.2,0.0,0.0,0.0,2,0,1
6,1.1,78,1.1,0.269,-2.3,0.0,0.0,0.0,2,0,1
7,0.9,78,1.1,0.2675,-2.5,0.0,0.0,0.0,2,0,1
8,1.5,73,1.2,0.233,-2.8,0.11,0.0,0.0,2,0,1
9,2.7,71,1.3,0.209,-2.0,0.3,0.0,0.0,2,0,1
10,3.5,65,2.4,0.2695,-2.4,0.87,0.0,0.0,2,0,1
11,5.7,58,2.3,0.35,-1.9,2.08,0.0,0.0,2,0,1
12,7.1,50,2.2,0.4545,-2.6,2.47,0.0,0.0,2,0,1
13,8.2,42,3.1,0.6305,-3.9,2.66,0.0,0.0,2,0,1
14,9.2,38,2.6,0.6885,-4.4,2.53,0.0,0.0,2,0,1
15,8.1,36,4.7,0.982,-6.1,2.23,0.0,0.0,2,0,1
16,8.3,37,3.8,0.9335,-5.5,1.73,0.0,0.0,2,0,1
17,7.7,46,2.8,0.8175,-3.2,1.05,0.0,0.0,2,0,1
18,6.2,61,3.2,0.7055,-0.7,0.4,0.0,0.0,2,0,1
19,5.3,67,2.6,0.657,-0.3,0.02,0.0,0.0,2,0,1
20,5.2,69,1.8,0.598,0.0,0.0,0.0,0.0,2,0,1
21,5.0,73,2.2,0.5865,0.5,0.0,0.0,0.0,2,0,1
22,5.0,75,2.2,0.542,0.9,0.0,0.0,0.0,2,0,1
23,5.1,75,1.4,0.475,1.0,0.0,0.0,0.0,2,0,1
0,5.1,77,1.9,0.359,1.3,0.0,0.0,0.0,2,0,1
1,4.8,80,1.3,0.2915,1.6,0.0,0.0,0.0,2,0,1
2,4.7,78,1.5,0.233,1.1,0.0,0.0,0.0,2,0,1
3,4.4,80,1.6,0.1965,1.2,0.0,0.0,0.0,2,0,1
4,4.2,81,1.3,0.1665,1.2,0.0,0.0,0.0,2,0,1
5,3.9,85,1.6,0.132,1.6,0.0,0.0,0.0,2,0,1
6,3.4,85,1.5,0.117,1.1,0.0,0.0,0.0,2,0,1
7,2.9,84,1.9,0.1205,0.4,0.0,0.0,0.0,2,0,1
8,2.8,82,1.2,0.12,0.0,0.19,0.0,0.0,2,0,1
9,3.9,77,2.0,0.1315,0.2,0.65,0.0,0.0,2,0,1
10,5.9,69,2.6,0.165,0.6,1.43,0.0,0.0,2,0,1
11,7.6,54,1.6,0.215,-1.1,2.06,0.0,0.0,2,0,1
12,9.2,40,2.6,0.296,-3.7,2.47,0.0,0.0,2,0,1
13,10.3,31,2.1,0.4425,-6.1,2.67,0.0,0.0,2,0,1
14,11.6,20,2.7,0.8235,-10.6,2.69,0.0,0.0,2,0,1
15,11.9,26,2.8,0.669,-7.0,2.34,0.0,0.0,2,0,1
16,11.9,25,2.7,0.712,-7.5,1.83,0.0,0.0,2,0,1
17,11.1,25,2.0,0.8825,-8.2,1.19,0.0,0.0,2,0,1
18,9.4,22,2.9,0.9975,-11.2,0.55,0.0,0.0,2,0,1
19,7.8,28,1.9,0.991,-9.6,0.04,0.0,0.0,2,0,1
20,6.7,32,1.9,0.861,-8.8,0.0,0.0,0.0,2,0,1
21,5.7,34,1.0,0.76,-8.9,0.0,0.0,0.0,2,0,1
22,5.3,31,2.3,0.921,-10.5,0.0,0.0,0.0,2,0,1
23,4.2,34,1.7,0.738,-10.3,0.0,0.0,0.0,2,0,1
0,3.5,46,1.1,0.52,-7.0,0.0,0.0,0.0,2,0,0
1,2.9,51,0.8,0.5595,-6.2,0.0,0.0,0.0,2,0,0
2,2.7,46,0.4,0.6815,-7.7,0.0,0.0,0.0,2,0,0
3,2.3,48,0.8,0.724,-7.6,0.0,0.0,0.0,2,0,0
4,2.8,52,0.6,0.6245,-6.1,0.0,0.0,0.0,2,0,0
5,3.3,53,0.4,0.604,-5.3,0.0,0.0,0.0,2,0,0
6,2.8,57,0.7,0.46,-4.8,0.0,0.0,0.0,2,0,0
7,3.0,53,0.5,0.547,-5.6,0.0,0.0,0.0,2,0,0
8,3.8,47,0.8,0.6145,-6.5,0.06,0.0,0.0,2,0,0
9,4.8,43,1.0,0.6,-6.7,0.18,0.0,0.0,2,0,0
10,6.6,40,1.0,0.5305,-6.0,0.65,0.0,0.0,2,0,0
11,9.2,33,1.1,0.446,-6.2,1.54,0.0,0.0,2,0,0
12,11.7,32,1.6,0.345,-4.4,1.99,0.0,0.0,2,0,0
13,13.6,34,1.8,0.229,-1.9,2.23,0.0,0.0,2,0,0
14,14.9,34,2.8,0.2015,-0.8,2.22,0.0,0.0,2,0,0
15,15.3,32,2.9,0.229,-1.3,2.02,0.0,0.0,2,0,0
16,14.5,34,3.1,0.2355,-1.2,1.59,0.0,0.0,2,0,0
17,13.7,38,2.6,0.218,-0.3,1.0,0.0,0.0,2,0,0
18,12.2,43,2.8,0.2315,0.0,0.41,0.0,0.0,2,0,0
19,10.6,47,2.0,0.2125,-0.2,0.03,0.0,0.0,2,0,0
20,9.4,50,2.1,0.1955,-0.5,0.0,0.0,0.0,2,0,0
21,8.7,49,1.7,0.232,-1.4,0.0,0.0,0.0,2,0,0
22,7.8,49,0.1,0.264,-2.2,0.0,0.0,0.0,2,0,0
23,6.8,56,0.9,0.2485,-1.3,0.0,0.0,0.0,2,0,0
0,6.4,62,0.7,0.253,-0.3,0.0,0.0,0.0,2,0,0
1,5.9,65,1.0,0.298,-0.1,0.0,0.0,0.0,2,0,0
2,5.4,66,0.6,0.3115,-0.4,0.0,0.0,0.0,2,0,0
3,5.5,62,0.6,0.361,-1.2,0.0,0.0,0.0,2,0,0
4,6.2,59,0.8,0.2465,-1.2,0.0,0.0,0.0,2,0,0
5,6.8,56,0.9,0.285,-1.3,0.0,0.0,0.0,2,0,0
6,7.0,58,0.7,0.2685,-0.7,0.0,0.0,0.0,2,0,0
7,7.2,56,0.5,0.2725,-1.0,0.0,0.0,0.0,2,0,0
8,8.0,48,0.4,0.3555,-2.3,0.12,0.0,0.0,2,0,0
9,9.4,44,0.3,0.3715,-2.2,0.33,0.0,0.0,2,0,0
10,10.9,40,0.5,0.357,-2.1,0.55,0.0,0.0,2,0,0
11,12.6,49,1.4,0.494,2.1,0.84,0.0,0.0,2,0,0
12,15.5,47,3.3,0.6515,4.2,2.44,0.0,0.0,2,0,0
13,17.1,42,3.2,0.6525,4.0,2.6,0.0,0.0,2,0,0
14,18.3,43,2.2,0.7545,5.4,2.43,0.0,0.0,2,0,0
15,18.6,47,3.3,0.78,7.0,2.08,0.0,0.0,2,0,0
16,17.6,53,3.7,0.8675,7.8,1.4,0.0,0.0,2,0,0
17,16.9,62,3.1,0.781,9.5,0.95,0.0,0.0,2,0,0
18,15.7,68,3.3,0.7365,9.8,0.39,0.0,0.0,2,0,0
19,14.1,77,2.0,0.62,10.1,0.04,0.0,0.0,2,0,0
20,13.9,77,1.5,0.505,9.9,0.0,0.0,0.0,2,0,0
21,13.7,79,2.0,0.5175,10.1,0.0,0.0,0.0,2,0,0
22,13.5,81,2.8,0.4665,10.2,0.0,0.0,0.0,2,0,0
23,13.4,81,2.6,0.479,10.1,0.0,0.0,0.0,2,0,0
0,13.6,79,2.2,0.431,10.0,0.0,0.0,0.0,2,0,0
1,13.7,73,2.2,0.591,8.9,0.0,0.0,0.0,2,0,0
2,13.8,70,1.3,0.6815,8.4,0.0,0.0,0.0,2,0,0
3,14.0,67,2.3,0.8665,7.9,0.0,0.0,0.0,2,0,0
4,14.0,70,1.5,0.824,8.6,0.0,0.0,0.0,2,0,0
5,14.1,69,1.3,0.9615,8.4,0.0,0.0,0.0,2,0,0
6,14.1,69,1.6,0.941,8.4,0.0,0.0,0.0,2,0,0
7,14.1,69,1.1,0.846,8.4,0.0,0.0,0.0,2,0,0
8,14.2,67,0.9,0.906,8.1,0.06,0.0,0.0,2,0,0
9,14.6,62,1.2,0.884,7.3,0.19,0.0,0.0,2,0,0
10,15.7,58,1.3,0.99,7.4,0.69,0.0,0.0,2,0,0
11,17.5,55,2.1,0.946,8.3,1.35,0.0,0.0,2,0,0
12,19.9,44,2.7,0.937,7.2,2.22,0.0,0.0,2,0,0
13,20.9,44,4.7,0.8975,8.1,2.66,0.0,0.0,2,0,0
14,21.1,42,4.3,1.0,7.6,2.49,0.0,0.0,2,0,0
15,21.7,39,3.3,0.9895,7.1,2.09,0.0,0.0,2,0,0
16,21.7,41,3.2,1.0,7.8,1.91,0.0,0.0,2,0,0
17,20.5,49,3.5,1.0,9.4,1.18,0.0,0.0,2,0,0
18,19.2,53,2.4,1.0,9.3,0.58,0.0,0.0,2,0,0
19,17.9,54,2.9,1.0,8.4,0.04,0.0,0.0,2,0,0
20,17.2,60,2.5,0.9965,9.3,0.0,0.0,0.0,2,0,0
21,16.8,67,2.0,0.8875,10.6,0.0,0.0,0.0,2,0,0
22,16.2,71,2.0,0.89,10.9,0.0,0.0,0.0,2,0,0
23,16.1,69,1.8,0.833,10.4,0.0,0.0,0.0,2,0,0
0,16.0,69,2.4,0.9315,10.3,0.0,0.0,0.0,2,0,0
1,16.3,68,2.1,0.9295,10.3,0.0,0.0,0.0,2,0,0
2,16.5,68,1.3,0.862,10.5,0.0,0.0,0.0,2,0,0
3,16.5,69,2.4,0.8295,10.7,0.0,0.0,0.0,2,0,0
4,15.1,86,2.1,0.4385,12.7,0.0,0.0,0.0,2,0,0
5,14.5,94,2.0,0.2435,13.5,0.0,0.0,0.0,2,0,0
6,14.4,96,0.7,0.2265,13.7,0.0,8.0,0.0,2,0,0
7,14.3,97,0.3,0.0945,13.8,0.0,0.0,0.0,2,0,0
8,14.1,97,1.1,0.171,13.6,0.0,0.0,0.0,2,0,0
9,14.1,98,1.1,0.1265,13.7,0.06,17.0,0.0,2,0,0
10,14.2,98,1.2,0.1495,13.8,0.14,0.0,0.0,2,0,0
11,13.9,98,1.4,0.148,13.5,0.13,0.0,0.0,2,0,0
12,13.3,97,2.9,0.3855,12.8,0.19,2.0,0.0,2,0,0
13,12.7,97,2.6,0.2335,12.2,0.23,0.0,0.0,2,0,0
14,12.1,97,2.0,0.0885,11.6,0.2,0.0,0.0,2,0,0
15,11.6,97,3.4,0.0585,11.1,0.26,0.0,0.0,2,0,0
16,10.7,98,1.2,0.098,10.3,0.14,0.0,0.0,2,0,0
17,10.9,98,1.3,0.111,10.5,0.09,0.0,0.0,2,0,0
18,10.4,98,2.5,0.058,10.0,0.03,0.0,0.0,2,0,0
19,10.4,98,2.0,0.1955,10.0,0.0,0.0,0.0,2,0,0
20,10.5,97,1.8,0.186,10.0,0.0,0.0,0.0,2,0,0
21,10.4,96,2.7,0.2495,9.7,0.0,0.0,0.0,2,0,0
22,9.8,90,3.7,0.2465,8.2,0.0,0.0,0.0,2,0,0
23,9.3,90,4.1,0.3045,7.7,0.0,0.0,0.0,2,0,0
0,8.4,86,2.2,1.0,6.1,0.0,0.0,0.0,2,0,0
1,7.2,83,2.1,1.0,4.4,0.0,0.0,0.0,2,0,0
2,6.7,72,2.1,1.0,1.9,0.0,0.0,0.0,2,0,0
3,6.1,67,2.6,1.0,0.4,0.0,0.0,0.0,2,0,0
4,5.7,62,2.4,1.0,-1.0,0.0,0.0,0.0,2,0,0
5,5.2,60,2.0,1.0,-1.9,0.0,0.0,0.0,2,0,0
6,4.4,61,1.7,1.0,-2.4,0.0,0.0,0.0,2,0,0
7,3.7,59,2.9,1.0,-3.5,0.0,0.0,0.0,2,0,0
8,3.8,56,2.4,1.0,-4.1,0.32,0.0,0.0,2,0,0
9,5.2,51,1.7,1.0,-4.1,1.08,0.0,0.0,2,0,0
10,6.7,46,2.2,0.968,-4.1,1.79,0.0,0.0,2,0,0
11,8.2,45,2.4,0.996,-3.0,2.38,0.0,0.0,2,0,0
12,9.4,40,2.6,0.9565,-3.5,2.78,0.0,0.0,2,0,0
13,10.4,38,2.4,0.9795,-3.3,2.99,0.0,0.0,2,0,0
14,11.0,36,1.8,0.9865,-3.5,2.91,0.0,0.0,2,0,0
15,11.9,32,1.9,0.988,-4.3,2.62,0.0,0.0,2,0,0
16,11.6,31,1.4,0.9995,-4.9,2.11,0.0,0.0,2,0,0
17,11.2,30,1.5,1.0,-5.7,1.44,0.0,0.0,2,0,0
18,10.0,33,1.2,1.0,-5.5,0.68,0.0,0.0,2,0,0
19,8.1,36,1.2,1.0,-6.1,0.06,0.0,0.0,2,0,0
20,6.7,41,1.0,1.0,-5.6,0.0,0.0,0.0,2,0,0
21,5.8,43,1.8,1.0,-5.8,0.0,0.0,0.0,2,0,0
22,4.9,46,0.8,1.0,-5.7,0.0,0.0,0.0,2,0,0
23,4.2,47,1.3,1.0,-6.1,0.0,0.0,0.0,2,0,0
0,3.7,48,1.6,1.0,-6.3,0.0,0.0,0.0,2,0,1
1,3.0,52,0.7,1.0,-5.9,0.0,0.0,0.0,2,0,1
2,2.3,56,0.6,1.0,-5.5,0.0,0.0,0.0,2,0,1
3,1.8,59,0.7,1.0,-5.3,0.0,0.0,0.0,2,0,1
4,1.3,61,0.7,1.0,-5.4,0.0,0.0,0.0,2,0,1
5,1.0,62,0.9,1.0,-5.4,0.0,0.0,0.0,2,0,1
6,0.8,63,1.0,1.0,-5.4,0.0,0.0,0.0,2,0,1
7,0.5,64,0.8,1.0,-5.5,0.01,0.0,0.0,2,0,1
8,1.3,57,1.0,0.987,-6.2,0.32,0.0,0.0,2,0,1
9,3.4,49,1.6,0.975,-6.3,1.03,0.0,0.0,2,0,1
10,6.0,43,1.0,0.9145,-5.6,1.69,0.0,0.0,2,0,1
11,8.0,39,1.2,0.8915,-5.1,2.26,0.0,0.0,2,0,1
12,10.0,38,1.5,0.8385,-3.6,2.51,0.0,0.0,2,0,1
13,10.9,32,1.2,0.886,-5.1,2.22,0.0,0.0,2,0,1
14,12.1,29,2.3,0.867,-5.4,2.26,0.0,0.0,2,0,1
15,13.2,23,2.8,0.848,-7.5,2.52,0.0,0.0,2,0,1
16,13.7,28,2.1,0.7495,-4.5,1.88,0.0,0.0,2,0,1
17,12.1,34,2.5,0.62,-3.3,0.81,0.0,0.0,2,0,1
18,10.6,42,2.8,0.6535,-1.8,0.31,0.0,0.0,2,0,1
19,8.8,49,3.2,0.6035,-1.3,0.05,0.0,0.0,2,0,1
20,7.9,54,2.3,0.5025,-0.8,0.0,0.0,0.0,2,0,1
21,7.4,54,2.0,0.571,-1.3,0.0,0.0,0.0,2,0,1
22,7.0,55,2.7,0.5205,-1.4,0.0,0.0,0.0,2,0,1
23,6.4,59,1.1,0.4805,-1.0,0.0,0.0,0.0,2,0,1
0,5.9,56,1.1,0.5095,-2.2,0.0,0.0,0.0,2,0,1
1,5.7,55,1.4,0.5215,-2.6,0.0,0.0,0.0,2,0,1
2,5.5,56,1.2,0.5335,-2.5,0.0,0.0,0.0,2,0,1
3,5.5,57,1.1,0.5395,-2.3,0.0,0.0,0.0,2,0,1
4,5.6,55,0.4,0.5575,-2.7,0.0,0.0,0.0,2,0,1
5,5.6,55,1.2,0.504,-2.7,0.0,0.0,0.0,2,0,1
6,5.7,54,1.7,0.604,-2.9,0.0,0.0,0.0,2,0,1
7,5.5,58,1.0,0.4685,-2.1,0.0,0.0,0.0,2,0,1
8,5.9,58,1.8,0.4305,-1.7,0.11,0.0,0.0,2,0,1
9,6.3,53,0.5,0.4245,-2.5,0.34,0.0,0.0,2,0,1
10,7.2,53,1.6,0.3545,-1.7,0.45,0.0,0.0,2,0,1
11,8.5,49,0.7,0.359,-1.6,0.76,0.0,0.0,2,0,1
12,9.8,46,1.2,0.355,-1.2,1.13,0.0,0.0,2,0,1
13,10.6,43,1.3,0.3525,-1.4,1.07,0.0,0.0,2,0,1
14,11.0,41,1.1,0.3815,-1.7,0.81,0.0,0.0,2,0,1
15,12.0,37,0.8,0.4395,-2.2,1.09,0.0,0.0,2,0,1
16,12.3,30,1.6,0.6315,-4.8,0.94,0.0,0.0,2,0,1
17,11.1,42,2.2,0.3825,-1.3,0.34,0.0,0.0,2,0,1
18,10.4,47,0.4,0.412,-0.4,0.14,0.0,0.0,2,0,1
19,10.0,53,1.7,0.398,0.8,0.01,0.0,0.0,2,0,1
20,9.2,66,1.1,0.2565,3.1,0.0,0.0,0.0,2,0,1
21,8.8,72,0.9,0.2505,4.0,0.0,0.0,0.0,2,0,1
22,8.1,76,0.8,0.246,4.1,0.0,0.0,0.0,2,0,1
23,7.4,80,1.3,0.2355,4.1,0.0,0.0,0.0,2,0,1
0,7.0,81,1.1,0.2105,3.9,0.0,0.5,0.0,2,0,0
1,6.7,84,0.8,0.16,4.1,0.0,0.0,0.0,2,0,0
2,6.6,86,0.6,0.208,4.4,0.0,0.0,0.0,2,0,0
3,6.5,88,0.9,0.138,4.6,0.0,0.3,0.0,2,0,0
4,6.3,90,1.0,0.12,4.7,0.0,0.0,0.0,2,0,0
5,6.2,89,1.5,0.169,4.5,0.0,0.0,0.0,2,0,0
6,6.5,88,1.2,0.2085,4.6,0.0,0.2,0.0,2,0,0
7,6.5,88,1.4,0.2575,4.6,0.0,0.0,0.0,2,0,0
8,7.3,84,2.2,0.4065,4.7,0.05,0.0,0.0,2,0,0
9,8.2,81,2.7,0.6365,5.1,0.2,0.5,0.0,2,0,0
10,9.1,77,2.7,0.7935,5.2,0.27,0.0,0.0,2,0,0
11,10.2,65,3.3,1.0,3.9,0.57,0.0,0.0,2,0,0
12,10.2,58,3.5,1.0,2.2,0.32,0.0,0.0,2,0,0
13,10.1,61,3.7,0.752,2.9,0.38,0.0,0.0,2,0,0
14,10.1,59,3.3,1.0,2.4,0.57,0.0,0.0,2,0,0
15,9.8,57,3.0,1.0,1.6,0.43,0.0,0.0,2,0,0
16,8.9,63,3.0,0.807,2.2,0.28,0.0,0.0,2,0,0
17,8.5,59,2.7,0.9635,0.9,0.16,0.0,0.0,2,0,0
18,8.6,55,2.4,0.979,0.0,0.09,0.0,0.0,2,0,0
19,8.4,51,3.3,0.9885,-1.1,0.01,0.0,0.0,2,0,0
20,8.3,47,3.1,1.0,-2.3,0.0,0.0,0.0,2,0,0
21,8.0,47,3.3,1.0,-2.6,0.0,0.0,0.0,2,0,0
22,7.6,48,3.1,1.0,-2.7,0.0,0.0,0.0,2,0,0
23,6.9,44,3.3,1.0,-4.5,0.0,0.0,0.0,2,0,0
0,6.3,42,3.3,1.0,-5.6,0.0,0.0,0.0,2,0,0
1,5.5,42,3.1,1.0,-6.4,0.0,0.0,0.0,2,0,0
2,5.1,44,3.4,1.0,-6.1,0.0,0.0,0.0,2,0,0
3,4.7,44,3.8,1.0,-6.5,0.0,0.0,0.0,2,0,0
4,4.4,44,3.1,1.0,-6.8,0.0,0.0,0.0,2,0,0
5,4.1,42,3.1,1.0,-7.6,0.0,0.0,0.0,2,0,0
6,3.9,43,3.4,1.0,-7.5,0.0,0.0,0.0,2,0,0
7,3.8,44,4.1,1.0,-7.3,0.02,0.0,0.0,2,0,0
8,4.3,43,4.2,1.0,-7.2,0.37,0.0,0.0,2,0,0
9,5.7,38,3.9,0.9925,-7.5,0.98,0.0,0.0,2,0,0
10,7.4,35,3.5,0.995,-7.0,1.81,0.0,0.0,2,0,0
11,8.4,34,3.6,0.983,-6.5,2.36,0.0,0.0,2,0,0
12,9.0,33,3.1,0.9925,-6.4,2.59,0.0,0.0,2,0,0
13,8.0,37,3.4,1.0,-5.8,1.96,0.0,0.0,2,0,0
14,7.3,38,3.4,0.9985,-6.1,1.6,0.0,0.0,2,0,0
15,6.5,39,3.3,1.0,-6.4,1.21,0.0,0.0,2,0,0
16,5.6,42,4.2,1.0,-6.3,0.81,0.0,0.0,2,0,0
17,4.9,43,4.3,1.0,-6.6,0.42,0.0,0.0,2,0,0
18,4.1,43,3.5,1.0,-7.3,0.21,0.0,0.0,2,0,0
19,3.2,45,3.7,1.0,-7.6,0.02,0.0,0.0,2,0,0
20,2.7,45,3.3,1.0,-8.0,0.0,0.0,0.0,2,0,0
21,2.3,40,3.3,1.0,-9.9,0.0,0.0,0.0,2,0,0
22,2.0,37,2.7,1.0,-11.1,0.0,0.0,0.0,2,0,0
23,1.8,37,2.3,1.0,-11.3,0.0,0.0,0.0,2,0,0
0,1.6,39,2.3,1.0,-10.8,0.0,0.0,0.0,2,0,0
1,1.5,40,2.8,1.0,-10.6,0.0,0.0,0.0,2,0,0
2,1.4,40,2.9,1.0,-10.7,0.0,0.0,0.0,2,0,0
3,1.3,40,2.1,1.0,-10.8,0.0,0.0,0.0,2,0,0
4,1.3,39,2.3,1.0,-11.1,0.0,0.0,0.0,2,0,0
5,1.3,40,2.3,1.0,-10.8,0.0,0.0,0.0,2,0,0
6,1.4,42,1.7,1.0,-10.1,0.0,0.0,0.0,2,0,0
7,1.4,43,1.5,1.0,-9.8,0.0,0.0,0.0,2,0,0
8,1.6,42,1.8,1.0,-9.9,0.13,0.0,0.0,2,0,0
9,2.5,40,1.9,1.0,-9.7,0.41,0.0,0.0,2,0,0
10,3.6,37,1.3,1.0,-9.7,0.83,0.0,0.0,2,0,0
11,4.8,35,2.1,1.0,-9.4,1.38,0.0,0.0,2,0,0
12,4.8,51,2.2,0.8575,-4.5,1.12,0.0,0.0,2,0,0
13,4.0,64,2.0,0.917,-2.2,0.75,0.0,0.0,2,0,0
14,1.9,89,1.5,0.051,0.2,0.41,0.0,0.0,2,0,0
15,2.2,85,1.3,1.0,0.0,0.41,0.5,0.0,2,0,0
16,2.4,79,1.9,0.9975,-0.8,0.37,0.0,0.0,2,0,0
17,2.5,78,2.0,1.0,-0.9,0.25,0.0,0.0,2,0,0
18,2.0,77,1.3,1.0,-1.6,0.07,0.0,0.0,2,0,0
19,2.0,81,0.7,1.0,-0.9,0.0,0.0,0.0,2,0,0
20,1.7,85,1.3,0.198,-0.5,0.0,0.0,0.0,2,0,0
21,1.2,92,0.7,0.737,0.0,0.0,0.5,0.0,2,0,0
22,1.2,87,0.9,0.901,-0.7,0.0,0.0,0.0,2,0,0
23,1.5,86,1.2,0.7475,-0.5,0.0,0.0,0.0,2,0,0
0,1.6,86,1.7,0.5705,-0.4,0.0,0.0,0.0,2,0,0
1,1.6,85,2.0,0.476,-0.6,0.0,0.0,0.0,2,0,0
2,1.5,86,2.5,0.391,-0.5,0.0,0.0,0.0,2,0,0
3,1.3,87,1.7,0.411,-0.6,0.0,0.0,0.0,2,0,0
4,1.3,87,2.2,0.4685,-0.6,0.0,0.0,0.0,2,0,0
5,1.1,88,0.9,0.4635,-0.6,0.0,0.0,0.0,2,0,0
6,0.8,88,1.0,0.45,-0.9,0.0,0.0,0.0,2,0,0
7,0.6,85,1.5,0.6605,-1.6,0.01,0.0,0.0,2,0,0
8,1.1,79,1.7,0.74,-2.1,0.36,0.0,0.0,2,0,0
9,2.5,67,1.3,0.736,-3.0,1.11,0.0,0.0,2,0,0
10,4.9,56,1.9,0.74,-3.1,1.76,0.0,0.0,2,0,0
11,6.9,46,2.1,0.7705,-3.9,2.33,0.0,0.0,2,0,0
12,8.3,36,2.5,0.8325,-5.9,2.7,0.0,0.0,2,0,0
13,9.9,29,3.2,0.8205,-7.3,2.91,0.0,0.0,2,0,0
14,11.4,30,3.1,0.836,-5.5,2.82,0.0,0.0,2,0,0
15,10.7,34,4.5,0.925,-4.5,2.51,0.0,0.0,2,0,0
16,10.3,34,3.8,0.925,-4.9,1.93,0.0,0.0,2,0,0
17,9.6,38,3.2,0.803,-4.0,1.35,0.0,0.0,2,0,0
18,7.9,46,3.1,0.5285,-3.0,0.58,0.0,0.0,2,0,0
19,6.2,54,1.8,0.4415,-2.4,0.08,0.0,0.0,2,0,0
20,5.1,56,2.0,0.4495,-2.9,0.0,0.0,0.0,2,0,0
21,4.5,62,2.0,0.413,-2.1,0.0,0.0,0.0,2,0,0
22,3.9,66,2.7,0.495,-1.8,0.0,0.0,0.0,2,0,0
23,3.4,69,1.1,0.4475,-1.7,0.0,0.0,0.0,2,0,0
0,2.9,72,1.3,0.4515,-1.6,0.0,0.0,0.0,2,0,0
1,2.5,75,1.5,0.393,-1.4,0.0,0.0,0.0,2,0,0
2,2.2,80,1.4,0.3075,-0.8,0.0,0.0,0.0,2,0,0
3,1.9,81,1.1,0.2625,-1.0,0.0,0.0,0.0,2,0,0
4,2.0,80,0.8,0.237,-1.0,0.0,0.0,0.0,2,0,0
5,2.2,79,0.8,0.2765,-1.0,0.0,0.0,0.0,2,0,0
6,2.3,80,0.7,0.273,-0.8,0.0,0.0,0.0,2,0,0
7,2.5,79,1.4,0.268,-0.7,0.01,0.0,0.0,2,0,0
8,2.6,77,1.3,0.2835,-1.0,0.21,0.0,0.0,2,0,0
9,3.3,72,1.4,0.309,-1.2,0.61,0.0,0.0,2,0,0
10,5.4,64,1.6,0.3185,-0.8,1.7,0.0,0.0,2,0,0
11,7.1,50,1.7,0.3995,-2.6,2.24,0.0,0.0,2,0,0
12,9.3,37,2.3,0.47,-4.6,2.72,0.0,0.0,2,0,0
13,10.9,36,2.1,0.5365,-3.6,2.87,0.0,0.0,2,0,0
14,12.4,33,2.9,0.4055,-3.4,2.71,0.0,0.0,2,0,0
15,12.1,30,3.0,0.56,-4.9,2.41,0.0,0.0,2,0,0
16,12.2,24,2.8,0.8275,-7.8,1.98,0.0,0.0,2,0,0
17,11.2,27,3.5,0.7925,-7.1,1.19,0.0,0.0,2,0,0
18,9.7,36,3.6,0.474,-4.6,0.37,0.0,0.0,2,0,0
19,8.3,48,3.0,0.3895,-2.0,0.06,0.0,0.0,2,0,0
20,6.7,48,2.6,0.387,-3.5,0.0,0.0,0.0,2,0,0
21,5.8,60,2.2,0.325,-1.3,0.0,0.0,0.0,2,0,0
22,5.3,63,1.8,0.2955,-1.1,0.0,0.0,0.0,2,0,0
23,5.0,42,1.7,0.3585,-6.8,0.0,0.0,0.0,2,0,0
0,4.7,46,1.7,0.373,-5.9,0.0,0.0,0.0,2,0,1
1,4.7,51,1.1,0.364,-4.5,0.0,0.0,0.0,2,0,1
2,5.0,50,1.7,0.3345,-4.5,0.0,0.0,0.0,2,0,1
3,5.0,51,0.8,0.3295,-4.3,0.0,0.0,0.0,2,0,1
4,5.1,54,1.2,0.275,-3.4,0.0,0.0,0.0,2,0,1
5,4.7,54,1.3,0.2715,-3.8,0.0,0.0,0.0,2,0,1
6,4.2,50,0.6,0.3165,-5.3,0.0,0.0,0.0,2,0,1
7,4.0,54,0.9,0.2935,-4.4,0.01,0.0,0.0,2,0,1
8,4.5,49,0.4,0.29,-5.3,0.19,0.0,0.0,2,0,1
9,6.5,40,2.5,0.294,-6.1,0.69,0.0,0.0,2,0,1
10,7.2,43,1.5,0.2795,-4.5,0.42,0.0,0.0,2,0,1
11,9.0,56,2.0,0.1995,0.6,1.11,0.0,0.0,2,0,1
12,10.6,52,3.1,0.195,1.1,2.27,0.0,0.0,2,0,1
13,12.4,50,2.5,0.1895,2.2,2.48,0.0,0.0,2,0,1
14,12.7,55,3.4,0.189,3.8,2.42,0.0,0.0,2,0,1
15,12.4,58,4.1,0.202,4.3,2.26,0.0,0.0,2,0,1
16,12.3,61,3.4,0.1795,4.9,1.82,0.0,0.0,2,0,1
17,11.1,66,4.2,0.1835,4.9,1.18,0.0,0.0,2,0,1
18,9.0,76,3.0,0.144,4.9,0.45,0.0,0.0,2,0,1
19,7.7,80,2.8,0.117,4.4,0.05,0.0,0.0,2,0,1
20,7.1,83,3.3,0.1015,4.4,0.0,0.0,0.0,2,0,1
21,6.7,84,2.8,0.0965,4.1,0.0,0.0,0.0,2,0,1
22,6.5,85,2.3,0.0835,4.1,0.0,0.0,0.0,2,0,1
23,6.4,85,2.3,0.0775,4.0,0.0,0.0,0.0,2,0,1
0,6.4,84,1.4,0.0855,3.8,0.0,0.0,0.0,2,0,1
1,6.4,82,1.2,0.093,3.5,0.0,0.0,0.0,2,0,1
2,6.0,82,1.3,0.099,3.1,0.0,0.0,0.0,2,0,1
3,5.5,83,0.9,0.093,2.8,0.0,0.0,0.0,2,0,1
4,5.3,82,1.0,0.1,2.4,0.0,0.0,0.0,2,0,1
5,5.0,83,0.7,0.1,2.3,0.0,0.0,0.0,2,0,1
6,4.6,84,0.7,0.0965,2.1,0.0,0.0,0.0,2,0,1
7,4.7,82,1.3,0.099,1.8,0.02,0.0,0.0,2,0,1
8,5.0,79,1.1,0.1015,1.6,0.23,0.0,0.0,2,0,1
9,6.3,73,1.3,0.109,1.8,0.79,0.0,0.0,2,0,1
10,8.4,65,1.8,0.1145,2.1,1.67,0.0,0.0,2,0,1
11,10.7,56,2.0,0.1305,2.2,2.27,0.0,0.0,2,0,1
12,12.7,45,1.3,0.1605,1.0,2.63,0.0,0.0,2,0,1
13,14.6,38,1.9,0.1575,0.4,2.75,0.0,0.0,2,0,1
14,16.1,37,2.4,0.1575,1.3,2.62,0.0,0.0,2,0,1
15,16.7,38,3.1,0.1325,2.2,2.27,0.0,0.0,2,0,1
16,16.5,39,3.1,0.183,2.4,1.91,0.0,0.0,2,0,1
17,15.8,40,2.3,0.2405,2.2,1.28,0.0,0.0,2,0,1
18,14.4,44,2.7,0.298,2.2,0.6,0.0,0.0,2,0,1
19,12.6,59,2.5,0.192,4.7,0.08,0.0,0.0,2,0,1
20,10.7,70,2.8,0.118,5.4,0.0,0.0,0.0,2,0,1
21,9.8,74,2.2,0.1095,5.3,0.0,0.0,0.0,2,0,1
22,8.8,79,2.0,0.1015,5.3,0.0,0.0,0.0,2,0,1
23,8.0,82,1.3,0.098,5.1,0.0,0.0,0.0,2,0,1
0,7.1,84,2.3,0.0925,4.5,0.0,0.0,0.0,2,0,0
1,6.3,87,1.8,0.0765,4.2,0.0,0.0,0.0,2,0,0
2,5.4,95,1.5,0.0445,4.6,0.0,0.0,0.0,2,0,0
3,5.5,96,1.6,0.036,4.9,0.0,0.0,0.0,2,0,0
4,5.5,96,2.0,0.0265,4.9,0.0,0.0,0.0,2,0,0
5,5.4,97,1.5,0.019,4.9,0.0,0.0,0.0,2,0,0
6,5.7,97,0.5,0.04,5.2,0.0,0.0,0.0,2,0,0
7,6.0,96,0.6,0.047,5.4,0.0,0.0,0.0,2,0,0
8,6.4,90,1.4,0.0585,4.8,0.13,0.0,0.0,2,0,0
9,7.6,82,0.7,0.0735,4.7,0.55,0.0,0.0,2,0,0
10,10.0,70,1.0,0.0935,4.7,1.57,0.0,0.0,2,0,0
11,12.6,60,2.4,0.1405,5.0,2.23,0.0,0.0,2,0,0
12,14.6,53,2.5,0.174,5.1,2.65,0.0,0.0,2,0,0
13,16.0,47,2.5,0.2295,4.6,2.8,0.0,0.0,2,0,0
14,17.4,39,2.9,0.26,3.2,2.7,0.0,0.0,2,0,0
15,17.6,33,3.6,0.4925,1.1,2.44,0.0,0.0,2,0,0
16,17.7,33,3.4,0.4485,1.2,1.96,0.0,0.0,2,0,0
17,17.1,31,3.3,0.5375,-0.1,1.33,0.0,0.0,2,0,0
18,16.0,33,2.9,0.569,-0.2,0.6,0.0,0.0,2,0,0
19,14.3,37,3.1,0.6235,-0.2,0.1,0.0,0.0,2,0,0
20,12.9,42,2.8,0.5235,0.2,0.0,0.0,0.0,2,0,0
21,11.6,54,1.5,0.3465,2.5,0.0,0.0,0.0,2,0,0
22,10.7,58,1.4,0.3,2.7,0.0,0.0,0.0,2,0,0
23,9.8,62,0.6,0.2675,2.8,0.0,0.0,0.0,2,0,0
0,9.0,68,1.1,0.213,3.3,0.0,0.0,0.0,2,0,0
1,8.7,70,0.9,0.199,3.5,0.0,0.0,0.0,2,0,0
2,8.3,70,0.8,0.197,3.1,0.0,0.0,0.0,2,0,0
3,8.1,71,0.9,0.189,3.1,0.0,0.0,0.0,2,0,0
4,7.8,70,0.3,0.1975,2.6,0.0,0.0,0.0,2,0,0
5,8.0,63,0.8,0.2195,1.3,0.0,0.0,0.0,2,0,0
6,8.1,66,0.6,0.2075,2.1,0.0,0.0,0.0,2,0,0
7,8.5,67,0.7,0.2375,2.7,0.02,0.0,0.0,2,0,0
8,9.3,62,0.6,0.2595,2.3,0.25,0.0,0.0,2,0,0
9,11.6,51,0.8,0.249,1.7,0.84,0.0,0.0,2,0,0
10,13.9,40,0.8,0.293,0.5,1.6,0.0,0.0,2,0,0
11,15.8,40,1.9,0.3235,2.2,1.95,0.0,0.0,2,0,0
12,16.7,47,2.4,0.31,5.3,1.76,0.0,0.0,2,0,0
13,18.6,46,2.1,0.321,6.7,2.54,0.0,0.0,2,0,0
14,19.4,45,2.0,0.312,7.1,2.05,0.0,0.0,2,0,0
15,19.9,45,2.7,0.338,7.6,1.79,0.0,0.0,2,0,0
16,19.5,50,3.4,0.3065,8.7,1.6,0.0,0.0,2,0,0
17,18.4,54,3.2,0.3025,8.9,1.05,0.0,0.0,2,0,0
18,16.8,60,3.1,0.29,8.9,0.46,0.0,0.0,2,0,0
19,15.0,67,2.6,0.226,8.9,0.07,0.0,0.0,2,0,0
20,13.9,72,2.4,0.1925,8.9,0.0,0.0,0.0,2,0,0
21,13.4,73,1.5,0.1625,8.6,0.0,0.0,0.0,2,0,0
22,12.9,75,1.3,0.163,8.5,0.0,0.0,0.0,2,0,0
23,12.4,74,1.5,0.178,7.8,0.0,0.0,0.0,2,0,0
0,12.0,76,0.8,0.173,7.8,0.0,0.0,0.0,2,0,0
1,11.6,74,1.2,0.187,7.1,0.0,0.0,0.0,2,0,0
2,11.5,75,1.9,0.1995,7.2,0.0,0.0,0.0,2,0,0
3,10.9,79,0.8,0.1915,7.3,0.0,0.0,0.0,2,0,0
4,10.6,77,0.9,0.211,6.7,0.0,0.0,0.0,2,0,0
5,10.2,80,0.8,0.183,6.8,0.0,0.0,0.0,2,0,0
6,9.6,84,0.7,0.1505,7.0,0.0,0.0,0.0,2,0,0
7,9.6,82,1.1,0.142,6.6,0.04,0.0,0.0,2,0,0
8,10.3,77,0.7,0.1705,6.4,0.37,0.0,0.0,2,0,0
9,12.4,66,1.0,0.273,6.2,0.91,0.0,0.0,2,0,0
10,14.7,62,2.9,0.342,7.4,1.59,0.0,0.0,2,0,0
11,15.6,60,3.7,0.4085,7.8,1.44,0.0,0.0,2,0,0
12,16.5,57,3.8,0.4405,7.9,1.55,0.0,0.0,2,0,0
13,17.5,54,3.1,0.5325,8.0,1.63,0.0,0.0,2,0,0
14,18.6,46,4.4,0.832,6.7,2.14,0.0,0.0,2,0,0
15,18.2,45,4.1,0.954,6.0,1.86,0.0,0.0,2,0,0
16,18.3,43,4.3,0.9655,5.4,1.3,0.0,0.0,2,0,0
17,17.6,45,4.2,0.9735,5.5,0.7,0.0,0.0,2,0,0
18,17.0,53,3.1,0.9275,7.3,0.35,0.0,0.0,2,0,0
19,16.0,60,2.8,0.718,8.2,0.06,0.0,0.0,2,0,0
20,15.2,65,2.2,0.494,8.6,0.0,0.0,0.0,2,0,0
21,14.2,70,0.8,0.3615,8.7,0.0,0.0,0.0,2,0,0
22,13.6,73,2.0,0.322,8.8,0.0,0.0,0.0,2,0,0
23,13.5,74,1.2,0.3015,8.9,0.0,0.0,0.0,2,0,0
0,13.4,77,1.5,0.2685,9.4,0.0,0.0,0.0,2,0,0
1,13.0,81,1.9,0.242,9.8,0.0,0.0,0.0,2,0,0
2,12.9,83,1.6,0.1845,10.0,0.0,0.0,0.0,2,0,0
3,12.7,80,0.4,0.192,9.3,0.0,0.0,0.0,2,0,0
4,12.8,81,0.2,0.209,9.6,0.0,0.0,0.0,2,0,0
5,12.7,83,0.8,0.196,9.8,0.0,0.0,0.0,2,0,0
6,12.6,83,0.5,0.166,9.7,0.0,0.0,0.0,2,0,0
7,12.8,82,0.6,0.185,9.7,0.01,0.0,0.0,2,0,0
8,13.3,80,1.2,0.1845,9.9,0.14,0.0,0.0,2,0,0
9,13.5,79,1.9,0.191,9.9,0.2,0.0,0.0,2,0,0
10,15.0,69,1.5,0.276,9.3,1.02,0.0,0.0,2,0,0
11,16.1,63,1.2,0.2775,9.0,1.08,0.0,0.0,2,0,0
12,18.2,55,2.3,0.297,9.0,2.24,0.0,0.0,2,0,0
13,19.5,48,1.9,0.298,8.1,2.32,0.0,0.0,2,0,0
14,20.2,47,2.4,0.2705,8.5,2.3,0.0,0.0,2,0,0
15,20.8,42,3.1,0.288,7.4,2.1,0.0,0.0,2,0,0
16,20.7,38,2.2,0.3705,5.8,1.63,0.0,0.0,2,0,0
17,20.3,48,2.8,0.3175,8.9,1.14,0.0,0.0,2,0,0
18,19.1,47,2.4,0.471,7.5,0.57,0.0,0.0,2,0,0
19,17.5,61,2.2,0.379,9.8,0.11,0.0,0.0,2,0,0
20,15.6,64,2.7,0.343,8.8,0.0,0.0,0.0,2,0,0
21,14.4,66,1.7,0.3385,8.1,0.0,0.0,0.0,2,0,0
22,13.3,71,2.1,0.2905,8.1,0.0,0.0,0.0,2,0,0
23,12.7,75,1.6,0.2375,8.3,0.0,0.0,0.0,2,0,0
0,11.8,78,0.6,0.219,8.0,0.0,0.0,0.0,2,0,0
1,11.4,77,0.7,0.233,7.5,0.0,0.0,0.0,2,0,0
2,10.8,72,0.4,0.3195,5.9,0.0,0.0,0.0,2,0,0
3,10.3,68,0.7,0.4435,4.6,0.0,0.0,0.0,2,0,0
4,9.9,67,1.1,0.41,4.0,0.0,0.0,0.0,2,0,0
5,10.4,62,1.8,0.4555,3.4,0.0,0.0,0.0,2,0,0
6,10.3,70,1.2,0.2775,5.0,0.0,0.0,0.0,2,0,0
7,10.5,70,1.1,0.2415,5.2,0.04,0.0,0.0,2,0,0
8,11.5,60,1.6,0.275,3.9,0.42,0.0,0.0,2,0,0
9,13.7,46,1.3,0.486,2.2,1.08,0.0,0.0,2,0,0
10,16.0,29,1.4,0.854,-2.0,1.79,0.0,0.0,2,0,0
11,17.8,26,2.6,0.911,-1.9,2.37,0.0,0.0,2,0,0
12,19.1,26,1.6,0.852,-0.8,2.73,0.0,0.0,2,0,0
13,20.3,27,1.4,0.732,0.6,2.87,0.0,0.0,2,0,0
14,21.0,28,2.8,0.5955,1.7,2.75,0.0,0.0,2,0,0
15,21.8,28,2.3,0.581,2.4,2.4,0.0,0.0,2,0,0
16,20.7,36,3.6,0.4055,5.0,1.82,0.0,0.0,2,0,0
17,19.4,45,2.9,0.389,7.1,1.13,0.0,0.0,2,0,0
18,17.4,57,3.1,0.3285,8.7,0.52,0.0,0.0,2,0,0
19,15.2,60,3.2,0.5405,7.4,0.09,0.0,0.0,2,0,0
20,14.3,63,2.6,0.468,7.3,0.0,0.0,0.0,2,0,0
21,13.7,73,1.8,0.329,8.9,0.0,0.0,0.0,2,0,0
22,12.7,76,1.5,0.2605,8.5,0.0,0.0,0.0,2,0,0
23,12.1,77,1.4,0.27,8.1,0.0,0.0,0.0,2,0,0
0,11.7,77,1.3,0.294,7.7,0.0,0.0,0.0,2,0,1
1,11.5,77,2.0,0.2965,7.6,0.0,0.0,0.0,2,0,1
2,11.0,73,1.5,0.408,6.3,0.0,0.0,0.0,2,0,1
3,10.7,74,1.7,0.356,6.2,0.0,0.0,0.0,2,0,1
4,10.4,73,1.7,0.4005,5.7,0.0,0.0,0.0,2,0,1
5,9.8,73,0.8,0.549,5.1,0.0,0.0,0.0,2,0,1
6,9.4,75,0.9,0.5585,5.1,0.0,0.0,0.0,2,0,1
7,9.5,72,0.2,0.5085,4.6,0.04,0.0,0.0,2,0,1
8,10.4,65,0.8,0.4895,4.0,0.41,0.0,0.0,2,0,1
9,12.6,57,0.9,0.4295,4.2,0.98,0.0,0.0,2,0,1
10,14.7,53,0.9,0.4155,5.2,1.59,0.0,0.0,2,0,1
11,16.7,45,1.9,0.527,4.6,2.07,0.0,0.0,2,0,1
12,18.2,38,4.2,0.5945,3.6,2.41,0.0,0.0,2,0,1
13,19.3,37,3.0,0.6285,4.2,2.53,0.0,0.0,2,0,1
14,20.1,30,3.0,0.777,1.9,2.57,0.0,0.0,2,0,1
15,18.9,28,3.7,0.8845,0.0,2.09,0.0,0.0,2,0,1
16,18.0,32,3.0,0.918,1.0,1.03,0.0,0.0,2,0,1
17,17.3,36,3.4,0.861,2.0,0.8,0.0,0.0,2,0,1
18,16.6,33,2.6,0.9335,0.2,0.48,0.0,0.0,2,0,1
19,15.3,41,2.0,0.8755,2.1,0.08,0.0,0.0,2,0,1
20,14.0,45,1.6,0.8645,2.2,0.0,0.0,0.0,2,0,1
21,13.3,48,1.6,0.791,2.5,0.0,0.0,0.0,2,0,1
22,12.8,52,1.5,0.808,3.1,0.0,0.0,0.0,2,0,1
23,12.4,63,1.3,0.6005,5.5,0.0,0.0,0.0,2,0,1
0,12.1,70,0.8,0.525,6.7,0.0,0.0,0.0,2,0,1
1,11.7,74,0.5,0.4895,7.2,0.0,0.0,0.0,2,0,1
2,11.7,72,0.6,0.4575,6.8,0.0,0.0,0.0,2,0,1
3,11.9,71,0.7,0.4265,6.7,0.0,0.0,0.0,2,0,1
4,12.1,69,0.3,0.4135,6.5,0.0,0.0,0.0,2,0,1
5,12.3,65,0.5,0.5425,5.8,0.0,0.0,0.0,2,0,1
6,12.4,61,0.4,0.5655,5.0,0.0,0.0,0.0,2,0,1
7,12.5,62,0.4,0.5015,5.4,0.0,0.0,0.0,2,0,1
8,12.9,64,1.5,0.389,6.2,0.06,0.0,0.0,2,0,1
9,13.5,66,1.8,0.467,7.2,0.16,0.0,0.0,2,0,1
10,14.7,61,2.0,0.4725,7.2,0.64,0.0,0.0,2,0,1
11,16.7,55,2.1,0.591,7.6,1.37,0.0,0.0,2,0,1
12,18.0,53,3.1,0.675,8.2,1.53,0.0,0.0,2,0,1
13,17.9,60,2.2,0.624,10.0,0.86,0.0,0.0,2,0,1
14,17.5,67,2.1,0.416,11.2,0.42,0.0,0.0,2,0,1
15,18.2,63,2.2,0.3435,11.0,0.72,0.0,0.0,2,0,1
16,18.2,69,3.2,0.3125,12.4,0.87,0.0,0.0,2,0,1
17,18.0,72,1.8,0.2795,12.8,0.47,0.0,0.0,2,0,1
18,17.7,75,2.1,0.2595,13.2,0.12,0.0,0.0,2,0,1
19,17.4,79,2.3,0.307,13.7,0.03,0.0,0.0,2,0,1
20,17.1,80,1.5,0.24,13.6,0.0,0.0,0.0,2,0,1
21,16.9,81,1.9,0.236,13.6,0.0,0.0,0.0,2,0,1
22,16.7,83,2.4,0.208,13.7,0.0,0.0,0.0,2,0,1
23,16.3,82,1.3,0.24,13.2,0.0,0.0,0.0,2,0,1
0,16.1,80,1.9,0.3025,12.6,0.0,0.0,0.0,2,0,0
1,16.0,79,1.0,0.358,12.3,0.0,0.0,0.0,2,0,0
2,15.7,81,1.4,0.347,12.4,0.0,0.0,0.0,2,0,0
3,15.6,81,1.2,0.314,12.3,0.0,0.0,0.0,2,0,0
4,15.7,79,1.2,0.314,12.0,0.0,0.0,0.0,2,0,0
5,15.3,82,1.4,0.254,12.2,0.0,0.0,0.0,2,0,0
6,14.9,81,0.4,0.29,11.6,0.0,0.0,0.0,2,0,0
7,15.1,80,1.0,0.3115,11.6,0.01,0.0,0.0,2,0,0
8,15.7,75,1.1,0.402,11.2,0.11,0.0,0.0,2,0,0
9,16.6,70,1.5,0.4725,11.0,0.3,0.0,0.0,2,0,0
10,17.5,66,1.3,0.5295,11.0,0.55,0.0,0.0,2,0,0
11,18.5,61,1.6,0.6505,10.8,0.95,0.0,0.0,2,0,0
12,20.8,50,2.0,0.62,9.9,1.82,0.0,0.0,2,0,0
13,21.9,48,2.5,0.5565,10.3,2.14,0.0,0.0,2,0,0
14,23.0,42,3.4,0.6575,9.3,2.1,0.0,0.0,2,0,0
15,23.7,43,2.8,0.6735,10.3,2.28,0.0,0.0,2,0,0
16,23.0,47,4.1,0.7085,11.0,2.0,0.0,0.0,2,0,0
17,22.0,49,3.7,0.791,10.7,1.28,0.0,0.0,2,0,0
18,20.7,54,4.1,0.742,11.0,0.5,0.0,0.0,2,0,0
19,19.1,60,3.4,0.796,11.1,0.1,0.0,0.0,2,0,0
20,18.2,65,1.8,0.7815,11.5,0.0,0.0,0.0,2,0,0
21,17.9,64,2.1,0.826,10.9,0.0,0.0,0.0,2,0,0
22,17.4,66,2.3,0.7825,10.9,0.0,0.0,0.0,2,0,0
23,16.8,70,0.9,0.713,11.2,0.0,0.0,0.0,2,0,0
0,16.8,69,0.8,0.6975,11.0,0.0,0.0,0.0,2,0,0
1,17.1,72,1.7,0.6765,12.0,0.0,0.0,0.0,2,0,0
2,17.0,73,1.6,0.592,12.1,0.0,0.0,0.0,2,0,0
3,17.0,74,1.7,0.647,12.3,0.0,0.0,0.0,2,0,0
4,16.9,74,1.2,0.5995,12.2,0.0,0.0,0.0,2,0,0
5,16.9,73,1.6,0.6375,12.0,0.0,0.0,0.0,2,0,0
6,16.8,74,1.2,0.6325,12.1,0.0,0.0,0.0,2,0,0
7,16.8,73,1.0,0.683,11.9,0.01,0.0,0.0,2,0,0
8,17.3,71,0.5,0.7405,11.9,0.17,0.0,0.0,2,0,0
9,18.3,67,2.4,0.6875,12.0,0.55,0.0,0.0,2,0,0
10,18.9,66,2.0,0.649,12.4,0.85,0.0,0.0,2,0,0
11,19.0,67,1.9,0.531,12.7,0.52,0.0,0.0,2,0,0
12,19.6,63,2.9,0.517,12.3,0.68,0.0,0.0,2,0,0
13,20.1,61,2.6,0.5585,12.3,1.01,0.0,0.0,2,0,0
14,21.0,53,3.2,0.653,11.0,1.12,0.0,0.0,2,0,0
15,19.9,58,2.5,0.674,11.3,0.51,0.0,0.0,2,0,0
16,19.7,58,3.7,0.651,11.1,0.78,0.0,0.0,2,0,0
17,19.7,57,2.6,0.651,10.9,0.54,0.0,0.0,2,0,0
18,18.9,68,3.3,0.663,12.8,0.12,0.0,0.0,2,0,0
19,18.0,74,3.1,0.629,13.2,0.02,0.0,0.0,2,0,0
20,17.3,80,2.4,0.4635,13.8,0.0,0.0,0.0,2,0,0
21,17.0,83,3.2,0.372,14.0,0.0,0.0,0.0,2,0,0
22,16.0,85,2.0,0.2045,13.4,0.0,0.0,0.0,2,0,0
23,15.0,94,1.6,0.0815,14.0,0.0,0.0,0.0,2,0,0
0,15.0,96,2.1,0.0705,14.3,0.0,0.1,0.0,2,0,0
1,14.8,96,1.7,0.1045,14.1,0.0,0.0,0.0,2,0,0
2,14.5,97,2.2,0.0895,14.0,0.0,3.5,0.0,2,0,0
3,14.3,97,1.2,0.114,13.8,0.0,7.0,0.0,2,0,0
4,14.1,97,1.7,0.153,13.6,0.0,3.0,0.0,2,0,0
5,11.9,97,3.4,0.1525,11.4,0.0,3.0,0.0,2,0,0
6,11.7,95,0.7,1.0,10.9,0.0,2.0,0.0,2,0,0
7,10.3,90,1.2,1.0,8.7,0.01,0.0,0.0,2,0,0
8,10.3,86,2.5,1.0,8.0,0.15,0.0,0.0,2,0,0
9,10.4,81,1.4,1.0,7.2,0.36,0.0,0.0,2,0,0
10,10.7,81,1.4,1.0,7.5,0.57,0.0,0.0,2,0,0
11,12.8,65,2.0,1.0,6.3,1.76,0.0,0.0,2,0,0
12,15.3,54,2.1,0.9945,6.0,2.83,0.0,0.0,2,0,0
13,16.7,47,1.4,1.0,5.3,3.24,0.0,0.0,2,0,0
14,17.9,42,1.3,0.9905,4.7,3.04,0.0,0.0,2,0,0
15,17.9,44,2.2,1.0,5.4,2.79,0.0,0.0,2,0,0
16,17.9,42,1.1,1.0,4.7,2.25,0.0,0.0,2,0,0
17,17.2,46,2.2,1.0,5.4,1.6,0.0,0.0,2,0,0
18,16.0,47,2.1,1.0,4.6,0.79,0.0,0.0,2,0,0
19,14.3,53,2.1,1.0,4.8,0.17,0.0,0.0,2,0,0
20,12.8,56,2.0,1.0,4.2,0.0,0.0,0.0,2,0,0
21,11.8,57,1.9,1.0,3.5,0.0,0.0,0.0,2,0,0
22,10.9,58,1.5,1.0,2.9,0.0,0.0,0.0,2,0,0
23,10.2,58,2.4,1.0,2.2,0.0,0.0,0.0,2,0,0
0,9.5,61,1.7,1.0,2.3,0.0,0.0,0.0,2,0,0
1,9.0,62,1.9,1.0,2.0,0.0,0.0,0.0,2,0,0
2,9.0,63,2.1,1.0,2.3,0.0,0.0,0.0,2,0,0
3,8.9,64,2.2,1.0,2.4,0.0,0.0,0.0,2,0,0
4,8.8,65,2.5,1.0,2.5,0.0,0.0,0.0,2,0,0
5,8.3,81,2.0,0.53,5.2,0.0,0.1,0.0,2,0,0
6,7.5,94,2.4,0.2555,6.5,0.0,0.4,0.0,2,0,0
7,7.1,94,2.2,0.286,6.1,0.0,1.5,0.0,2,0,0
8,6.7,94,2.7,0.5635,5.7,0.05,2.0,0.0,2,0,0
9,6.8,89,2.9,1.0,5.1,0.07,0.0,0.0,2,0,0
10,7.1,87,2.9,1.0,5.0,0.15,0.0,0.0,2,0,0
11,7.1,93,2.6,0.3485,6.0,0.19,0.0,0.0,2,0,0
12,7.3,95,2.2,0.338,6.5,0.3,0.5,0.0,2,0,0
13,7.7,95,1.9,0.221,6.9,0.4,0.0,0.0,2,0,0
14,8.0,95,1.5,0.257,7.2,0.35,0.0,0.0,2,0,0
15,8.1,96,1.9,0.205,7.4,0.26,0.5,0.0,2,0,0
16,8.1,96,1.5,0.1405,7.4,0.21,1.0,0.0,2,0,0
17,8.0,96,1.4,0.149,7.3,0.13,1.0,0.0,2,0,0
18,7.6,96,2.0,0.33,6.9,0.04,0.0,0.0,2,0,0
19,7.6,96,1.5,0.6545,6.9,0.0,1.5,0.0,2,0,0
20,7.3,96,1.9,1.0,6.6,0.0,0.0,0.0,2,0,0
21,7.3,96,1.5,0.3745,6.6,0.0,1.0,0.0,2,0,0
22,7.2,96,1.0,0.35,6.5,0.0,0.0,0.0,2,0,0
23,7.1,96,1.3,0.7485,6.5,0.0,0.5,0.0,2,0,0
0,7.2,95,0.9,0.4305,6.4,0.0,0.5,0.0,2,0,0
1,7.2,95,0.2,0.3415,6.4,0.0,0.5,0.0,2,0,0
2,7.3,96,1.0,0.1685,6.6,0.0,1.5,0.0,2,0,0
3,7.2,96,0.8,0.1745,6.5,0.0,2.0,0.0,2,0,0
4,6.8,97,2.2,0.2265,6.3,0.0,2.0,0.0,2,0,0
5,6.3,97,1.7,0.3935,5.8,0.0,0.5,0.0,2,0,0
6,6.1,96,2.1,0.399,5.5,0.0,0.0,0.0,2,0,0
7,5.7,95,3.4,0.568,4.9,0.02,0.0,0.0,2,0,0
8,5.9,90,2.8,0.91,4.3,0.32,0.0,0.0,2,0,0
9,6.9,83,2.2,0.833,4.2,0.83,0.0,0.0,2,0,0
10,8.0,73,2.8,0.8205,3.4,1.44,0.0,0.0,2,0,0
11,8.3,69,4.1,0.6085,2.9,1.81,0.0,0.0,2,0,0
12,6.7,71,4.6,0.2715,1.8,1.05,0.0,0.0,2,0,0
13,7.9,58,4.3,0.244,0.1,1.88,0.0,0.0,2,0,0
14,7.4,56,3.5,0.2305,-0.8,1.04,0.0,0.0,2,0,0
15,6.8,50,4.1,0.33,-2.9,0.56,0.0,0.0,2,0,0
16,6.6,50,4.0,0.3225,-3.1,0.81,0.0,0.0,2,0,0
17,6.3,50,4.4,0.3535,-3.3,0.64,0.0,0.0,2,0,0
18,5.9,43,5.3,0.4295,-5.7,0.62,0.0,0.0,2,0,0
19,4.8,48,3.8,0.563,-5.3,0.17,0.0,0.0,2,0,0
20,4.3,59,4.6,0.4955,-3.0,0.0,0.0,0.0,2,0,0
21,4.0,67,3.0,0.397,-1.5,0.0,0.0,0.0,2,0,0
22,3.9,68,3.0,0.3685,-1.4,0.0,0.0,0.0,2,0,0
23,3.8,75,4.1,0.302,-0.2,0.0,0.0,0.0,2,0,0
0,3.0,67,3.3,0.4725,-2.5,0.0,0.0,0.0,2,0,1
1,2.6,67,2.7,0.5265,-2.9,0.0,0.0,0.0,2,0,1
2,1.8,81,2.9,0.1625,-1.1,0.0,0.0,0.0,2,0,1
3,1.5,82,3.5,0.186,-1.2,0.0,0.1,0.0,2,0,1
4,1.6,70,3.6,0.696,-3.2,0.0,0.1,0.0,2,0,1
5,1.6,62,4.9,0.686,-4.9,0.0,0.0,0.0,2,0,1
6,1.7,58,3.8,0.5945,-5.6,0.0,0.0,0.0,2,0,1
7,1.9,51,4.9,0.6485,-7.1,0.07,0.0,0.0,2,0,1
8,2.4,44,4.3,0.6875,-8.6,0.41,0.0,0.0,2,0,1
9,3.4,37,3.6,0.834,-9.9,1.07,0.0,0.0,2,0,1
10,4.3,31,4.9,0.8305,-11.3,1.77,0.0,0.0,2,0,1
11,4.7,26,4.8,0.9635,-13.2,1.55,0.0,0.0,2,0,1
12,6.0,23,4.2,0.995,-13.6,2.0,0.0,0.0,2,0,1
13,7.4,22,4.5,0.982,-12.9,2.98,0.0,0.0,2,0,1
14,8.1,24,4.7,0.957,-11.3,2.99,0.0,0.0,2,0,1
15,7.6,36,5.0,0.964,-6.5,1.39,0.0,0.0,2,0,1
16,7.9,34,4.7,0.9895,-7.0,1.09,0.0,0.0,2,0,1
17,7.6,36,5.3,1.0,-6.5,1.8,0.0,0.0,2,0,1
18,6.4,43,3.7,1.0,-5.2,0.92,0.0,0.0,2,0,1
19,4.9,47,3.5,1.0,-5.4,0.2,0.0,0.0,2,0,1
20,4.2,44,4.1,1.0,-6.9,0.0,0.0,0.0,2,0,1
21,3.8,39,3.2,1.0,-8.9,0.0,0.0,0.0,2,0,1
22,3.5,41,2.8,1.0,-8.5,0.0,0.0,0.0,2,0,1
23,3.1,39,3.1,1.0,-9.5,0.0,0.0,0.0,2,0,1
0,2.9,46,2.2,1.0,-7.6,0.0,0.0,0.0,2,0,1
1,2.4,46,1.7,1.0,-8.0,0.0,0.0,0.0,2,0,1
2,2.2,49,1.9,1.0,-7.4,0.0,0.0,0.0,2,0,1
3,2.0,50,2.0,1.0,-7.3,0.0,0.0,0.0,2,0,1
4,1.7,51,1.3,1.0,-7.3,0.0,0.0,0.0,2,0,1
5,1.3,51,1.6,1.0,-7.7,0.0,0.0,0.0,2,0,1
6,0.9,52,1.1,1.0,-7.8,0.0,0.0,0.0,2,0,1
7,0.9,54,0.8,1.0,-7.3,0.11,0.0,0.0,2,0,1
8,2.9,53,1.5,0.946,-5.7,0.68,0.0,0.0,2,0,1
9,5.1,46,2.7,0.944,-5.5,1.34,0.0,0.0,2,0,1
10,6.3,39,2.8,1.0,-6.6,1.55,0.0,0.0,2,0,1
11,6.4,29,2.7,1.0,-10.3,0.9,0.0,0.0,2,0,1
12,6.9,30,1.8,0.997,-9.5,0.85,0.0,0.0,2,0,1
13,7.4,27,1.8,1.0,-10.4,0.86,0.0,0.0,2,0,1
14,7.9,27,1.0,0.9925,-9.9,0.75,0.0,0.0,2,0,1
15,7.3,38,0.8,1.0,-6.1,0.38,0.0,0.0,2,0,1
16,6.1,65,1.5,0.7325,0.0,0.21,0.0,0.0,2,0,1
17,4.3,80,2.6,0.6785,1.1,0.23,0.1,0.0,2,0,1
18,3.0,89,1.5,0.1415,1.3,0.07,1.9,0.0,2,0,1
19,2.5,94,1.8,0.1745,1.6,0.0,1.0,0.0,2,0,1
20,2.7,90,1.5,0.3195,1.2,0.0,0.0,0.0,2,0,1
21,2.8,88,2.1,0.296,1.0,0.0,0.0,0.0,2,0,1
22,2.7,88,2.0,0.3105,0.9,0.0,0.0,0.0,2,0,1
23,2.9,85,0.9,0.4145,0.6,0.0,0.0,0.0,2,0,1
0,3.2,84,0.6,0.3925,0.7,0.0,0.0,0.0,2,0,0
1,2.8,87,0.8,0.231,0.8,0.0,0.0,0.0,2,0,0
2,2.2,88,0.5,0.254,0.4,0.0,0.0,0.0,2,0,0
3,1.6,94,0.3,0.213,0.7,0.0,0.0,0.0,2,0,0
4,1.1,95,0.5,0.1725,0.3,0.0,0.0,0.0,2,0,0
5,0.7,96,1.0,0.103,0.1,0.0,0.0,0.0,2,0,0
6,0.1,97,0.6,0.0385,-0.3,0.0,0.0,0.0,2,0,0
7,0.6,97,1.3,0.033,0.1,0.05,0.0,0.0,2,0,0
8,1.0,97,0.9,0.074,0.5,0.22,0.0,0.0,2,0,0
9,2.6,96,1.1,0.158,2.0,0.87,0.0,0.0,2,0,0
10,5.2,73,1.0,0.334,0.7,2.08,0.0,0.0,2,0,0
11,7.5,54,0.9,0.5065,-1.2,2.49,0.0,0.0,2,0,0
12,10.4,44,1.7,0.6175,-1.3,2.93,0.0,0.0,2,0,0
13,12.4,32,1.7,0.7205,-3.8,3.06,0.0,0.0,2,0,0
14,13.9,26,2.5,0.7685,-5.3,2.99,0.0,0.0,2,0,0
15,14.2,24,1.8,0.8715,-6.1,2.6,0.0,0.0,2,0,0
16,15.3,24,1.5,0.767,-5.1,2.0,0.0,0.0,2,0,0
17,15.3,26,0.9,0.6285,-4.1,1.39,0.0,0.0,2,0,0
18,14.8,24,1.3,0.757,-5.6,0.69,0.0,0.0,2,0,0
19,13.4,33,1.2,0.678,-2.5,0.15,0.0,0.0,2,0,0
20,11.7,34,0.9,0.6965,-3.6,0.0,0.0,0.0,2,0,0
21,10.3,38,0.5,0.7165,-3.4,0.0,0.0,0.0,2,0,0
22,9.6,41,0.5,0.714,-3.0,0.0,0.0,0.0,2,0,0
23,9.6,43,1.2,0.6665,-2.3,0.0,0.0,0.0,2,0,0
0,9.0,46,1.2,0.6295,-2.0,0.0,0.0,0.0,2,0,0
1,9.0,44,1.0,0.657,-2.6,0.0,0.0,0.0,2,0,0
2,8.8,43,1.0,0.745,-3.1,0.0,0.0,0.0,2,0,0
3,8.1,48,0.8,0.7275,-2.2,0.0,0.0,0.0,2,0,0
4,7.5,48,1.0,0.729,-2.8,0.0,0.0,0.0,2,0,0
5,7.1,53,0.8,0.696,-1.8,0.0,0.0,0.0,2,0,0
6,6.9,51,0.9,0.773,-2.5,0.0,0.0,0.0,2,0,0
7,7.2,50,1.1,0.727,-2.5,0.1,0.0,0.0,2,0,0
8,9.6,38,1.4,0.7635,-4.0,0.58,0.0,0.0,2,0,0
9,11.9,35,1.1,0.832,-3.1,0.95,0.0,0.0,2,0,0
10,15.2,31,1.6,0.8785,-1.8,1.84,0.0,0.0,2,0,0
11,18.5,27,1.3,0.805,-0.8,2.59,0.0,0.0,2,0,0
12,20.5,37,4.6,0.8805,5.2,2.94,0.0,0.0,2,0,0
13,21.9,34,5.1,0.9305,5.3,2.77,0.0,0.0,2,0,0
14,21.2,35,7.4,0.996,5.1,1.8,0.0,0.0,2,0,0
15,21.4,33,4.8,0.999,4.4,1.63,0.0,0.0,2,0,0
16,20.9,34,5.8,1.0,4.4,1.37,0.0,0.0,2,0,0
17,20.6,39,5.6,1.0,6.1,0.74,0.0,0.0,2,0,0
18,19.7,52,7.2,1.0,9.5,0.2,0.0,0.0,2,0,0
19,19.2,55,5.8,1.0,9.9,0.01,0.0,0.0,2,0,0
20,19.1,58,6.1,1.0,10.6,0.0,0.0,0.0,2,0,0
21,17.5,70,7.3,0.817,11.9,0.0,0.5,0.0,2,0,0
22,15.8,83,5.4,0.3455,12.9,0.0,1.5,0.0,2,0,0
23,15.1,83,4.1,0.5735,12.2,0.0,3.0,0.0,2,0,0
0,14.4,82,4.6,0.5205,11.3,0.0,0.0,0.0,2,0,0
1,13.6,81,3.6,0.443,10.3,0.0,0.0,0.0,2,0,0
2,12.7,80,3.9,0.4425,9.3,0.0,0.0,0.0,2,0,0
3,11.6,81,3.1,0.3435,8.4,0.0,0.0,0.0,2,0,0
4,10.2,83,3.5,0.277,7.4,0.0,0.0,0.0,2,0,0
5,9.7,84,1.7,0.2235,7.1,0.0,0.0,0.0,2,0,0
6,9.0,86,2.0,0.221,6.7,0.0,0.0,0.0,2,0,0
7,8.8,85,1.1,0.219,6.4,0.11,0.0,0.0,2,0,0
8,9.7,77,1.6,0.2595,5.8,0.68,0.0,0.0,2,0,0
9,11.8,59,2.1,0.4875,4.0,1.44,0.0,0.0,2,0,0
10,13.3,51,4.1,0.7435,3.3,2.17,0.0,0.0,2,0,0
11,14.9,44,4.0,0.734,2.7,2.75,0.0,0.0,2,0,0
12,15.7,46,3.9,0.566,4.0,3.05,0.0,0.0,2,0,0
13,15.6,38,4.7,0.779,1.3,3.32,0.0,0.0,2,0,0
14,16.4,28,3.4,0.902,-2.1,3.16,0.0,0.0,2,0,0
15,17.0,28,3.5,0.902,-1.6,2.9,0.0,0.0,2,0,0
16,16.9,23,4.4,0.969,-4.4,2.39,0.0,0.0,2,0,0
17,16.2,22,4.1,1.0,-5.5,1.73,0.0,0.0,2,0,0
18,15.2,21,2.9,1.0,-7.0,0.94,0.0,0.0,2,0,0
19,13.2,28,2.9,1.0,-4.9,0.22,0.0,0.0,2,0,0
20,11.9,33,2.0,1.0,-3.8,0.0,0.0,0.0,2,0,0
21,11.0,34,2.1,1.0,-4.2,0.0,0.0,0.0,2,0,0
22,10.3,42,1.0,0.9615,-2.0,0.0,0.0,0.0,2,0,0
23,9.7,45,2.0,0.9845,-1.6,0.0,0.0,0.0,2,0,0
0,9.5,40,2.4,0.9935,-3.4,0.0,0.0,0.0,2,0,0
1,8.9,40,2.1,1.0,-3.9,0.0,0.0,0.0,2,0,0
2,8.1,45,1.0,1.0,-3.1,0.0,0.0,0.0,2,0,0
3,7.8,49,1.4,0.986,-2.2,0.0,0.0,0.0,2,0,0
4,7.5,53,1.0,0.8505,-1.4,0.0,0.0,0.0,2,0,0
5,7.1,57,0.8,0.873,-0.8,0.0,0.0,0.0,2,0,0
6,7.1,55,1.8,0.89,-1.3,0.0,0.0,0.0,2,0,0
7,7.6,54,1.7,0.845,-1.1,0.13,0.0,0.0,2,0,0
8,8.9,48,1.1,0.722,-1.5,0.69,0.0,0.0,2,0,0
9,11.5,43,1.7,0.909,-0.6,1.43,0.0,0.0,2,0,0
10,13.8,39,2.3,0.8295,0.0,2.09,0.0,0.0,2,0,0
11,16.2,30,2.4,0.85,-1.4,2.68,0.0,0.0,2,0,0
12,17.5,20,4.6,1.0,-5.7,3.07,0.0,0.0,2,0,0
13,18.1,18,5.1,0.9695,-6.6,3.2,0.0,0.0,2,0,0
14,18.8,27,4.9,0.944,-0.6,3.13,0.0,0.0,2,0,0
15,19.4,24,3.9,1.0,-1.7,2.86,0.0,0.0,2,0,0
16,18.8,23,4.2,0.978,-2.7,2.39,0.0,0.0,2,0,0
17,18.6,22,3.7,0.989,-3.5,1.72,0.0,0.0,2,0,0
18,17.9,16,3.7,1.0,-8.3,0.92,0.0,0.0,2,0,0
19,15.9,14,2.8,1.0,-11.6,0.25,0.0,0.0,2,0,0
20,14.2,15,2.6,1.0,-12.1,0.0,0.0,0.0,2,0,0
21,13.4,15,2.7,1.0,-12.7,0.0,0.0,0.0,2,0,0
22,13.5,15,2.2,1.0,-12.6,0.0,0.0,0.0,2,0,0
23,12.6,16,1.7,1.0,-12.6,0.0,0.0,0.0,2,0,0
0,11.4,22,1.5,1.0,-9.6,0.0,0.0,0.0,2,0,0
1,10.0,23,0.7,1.0,-10.2,0.0,0.0,0.0,2,0,0
2,9.7,23,1.4,1.0,-10.4,0.0,0.0,0.0,2,0,0
3,9.9,27,1.3,1.0,-8.2,0.0,0.0,0.0,2,0,0
4,9.7,29,1.8,1.0,-7.5,0.0,0.0,0.0,2,0,0
5,9.1,34,0.9,1.0,-5.9,0.0,0.0,0.0,2,0,0
6,8.3,35,0.3,1.0,-6.2,0.0,0.0,0.0,2,0,0
7,8.8,33,1.2,1.0,-6.6,0.11,0.0,0.0,2,0,0
8,10.6,27,1.1,1.0,-7.6,0.39,0.0,0.0,2,0,0
9,13.2,22,1.1,1.0,-8.0,0.93,0.0,0.0,2,0,0
10,15.7,18,1.6,0.99,-8.6,1.66,0.0,0.0,2,0,0
11,16.9,15,1.7,0.997,-9.9,1.8,0.0,0.0,2,0,0
12,18.2,15,1.6,1.0,-8.9,2.27,0.0,0.0,2,0,0
13,19.0,15,1.4,1.0,-8.2,2.02,0.0,0.0,2,0,0
14,18.7,14,1.6,1.0,-9.3,1.25,0.0,0.0,2,0,0
15,18.6,15,0.9,0.9955,-8.5,0.81,0.0,0.0,2,0,0
16,18.3,16,1.0,1.0,-7.9,0.7,0.0,0.0,2,0,0
17,18.1,16,1.4,1.0,-8.1,0.45,0.0,0.0,2,0,0
18,17.5,18,1.3,1.0,-7.1,0.23,0.0,0.0,2,0,0
19,16.9,19,0.5,1.0,-6.9,0.06,0.0,0.0,2,0,0
20,16.2,22,0.9,1.0,-5.5,0.0,0.0,0.0,2,0,0
21,16.4,24,2.9,0.9915,-4.2,0.0,0.0,0.0,2,0,0
22,16.3,25,2.0,1.0,-3.7,0.0,0.0,0.0,2,0,0
23,15.5,27,3.5,1.0,-3.4,0.0,0.0,0.0,2,0,0
0,14.8,27,2.1,1.0,-4.0,0.0,0.0,0.0,2,0,1
1,14.1,25,1.8,1.0,-5.6,0.0,0.0,0.0,2,0,1
2,13.5,27,1.6,1.0,-5.1,0.0,0.0,0.0,2,0,1
3,12.1,41,1.0,1.0,-0.7,0.0,0.2,0.0,2,0,1
4,10.3,72,1.0,1.0,5.4,0.0,0.8,0.0,2,0,1
5,9.5,76,0.8,0.981,5.4,0.0,0.0,0.0,2,0,1
6,8.7,80,1.1,0.759,5.4,0.0,1.0,0.0,2,0,1
7,8.2,88,0.7,0.3035,6.3,0.01,2.0,0.0,2,0,1
8,7.7,88,1.4,0.258,5.8,0.08,1.0,0.0,2,0,1
9,7.5,94,1.5,0.253,6.5,0.15,1.5,0.0,2,0,1
10,7.7,94,1.0,0.3425,6.7,0.28,1.5,0.0,2,0,1
11,8.1,94,1.2,0.401,7.1,0.39,0.5,0.0,2,0,1
12,8.6,94,1.1,0.1945,7.6,0.49,0.0,0.0,2,0,1
13,8.8,93,1.7,0.2985,7.7,0.38,0.0,0.0,2,0,1
14,8.9,94,1.3,0.5645,7.9,0.29,0.5,0.0,2,0,1
15,8.6,88,3.2,0.6055,6.7,0.17,0.0,0.0,2,0,1
16,8.9,87,1.8,1.0,6.8,0.32,0.0,0.0,2,0,1
17,9.3,81,2.4,1.0,6.1,0.52,0.0,0.0,2,0,1
18,9.6,79,1.8,1.0,6.1,0.39,0.0,0.0,2,0,1
19,9.5,76,2.3,1.0,5.4,0.02,0.0,0.0,2,0,1
20,9.4,76,2.6,0.688,5.3,0.0,0.0,0.0,2,0,1
21,9.1,76,3.5,0.5565,5.0,0.0,0.0,0.0,2,0,1
22,8.8,77,3.2,0.629,4.9,0.0,0.0,0.0,2,0,1
23,8.4,77,3.8,0.831,4.5,0.0,0.0,0.0,2,0,1
0,7.8,78,1.8,0.8705,4.1,0.0,0.0,0.0,2,0,1
1,7.1,78,3.6,0.831,3.5,0.0,0.0,0.0,2,0,1
2,6.7,80,2.8,0.671,3.4,0.0,0.0,0.0,2,0,1
3,6.4,83,2.3,0.579,3.7,0.0,0.0,0.0,2,0,1
4,6.0,84,1.7,0.4755,3.4,0.0,0.0,0.0,2,0,1
5,5.8,85,1.3,0.4145,3.4,0.0,0.0,0.0,2,0,1
6,5.6,85,1.2,0.3845,3.2,0.0,0.0,0.0,2,0,1
7,5.8,83,1.1,0.3665,3.1,0.15,0.0,0.0,2,0,1
8,7.0,78,0.9,0.328,3.4,0.56,0.0,0.0,2,0,1
9,8.6,66,1.7,0.4405,2.5,1.16,0.0,0.0,2,0,1
10,10.3,62,2.1,0.457,3.3,1.76,0.0,0.0,2,0,1
11,11.8,57,2.6,0.5205,3.5,2.18,0.0,0.0,2,0,1
12,12.5,53,3.4,0.662,3.1,2.52,0.0,0.0,2,0,1
13,13.5,46,3.4,0.6625,2.0,2.71,0.0,0.0,2,0,1
14,13.7,50,3.7,0.609,3.4,2.3,0.0,0.0,2,0,1
15,13.1,54,4.1,0.632,3.9,1.98,0.0,0.0,2,0,1
16,12.0,61,3.6,0.687,4.6,0.57,0.0,0.0,2,0,1
17,11.8,60,2.9,0.7285,4.2,0.6,0.0,0.0,2,0,1
18,11.9,58,2.2,0.8225,3.8,0.61,0.0,0.0,2,0,1
19,11.0,62,2.1,0.8305,3.9,0.19,0.0,0.0,2,0,1
20,10.3,62,2.0,0.8745,3.3,0.0,0.0,0.0,2,0,1
21,9.6,66,1.7,0.925,3.5,0.0,0.0,0.0,2,0,1
22,9.0,65,1.7,0.9765,2.7,0.0,0.0,0.0,2,0,1
23,8.6,69,2.2,0.865,3.2,0.0,0.0,0.0,2,0,1
0,8.3,59,2.1,0.956,0.7,0.0,0.0,0.0,2,0,0
1,7.6,62,1.2,0.9425,0.7,0.0,0.0,0.0,2,0,0
2,7.1,64,0.9,0.878,0.7,0.0,0.0,0.0,2,0,0
3,6.4,67,1.4,0.834,0.7,0.0,0.0,0.0,2,0,0
4,5.9,68,0.7,0.795,0.4,0.0,0.0,0.0,2,0,0
5,5.3,73,0.8,0.737,0.8,0.0,0.0,0.0,2,0,0
6,5.0,70,0.7,0.8695,0.0,0.0,0.0,0.0,2,0,0
7,5.0,67,1.0,0.887,-0.6,0.18,0.0,0.0,2,0,0
8,6.9,54,0.7,0.853,-1.7,0.85,0.0,0.0,2,0,0
9,10.1,42,0.8,0.9555,-2.2,1.57,0.0,0.0,2,0,0
10,12.4,34,1.2,0.9715,-3.0,2.24,0.0,0.0,2,0,0
11,14.1,32,1.3,1.0,-2.3,2.67,0.0,0.0,2,0,0
12,15.5,33,2.5,0.9465,-0.7,3.1,0.0,0.0,2,0,0
13,16.6,30,2.3,0.938,-1.0,3.21,0.0,0.0,2,0,0
14,18.0,28,1.6,0.91,-0.8,3.11,0.0,0.0,2,0,0
15,18.4,25,2.0,0.9045,-2.0,2.8,0.0,0.0,2,0,0
16,18.5,24,3.0,0.8865,-2.4,2.27,0.0,0.0,2,0,0
17,18.7,21,2.5,0.9355,-4.1,1.65,0.0,0.0,2,0,0
18,17.0,28,3.1,1.0,-1.6,0.88,0.0,0.0,2,0,0
19,13.8,32,3.4,0.996,-2.6,0.26,0.0,0.0,2,0,0
20,12.1,35,2.4,0.977,-2.9,0.0,0.0,0.0,2,0,0
21,11.1,39,1.5,0.867,-2.3,0.0,0.0,0.0,2,0,0
22,10.8,33,0.9,1.0,-4.8,0.0,0.0,0.0,2,0,0
23,9.7,33,0.4,1.0,-5.8,0.0,0.0,0.0,2,0,0
0,9.6,31,0.8,1.0,-6.7,0.0,0.0,0.0,2,0,0
1,9.0,36,1.0,0.997,-5.3,0.0,0.0,0.0,2,0,0
2,8.4,45,0.9,0.9935,-2.8,0.0,0.0,0.0,2,0,0
3,7.8,49,1.0,0.9875,-2.2,0.0,0.0,0.0,2,0,0
4,7.6,52,0.4,0.9675,-1.6,0.0,0.0,0.0,2,0,0
5,7.4,56,0.6,0.873,-0.8,0.0,0.0,0.0,2,0,0
6,6.9,57,0.5,0.8875,-1.0,0.0,0.0,0.0,2,0,0
7,6.9,57,1.1,0.8165,-1.0,0.18,0.0,0.0,2,0,0
8,8.7,49,0.8,0.76,-1.4,0.68,0.0,0.0,2,0,0
9,12.0,39,0.6,0.693,-1.5,1.44,0.0,0.0,2,0,0
10,14.7,31,1.1,0.62,-2.2,2.04,0.0,0.0,2,0,0
11,16.9,27,1.5,0.677,-2.2,2.66,0.0,0.0,2,0,0
12,18.0,26,2.2,0.7295,-1.8,3.03,0.0,0.0,2,0,0
13,19.1,26,2.5,0.567,-0.8,3.16,0.0,0.0,2,0,0
14,19.8,23,2.6,0.736,-1.9,3.01,0.0,0.0,2,0,0
15,19.9,26,3.5,0.814,-0.1,2.8,0.0,0.0,2,0,0
16,19.5,28,3.0,0.8025,0.4,2.24,0.0,0.0,2,0,0
17,18.3,29,4.3,0.813,0.0,1.61,0.0,0.0,2,0,0
18,17.1,31,3.3,0.7505,-0.1,0.93,0.0,0.0,2,0,0
19,14.5,31,3.1,0.779,-2.4,0.25,0.0,0.0,2,0,0
20,12.5,31,3.8,0.873,-4.2,0.0,0.0,0.0,2,0,0
21,11.7,31,2.6,0.8085,-4.9,0.0,0.0,0.0,2,0,0
22,11.0,34,1.2,0.7645,-4.2,0.0,0.0,0.0,2,0,0
23,10.1,41,1.1,0.7545,-2.5,0.0,0.0,0.0,2,0,0
0,9.6,44,2.2,0.7085,-2.0,0.0,0.0,0.0,2,0,0
1,8.9,45,2.1,0.728,-2.4,0.0,0.0,0.0,2,0,0
2,8.7,44,1.6,0.842,-2.8,0.0,0.0,0.0,2,0,0
3,7.9,45,0.7,0.885,-3.3,0.0,0.0,0.0,2,0,0
4,7.2,49,0.8,0.773,-2.8,0.0,0.0,0.0,2,0,0
5,6.7,50,1.6,0.887,-3.0,0.0,0.0,0.0,2,0,0
6,6.2,52,0.8,0.8045,-2.9,0.0,0.0,0.0,2,0,0
7,6.4,51,1.0,0.699,-3.0,0.19,0.0,0.0,2,0,0
8,8.3,36,0.6,0.6675,-5.9,0.82,0.0,0.0,2,0,0
9,11.2,31,1.7,0.6495,-5.3,1.59,0.0,0.0,2,0,0
10,13.7,26,2.3,0.738,-5.4,2.25,0.0,0.0,2,0,0
11,15.5,22,1.4,0.881,-6.1,2.82,0.0,0.0,2,0,0
12,16.5,17,3.3,0.9095,-8.6,3.13,0.0,0.0,2,0,0
13,17.7,16,2.8,0.912,-8.4,3.27,0.0,0.0,2,0,0
14,18.9,15,1.8,0.911,-8.3,3.17,0.0,0.0,2,0,0
15,19.0,21,3.3,0.858,-3.8,2.88,0.0,0.0,2,0,0
16,18.5,22,2.7,0.7575,-3.6,2.27,0.0,0.0,2,0,0
17,17.8,26,3.3,0.7195,-1.9,1.63,0.0,0.0,2,0,0
18,16.6,33,3.4,0.591,0.2,0.86,0.0,0.0,2,0,0
19,14.7,40,2.4,0.6035,1.2,0.21,0.0,0.0,2,0,0
20,13.0,41,2.3,0.582,0.0,0.0,0.0,0.0,2,0,0
21,12.1,40,2.0,0.654,-1.1,0.0,0.0,0.0,2,0,0
22,11.3,42,1.6,0.5945,-1.1,0.0,0.0,0.0,2,0,0
23,10.7,42,0.9,0.618,-1.7,0.0,0.0,0.0,2,0,0
0,9.8,44,1.4,0.634,-1.8,0.0,0.0,0.0,2,0,0
1,9.3,45,0.8,0.6315,-2.0,0.0,0.0,0.0,2,0,0
2,8.8,49,0.7,0.636,-1.3,0.0,0.0,0.0,2,0,0
3,8.6,53,1.5,0.5925,-0.4,0.0,0.0,0.0,2,0,0
4,8.3,53,1.1,0.5035,-0.7,0.0,0.0,0.0,2,0,0
5,7.9,59,1.4,0.5025,0.3,0.0,0.0,0.0,2,0,0
6,7.6,55,1.2,0.5105,-0.8,0.0,0.0,0.0,2,0,0
7,7.7,48,0.4,0.555,-2.6,0.19,0.0,0.0,2,0,0
8,9.6,39,0.8,0.5015,-3.7,0.79,0.0,0.0,2,0,0
9,12.4,29,1.5,0.69,-5.1,1.49,0.0,0.0,2,0,0
10,14.7,29,1.7,0.535,-3.1,2.07,0.0,0.0,2,0,0
11,16.1,23,2.5,0.6805,-5.0,2.52,0.0,0.0,2,0,0
12,17.8,21,2.7,0.6675,-4.8,2.79,0.0,0.0,2,0,0
13,19.2,17,2.2,0.724,-6.4,2.89,0.0,0.0,2,0,0
14,20.5,17,3.1,0.756,-5.4,2.83,0.0,0.0,2,0,0
15,20.2,21,4.8,0.5805,-2.8,2.53,0.0,0.0,2,0,0
16,19.8,25,4.4,0.566,-0.8,2.02,0.0,0.0,2,0,0
17,20.1,27,1.9,0.544,0.4,1.38,0.0,0.0,2,0,0
18,19.1,31,3.0,0.479,1.5,0.7,0.0,0.0,2,0,0
19,17.4,34,2.2,0.3895,1.3,0.16,0.0,0.0,2,0,0
20,15.5,38,1.7,0.3725,1.2,0.0,0.0,0.0,2,0,0
21,14.2,44,2.4,0.645,2.1,0.0,0.0,0.0,2,0,0
22,13.4,49,1.1,0.663,2.8,0.0,0.0,0.0,2,0,0
23,12.9,51,1.7,0.6,2.9,0.0,0.0,0.0,2,0,0
0,12.4,56,0.5,0.514,3.8,0.0,0.0,0.0,2,0,0
1,11.8,60,0.2,0.459,4.2,0.0,0.0,0.0,2,0,0
2,11.7,63,0.5,0.452,4.8,0.0,0.0,0.0,2,0,0
3,11.3,61,0.3,0.467,4.0,0.0,0.0,0.0,2,0,0
4,11.4,60,0.8,0.466,3.8,0.0,0.0,0.0,2,0,0
5,11.4,60,0.4,0.4255,3.8,0.0,0.0,0.0,2,0,0
6,11.2,63,0.7,0.4105,4.4,0.0,0.0,0.0,2,0,0
7,11.3,62,0.7,0.387,4.2,0.17,0.0,0.0,2,0,0
8,13.0,54,1.2,0.369,3.8,0.68,0.0,0.0,2,0,0
9,15.8,42,0.9,0.3415,2.8,1.37,0.0,0.0,2,0,0
10,18.2,36,1.0,0.31,2.8,1.99,0.0,0.0,2,0,0
11,20.6,34,2.2,0.3525,4.1,2.51,0.0,0.0,2,0,0
12,22.5,33,1.8,0.447,5.4,2.88,0.0,0.0,2,0,0
13,24.2,30,1.5,0.4175,5.5,3.03,0.0,0.0,2,0,0
14,25.9,28,2.2,0.404,5.9,2.92,0.0,0.0,2,0,0
15,26.1,27,1.8,0.2905,5.6,2.59,0.0,0.0,2,0,0
16,25.7,30,3.4,0.3,6.8,2.07,0.0,0.0,2,0,0
17,25.6,30,2.3,0.3355,6.7,1.47,0.0,0.0,2,0,0
18,24.7,33,2.3,0.3435,7.3,0.78,0.0,0.0,2,0,0
19,22.9,35,1.8,0.357,6.6,0.22,0.0,0.0,2,0,0
20,21.1,43,1.8,0.394,8.0,0.0,0.0,0.0,2,0,0
21,19.2,50,1.5,0.421,8.5,0.0,0.0,0.0,2,0,0
22,18.2,52,1.3,0.409,8.1,0.0,0.0,0.0,2,0,0
23,17.3,57,0.6,0.4035,8.6,0.0,0.0,0.0,2,0,0
0,16.3,59,0.2,0.378,8.2,0.0,0.0,0.0,2,0,1
1,15.5,60,1.1,0.329,7.7,0.0,0.0,0.0,2,0,1
2,14.7,63,1.8,0.3055,7.7,0.0,0.0,0.0,2,0,1
3,14.2,62,1.4,0.2915,7.0,0.0,0.0,0.0,2,0,1
4,13.6,67,1.6,0.2605,7.5,0.0,0.0,0.0,2,0,1
5,13.0,70,0.5,0.1925,7.6,0.0,0.0,0.0,2,0,1
6,12.3,67,0.5,0.2415,6.3,0.0,0.0,0.0,2,0,1
7,12.5,68,1.1,0.2285,6.7,0.22,0.0,0.0,2,0,1
8,14.6,54,0.9,0.2155,5.3,0.89,0.0,0.0,2,0,1
9,18.1,33,1.1,0.256,1.5,1.61,0.0,0.0,2,0,1
10,20.6,24,2.0,0.475,-0.7,2.29,0.0,0.0,2,0,1
11,23.1,19,2.0,0.586,-1.8,2.85,0.0,0.0,2,0,1
12,24.3,14,3.3,0.8505,-4.9,3.19,0.0,0.0,2,0,1
13,24.6,10,2.7,1.0,-9.0,3.31,0.0,0.0,2,0,1
14,25.0,14,3.8,0.929,-4.3,3.29,0.0,0.0,2,0,1
15,25.0,13,4.1,1.0,-5.3,2.98,0.0,0.0,2,0,1
16,24.8,13,3.3,0.9775,-5.5,2.5,0.0,0.0,2,0,1
17,23.2,12,3.6,1.0,-7.8,1.69,0.0,0.0,2,0,1
18,22.2,11,3.0,1.0,-9.7,0.98,0.0,0.0,2,0,1
19,20.7,15,2.0,1.0,-6.9,0.34,0.0,0.0,2,0,1
20,19.1,18,1.2,1.0,-5.8,0.0,0.0,0.0,2,0,1
21,17.8,21,1.2,1.0,-4.8,0.0,0.0,0.0,2,0,1
22,16.7,28,1.0,0.998,-1.9,0.0,0.0,0.0,2,0,1
23,16.0,33,0.5,0.998,-0.2,0.0,0.0,0.0,2,0,1
0,15.9,35,0.3,0.9975,0.4,0.0,0.0,0.0,2,0,1
1,15.9,39,0.2,1.0,1.9,0.0,0.0,0.0,2,0,1
2,15.4,41,0.5,0.6595,2.1,0.0,0.0,0.0,2,0,1
3,15.2,31,0.3,1.0,-1.8,0.0,0.0,0.0,2,0,1
4,14.9,35,0.8,1.0,-0.4,0.0,0.0,0.0,2,0,1
5,14.8,38,0.6,1.0,0.5,0.0,0.0,0.0,2,0,1
6,14.6,42,0.5,1.0,1.8,0.0,0.0,0.0,2,0,1
7,15.0,41,0.3,1.0,1.8,0.12,0.0,0.0,2,0,1
8,16.3,40,0.8,0.991,2.6,0.25,0.0,0.0,2,0,1
9,16.9,45,0.9,0.979,4.8,0.27,0.0,0.0,2,0,1
10,16.3,62,0.8,0.8195,8.9,0.27,0.3,0.0,2,0,1
11,17.4,54,0.9,0.92,7.9,0.51,0.0,0.0,2,0,1
12,18.9,44,0.9,0.955,6.3,0.75,0.0,0.0,2,0,1
13,20.5,35,1.1,1.0,4.4,1.13,0.0,0.0,2,0,1
14,20.7,32,1.5,0.998,3.3,0.69,0.0,0.0,2,0,1
15,19.6,44,2.4,0.9425,7.0,0.47,0.2,0.0,2,0,1
16,19.1,52,0.9,0.7915,9.0,0.37,0.0,0.0,2,0,1
17,17.9,65,1.2,0.4825,11.2,0.13,1.0,0.0,2,0,1
18,16.1,73,1.3,0.649,11.2,0.11,0.5,0.0,2,0,1
19,15.2,64,1.7,0.5925,8.4,0.02,0.5,0.0,2,0,1
20,13.3,80,1.8,0.4105,9.9,0.0,1.5,0.0,2,0,1
21,12.0,86,2.3,0.3405,9.7,0.0,2.5,0.0,2,0,1
22,11.6,89,2.0,0.2345,9.8,0.0,4.0,0.0,2,0,1
23,11.3,94,1.6,0.184,10.3,0.0,3.0,0.0,2,0,1
0,10.7,94,2.6,0.2385,9.7,0.0,2.0,0.0,2,0,0
1,10.6,87,2.3,0.7615,8.5,0.0,0.1,0.0,2,0,0
2,10.2,90,2.2,0.245,8.6,0.0,0.9,0.0,2,0,0
3,9.9,93,2.3,0.495,8.8,0.0,0.5,0.0,2,0,0
4,9.5,95,2.4,0.205,8.7,0.0,3.5,0.0,2,0,0
5,9.2,95,2.3,0.202,8.4,0.0,2.5,0.0,2,0,0
6,9.1,95,2.7,0.1865,8.3,0.0,7.0,0.0,2,0,0
7,9.0,95,2.3,0.147,8.2,0.0,6.0,0.0,2,0,0
8,8.8,95,2.8,0.2595,8.0,0.03,5.0,0.0,2,0,0
9,8.5,95,2.6,0.2235,7.7,0.1,8.0,0.0,2,0,0
10,8.6,95,2.5,0.289,7.8,0.2,4.0,0.0,2,0,0
11,8.9,91,2.2,0.2185,7.5,0.29,1.5,0.0,2,0,0
12,9.0,96,1.9,0.2405,8.3,0.43,5.5,0.0,2,0,0
13,9.3,95,2.3,0.2095,8.5,0.4,2.5,0.0,2,0,0
14,9.4,96,2.6,0.152,8.7,0.39,4.0,0.0,2,0,0
15,9.5,96,2.2,0.175,8.8,0.31,1.5,0.0,2,0,0
16,9.6,96,1.7,0.7045,8.9,0.23,1.0,0.0,2,0,0
17,9.4,95,1.9,0.33,8.6,0.11,0.5,0.0,2,0,0
18,9.4,96,1.9,0.3,8.7,0.07,1.0,0.0,2,0,0
19,9.4,95,1.8,0.2655,8.6,0.03,1.5,0.0,2,0,0
20,9.4,95,1.6,0.37,8.6,0.0,1.0,0.0,2,0,0
21,9.4,94,2.1,0.4345,8.4,0.0,1.5,0.0,2,0,0
22,9.6,90,1.9,1.0,8.0,0.0,0.0,0.0,2,0,0
23,9.8,87,1.9,1.0,7.7,0.0,0.0,0.0,2,0,0
0,9.8,86,1.3,1.0,7.5,0.0,0.0,0.0,2,0,0
1,10.1,83,1.6,1.0,7.3,0.0,0.0,0.0,2,0,0
2,10.1,83,1.4,1.0,7.3,0.0,0.1,0.0,2,0,0
3,9.6,94,1.3,0.2615,8.6,0.0,2.4,0.0,2,0,0
4,9.5,94,1.2,1.0,8.5,0.0,0.5,0.0,2,0,0
5,9.4,93,1.3,1.0,8.3,0.0,0.0,0.0,2,0,0
6,9.6,87,2.0,1.0,7.5,0.0,0.0,0.0,2,0,0
7,9.8,84,1.3,1.0,7.2,0.04,0.0,0.0,2,0,0
8,10.5,79,1.3,1.0,7.0,0.29,0.0,0.0,2,0,0
9,12.0,71,1.4,1.0,6.8,0.92,0.0,0.0,2,0,0
10,12.9,68,1.3,1.0,7.1,0.97,0.0,0.0,2,0,0
11,14.1,62,1.6,1.0,6.9,1.08,0.0,0.0,2,0,0
12,15.2,57,1.9,1.0,6.7,1.33,0.0,0.0,2,0,0
13,15.9,53,2.1,1.0,6.3,1.54,0.0,0.0,2,0,0
14,16.0,52,1.7,1.0,6.1,1.22,0.0,0.0,2,0,0
15,16.1,52,1.5,1.0,6.2,0.93,0.0,0.0,2,0,0
16,15.5,52,1.7,1.0,5.6,0.7,0.0,0.0,2,0,0
17,15.1,52,1.9,1.0,5.3,0.64,0.0,0.0,2,0,0
18,14.1,43,1.6,1.0,1.6,0.36,0.0,0.0,2,0,0
19,13.3,37,1.2,1.0,-1.1,0.12,0.0,0.0,2,0,0
20,12.6,49,0.8,1.0,2.1,0.0,0.0,0.0,2,0,0
21,11.5,47,1.1,1.0,0.5,0.0,0.0,0.0,2,0,0
22,10.4,43,0.7,1.0,-1.6,0.0,0.0,0.0,2,0,0
23,9.6,44,0.7,1.0,-2.0,0.0,0.0,0.0,2,0,0
0,8.9,55,0.7,1.0,0.3,0.0,0.0,0.0,2,0,0
1,8.4,58,1.1,1.0,0.6,0.0,0.0,0.0,2,0,0
2,7.7,60,0.3,0.9965,0.4,0.0,0.0,0.0,2,0,0
3,7.1,60,0.3,1.0,-0.1,0.0,0.0,0.0,2,0,0
4,6.4,66,0.5,1.0,0.4,0.0,0.0,0.0,2,0,0
5,6.0,63,0.5,0.992,-0.5,0.0,0.0,0.0,2,0,0
6,5.8,55,0.3,1.0,-2.5,0.0,0.0,0.0,2,0,0
7,6.4,51,0.3,0.9815,-3.0,0.27,0.0,0.0,2,0,0
8,8.8,37,0.9,0.9695,-5.1,0.89,0.0,0.0,2,0,0
9,11.7,32,0.8,0.931,-4.4,1.6,0.0,0.0,2,0,0
10,14.8,29,0.6,0.8745,-3.0,2.2,0.0,0.0,2,0,0
11,17.5,25,1.3,0.9215,-2.7,2.74,0.0,0.0,2,0,0
12,19.4,20,1.1,0.8315,-4.1,3.08,0.0,0.0,2,0,0
13,20.8,23,1.7,0.7335,-1.1,3.18,0.0,0.0,2,0,0
14,22.1,22,2.1,0.735,-0.6,3.12,0.0,0.0,2,0,0
15,22.8,21,2.1,0.771,-0.6,2.75,0.0,0.0,2,0,0
16,23.1,19,3.1,0.9355,-1.8,2.26,0.0,0.0,2,0,0
17,22.9,23,2.8,0.9925,0.6,1.64,0.0,0.0,2,0,0
18,21.2,32,3.8,0.9635,3.8,0.94,0.0,0.0,2,0,0
19,18.2,36,3.5,1.0,2.8,0.29,0.0,0.0,2,0,0
20,16.8,29,4.3,0.9855,-1.3,0.01,0.0,0.0,2,0,0
21,15.9,35,1.4,0.9995,0.4,0.0,0.0,0.0,2,0,0
22,15.2,35,1.2,0.9995,-0.1,0.0,0.0,0.0,2,0,0
23,14.0,45,0.6,0.9505,2.2,0.0,0.0,0.0,2,0,0
0,13.1,47,0.3,0.9385,2.0,0.0,0.0,0.0,2,0,0
1,12.4,55,1.0,0.918,3.5,0.0,0.0,0.0,2,0,0
2,11.9,57,1.0,0.8965,3.6,0.0,0.0,0.0,2,0,0
3,11.3,66,1.0,0.753,5.1,0.0,0.0,0.0,2,0,0
4,10.7,70,0.7,0.702,5.4,0.0,0.0,0.0,2,0,0
5,10.2,73,0.8,0.5685,5.5,0.0,0.0,0.0,2,0,0
6,10.0,72,0.8,0.6085,5.1,0.01,0.0,0.0,2,0,0
7,10.7,68,0.8,0.5465,5.0,0.27,0.0,0.0,2,0,0
8,11.7,62,0.6,0.478,4.6,0.62,0.0,0.0,2,0,0
9,14.0,54,1.5,0.527,4.8,1.37,0.0,0.0,2,0,0
10,16.7,47,2.2,0.5735,5.3,2.26,0.0,0.0,2,0,0
11,18.1,42,2.7,0.556,4.9,2.17,0.0,0.0,2,0,0
12,19.6,36,2.2,0.481,4.1,2.55,0.0,0.0,2,0,0
13,20.6,30,2.4,0.524,2.3,2.67,0.0,0.0,2,0,0
14,21.6,28,3.1,0.707,2.2,2.84,0.0,0.0,2,0,0
15,21.9,23,2.6,0.7315,-0.1,2.66,0.0,0.0,2,0,0
16,21.7,23,2.5,0.702,-0.3,1.97,0.0,0.0,2,0,0
17,20.7,30,3.3,0.741,2.4,1.48,0.0,0.0,2,0,0
18,17.4,45,3.1,0.546,5.3,0.75,0.0,0.0,2,0,0
19,15.2,45,3.3,0.569,3.3,0.24,0.0,0.0,2,0,0
20,14.4,50,2.7,0.608,4.0,0.01,0.0,0.0,2,0,0
21,13.4,60,2.2,0.7585,5.7,0.0,0.0,0.0,2,0,0
22,12.7,61,2.2,0.9745,5.3,0.0,0.0,0.0,2,0,0
23,12.1,58,1.9,0.8595,4.0,0.0,0.0,0.0,2,0,0
0,11.8,59,2.4,0.7675,4.0,0.0,0.0,0.0,2,0,0
1,11.5,57,1.8,0.7355,3.2,0.0,0.0,0.0,2,0,0
2,11.2,58,1.4,0.6275,3.2,0.0,0.0,0.0,2,0,0
3,10.7,63,1.1,0.4945,3.9,0.0,0.0,0.0,2,0,0
4,10.2,65,1.5,0.485,3.9,0.0,0.0,0.0,2,0,0
5,9.9,69,1.1,0.404,4.4,0.0,0.0,0.0,2,0,0
6,9.9,66,1.5,0.4655,3.8,0.0,0.0,0.0,2,0,0
7,10.1,63,0.7,0.5815,3.3,0.22,0.0,0.0,2,0,0
8,11.6,58,1.4,0.575,3.6,0.79,0.0,0.0,2,0,0
9,13.2,57,0.8,0.5015,4.8,1.39,0.0,0.0,2,0,0
10,15.3,50,1.0,0.472,4.9,1.97,0.0,0.0,2,0,0
11,17.7,44,1.5,0.4725,5.2,2.51,0.0,0.0,2,0,0
12,19.5,40,1.1,0.5275,5.5,2.89,0.0,0.0,2,0,0
13,21.0,36,1.0,0.582,5.3,2.99,0.0,0.0,2,0,0
14,22.2,32,2.8,0.562,4.7,2.91,0.0,0.0,2,0,0
15,22.7,29,1.6,0.6115,3.7,2.66,0.0,0.0,2,0,0
16,23.2,33,2.4,0.4345,6.0,2.12,0.0,0.0,2,0,0
17,21.8,41,3.0,0.331,7.9,1.44,0.0,0.0,2,0,0
18,20.3,47,2.5,0.3525,8.6,0.77,0.0,0.0,2,0,0
19,18.7,53,2.7,0.3765,8.9,0.24,0.0,0.0,2,0,0
20,16.9,41,3.1,0.53,3.5,0.0,0.0,0.0,2,0,0
21,15.7,51,1.9,0.403,5.5,0.0,0.0,0.0,2,0,0
22,14.7,63,1.4,0.277,7.7,0.0,0.0,0.0,2,0,0
23,14.0,66,1.2,0.2595,7.7,0.0,0.0,0.0,2,0,0
0,13.3,70,1.6,0.2365,7.9,0.0,0.0,0.0,2,0,1
1,12.7,74,1.8,0.196,8.1,0.0,0.0,0.0,2,0,1
2,12.0,76,1.0,0.1815,7.8,0.0,0.0,0.0,2,0,1
3,11.6,76,1.0,0.182,7.5,0.0,0.0,0.0,2,0,1
4,11.4,78,1.8,0.181,7.6,0.0,0.0,0.0,2,0,1
5,10.9,81,1.7,0.174,7.7,0.0,0.0,0.0,2,0,1
6,10.6,84,1.1,0.142,8.0,0.0,0.0,0.0,2,0,1
7,10.8,78,0.5,0.1675,7.1,0.26,0.0,0.0,2,0,1
8,12.7,67,0.6,0.189,6.7,0.86,0.0,0.0,2,0,1
9,15.1,56,1.7,0.2465,6.3,1.57,0.0,0.0,2,0,1
10,17.4,46,1.8,0.367,5.6,2.27,0.0,0.0,2,0,1
11,19.0,30,3.0,0.8595,1.0,2.84,0.0,0.0,2,0,1
12,20.5,31,2.5,0.7425,2.7,3.18,0.0,0.0,2,0,1
13,21.2,31,2.8,0.6475,3.3,3.25,0.0,0.0,2,0,1
14,21.3,25,3.8,0.942,0.4,3.22,0.0,0.0,2,0,1
15,21.1,25,4.1,0.9425,0.2,2.96,0.0,0.0,2,0,1
16,20.4,25,4.7,0.995,-0.3,2.45,0.0,0.0,2,0,1
17,20.1,29,3.3,0.92,1.4,1.78,0.0,0.0,2,0,1
18,18.9,30,2.6,0.9975,0.9,1.05,0.0,0.0,2,0,1
19,16.9,33,1.3,0.9825,0.5,0.34,0.0,0.0,2,0,1
20,15.1,34,2.2,0.9905,-0.6,0.01,0.0,0.0,2,0,1
21,13.9,37,1.1,0.8755,-0.5,0.0,0.0,0.0,2,0,1
22,13.0,45,1.6,0.8565,1.3,0.0,0.0,0.0,2,0,1
23,12.3,51,1.0,0.824,2.4,0.0,0.0,0.0,2,0,1
0,11.7,53,1.4,0.81,2.4,0.0,0.0,0.0,2,0,1
1,11.2,57,1.6,0.7665,2.9,0.0,0.0,0.0,2,0,1
2,10.9,56,1.2,0.73,2.4,0.0,0.0,0.0,2,0,1
3,10.6,60,1.0,0.5815,3.1,0.0,0.0,0.0,2,0,1
4,10.3,63,0.7,0.6385,3.5,0.0,0.0,0.0,2,0,1
5,9.7,63,1.1,0.652,2.9,0.0,0.0,0.0,2,0,1
6,9.5,65,1.0,0.6625,3.2,0.01,0.0,0.0,2,0,1
7,9.9,59,0.7,0.8535,2.2,0.25,0.0,0.0,2,0,1
8,12.2,50,0.8,0.706,2.0,0.84,0.0,0.0,2,0,1
9,14.9,39,0.9,0.677,1.0,1.56,0.0,0.0,2,0,1
10,17.5,35,1.8,0.785,1.8,2.26,0.0,0.0,2,0,1
11,19.6,28,2.0,0.8475,0.5,2.79,0.0,0.0,2,0,1
12,20.5,31,2.6,0.6495,2.7,2.79,0.0,0.0,2,0,1
13,21.9,27,2.2,0.5275,2.0,3.35,0.0,0.0,2,0,1
14,21.6,28,3.3,0.586,2.2,2.93,0.0,0.0,2,0,1
15,22.8,24,3.3,0.569,1.1,2.79,0.0,0.0,2,0,1
16,22.2,23,3.7,0.5915,0.0,2.28,0.0,0.0,2,0,1
17,21.9,28,3.1,0.5115,2.5,1.6,0.0,0.0,2,0,1
18,20.1,28,3.2,0.557,1.0,0.89,0.0,0.0,2,0,1
19,18.1,38,2.8,0.466,3.5,0.16,0.0,0.0,2,0,1
20,16.9,42,2.7,0.471,3.8,0.0,0.0,0.0,2,0,1
21,16.1,44,1.2,0.4565,3.8,0.0,0.0,0.0,2,0,1
22,15.6,43,2.3,0.508,3.0,0.0,0.0,0.0,2,0,1
23,15.2,51,1.0,0.429,5.1,0.0,0.0,0.0,2,0,1
0,14.7,54,1.3,0.359,5.4,0.0,0.0,0.0,2,0,0
1,14.4,60,1.7,0.29,6.7,0.0,0.0,0.0,2,0,0
2,14.1,62,1.2,0.251,6.9,0.0,0.0,0.0,2,0,0
3,14.3,61,1.0,0.2375,6.8,0.0,0.0,0.0,2,0,0
4,14.6,57,1.2,0.2475,6.1,0.0,0.0,0.0,2,0,0
5,14.8,63,0.7,0.246,7.8,0.0,0.0,0.0,2,0,0
6,14.9,64,0.5,0.212,8.1,0.0,0.0,0.0,2,0,0
7,15.1,78,1.5,0.177,11.2,0.06,0.0,0.0,2,0,0
8,15.8,73,0.5,0.1785,10.9,0.39,0.0,0.0,2,0,0
9,17.5,65,1.0,0.208,10.8,1.0,0.0,0.0,2,0,0
10,19.5,54,1.1,0.2255,9.9,1.88,0.0,0.0,2,0,0
11,20.3,52,0.9,0.234,10.1,1.96,0.0,0.0,2,0,0
12,22.2,50,2.0,0.282,11.2,2.65,0.0,0.0,2,0,0
13,23.3,45,1.8,0.342,10.6,2.96,0.0,0.0,2,0,0
14,24.0,47,2.3,0.26,11.9,2.87,0.0,0.0,2,0,0
15,24.1,48,2.7,0.2095,12.3,2.47,0.0,0.0,2,0,0
16,24.8,45,1.8,0.2745,12.0,2.05,0.0,0.0,2,0,0
17,24.0,53,3.5,0.268,13.8,1.39,0.0,0.0,2,0,0
18,23.0,54,2.9,0.3395,13.1,0.81,0.0,0.0,2,0,0
19,21.2,65,2.9,0.2795,14.3,0.25,0.0,0.0,2,0,0
20,20.0,69,2.4,0.2665,14.1,0.0,0.0,0.0,2,0,0
21,19.1,73,1.2,0.2065,14.1,0.0,0.0,0.0,2,0,0
22,18.4,78,1.6,0.1885,14.4,0.0,0.0,0.0,2,0,0
23,17.9,79,0.4,0.1615,14.1,0.0,0.0,0.0,2,0,0
0,18.3,78,0.8,0.1745,14.3,0.0,0.0,0.0,2,1,0
1,18.3,83,1.1,0.2255,15.3,0.0,0.0,0.0,2,1,0
2,18.2,85,0.8,0.1775,15.6,0.0,0.0,0.0,2,1,0
3,18.1,85,1.0,0.142,15.5,0.0,0.0,0.0,2,1,0
4,18.0,85,0.3,0.1375,15.4,0.0,0.0,0.0,2,1,0
5,18.0,85,0.8,0.173,15.4,0.0,0.0,0.0,2,1,0
6,17.8,85,0.6,0.1325,15.2,0.0,0.0,0.0,2,1,0
7,18.0,82,0.7,0.132,14.8,0.11,0.0,0.0,2,1,0
8,18.8,76,0.6,0.1505,14.4,0.36,0.0,0.0,2,1,0
9,20.7,67,1.1,0.232,14.3,1.3,0.0,0.0,2,1,0
10,22.2,61,1.2,0.2655,14.3,1.72,0.0,0.0,2,1,0
11,22.7,63,1.1,0.3025,15.2,1.36,0.0,0.0,2,1,0
12,22.1,67,2.7,0.231,15.6,0.81,0.0,0.0,2,1,0
13,23.0,63,3.1,0.247,15.5,1.92,0.0,0.0,2,1,0
14,23.0,64,2.8,0.26,15.8,1.59,0.0,0.0,2,1,0
15,23.1,61,2.5,0.278,15.1,1.5,0.0,0.0,2,1,0
16,22.6,63,3.1,0.2755,15.1,0.88,0.0,0.0,2,1,0
17,22.0,65,2.4,0.2945,15.1,0.47,0.0,0.0,2,1,0
18,21.6,67,2.0,0.292,15.2,0.24,0.0,0.0,2,1,0
19,21.2,68,1.5,0.305,15.0,0.16,0.0,0.0,2,1,0
20,20.6,72,1.3,0.2935,15.3,0.0,0.0,0.0,2,1,0
21,20.2,74,1.3,0.277,15.4,0.0,0.0,0.0,2,1,0
22,19.9,75,0.8,0.258,15.3,0.0,0.0,0.0,2,1,0
23,19.8,73,0.9,0.221,14.8,0.0,0.0,0.0,2,1,0
0,19.7,76,0.5,0.193,15.3,0.0,0.0,0.0,2,0,0
1,19.6,75,2.1,0.196,15.0,0.0,0.0,0.0,2,0,0
2,19.0,80,1.6,0.173,15.4,0.0,0.0,0.0,2,0,0
3,18.5,82,0.8,0.171,15.3,0.0,0.0,0.0,2,0,0
4,18.4,81,0.4,0.15,15.0,0.0,0.0,0.0,2,0,0
5,18.4,87,0.8,0.1045,16.1,0.0,0.4,0.0,2,0,0
6,17.9,93,0.9,0.101,16.7,0.0,0.1,0.0,2,0,0
7,17.6,94,0.5,0.083,16.6,0.0,1.0,0.0,2,0,0
8,17.5,94,0.9,0.1015,16.5,0.06,0.0,0.0,2,0,0
9,17.4,94,0.7,0.115,16.4,0.16,0.0,0.0,2,0,0
10,17.7,88,1.1,0.161,15.6,0.36,0.0,0.0,2,0,0
11,18.0,85,1.1,0.2055,15.4,0.45,0.0,0.0,2,0,0
12,17.3,95,0.7,0.0775,16.4,0.16,3.5,0.0,2,0,0
13,17.2,96,0.9,0.1375,16.5,0.26,4.0,0.0,2,0,0
14,17.5,94,0.3,0.218,16.5,0.35,0.0,0.0,2,0,0
15,17.0,90,3.7,0.108,15.3,0.26,0.0,0.0,2,0,0
16,15.4,95,4.7,0.189,14.5,0.11,0.5,0.0,2,0,0
17,13.9,94,2.6,0.1515,12.9,0.21,0.0,0.0,2,0,0
18,13.6,89,2.3,0.319,11.8,0.09,0.0,0.0,2,0,0
19,12.6,93,3.9,0.4155,11.4,0.0,0.0,0.0,2,0,0
20,11.1,91,4.0,0.358,9.6,0.0,0.5,0.0,2,0,0
21,10.5,94,2.8,0.8135,9.5,0.0,1.0,0.0,2,0,0
22,10.4,85,3.7,0.8355,7.9,0.0,0.0,0.0,2,0,0
23,9.5,90,3.6,0.5085,7.9,0.0,1.0,0.0,2,0,0
0,8.7,86,3.1,1.0,6.4,0.0,0.0,0.0,2,0,0
1,7.9,86,2.1,1.0,5.6,0.0,0.0,0.0,2,0,0
2,7.3,86,1.7,1.0,5.1,0.0,0.0,0.0,2,0,0
3,7.0,86,1.2,1.0,4.8,0.0,0.0,0.0,2,0,0
4,7.0,87,1.3,1.0,4.9,0.0,0.0,0.0,2,0,0
5,7.0,85,0.8,1.0,4.6,0.0,0.0,0.0,2,0,0
6,7.9,86,2.0,0.535,5.6,0.01,0.0,0.0,2,0,0
7,8.4,83,1.4,0.7,5.6,0.31,0.0,0.0,2,0,0
8,10.5,67,2.3,0.6105,4.6,0.98,0.0,0.0,2,0,0
9,12.8,52,3.9,0.807,3.1,1.65,0.0,0.0,2,0,0
10,13.8,47,4.8,0.7805,2.6,1.64,0.0,0.0,2,0,0
11,14.7,45,3.0,0.8995,2.8,1.68,0.0,0.0,2,0,0
12,14.1,59,3.9,0.935,6.1,1.12,0.0,0.0,2,0,0
13,13.4,56,3.7,0.8465,4.7,0.82,0.1,0.0,2,0,0
14,12.7,75,3.8,0.755,8.3,0.88,0.4,0.0,2,0,0
15,12.2,56,4.8,1.0,3.6,0.57,0.5,0.0,2,0,0
16,12.8,53,3.3,1.0,3.4,0.76,0.0,0.0,2,0,0
17,13.2,49,4.2,0.9995,2.7,0.69,0.0,0.0,2,0,0
18,13.4,49,2.4,0.991,2.8,0.6,0.0,0.0,2,0,0
19,13.3,49,3.6,0.9595,2.7,0.45,0.0,0.0,2,0,0
20,12.6,47,3.2,0.9675,1.5,0.02,0.0,0.0,2,0,0
21,11.9,48,1.9,0.959,1.2,0.0,0.0,0.0,2,0,0
22,11.2,60,2.3,0.842,3.7,0.0,0.0,0.0,2,0,0
23,10.6,62,2.1,0.847,3.6,0.0,0.0,0.0,2,0,0
0,10.0,63,2.1,0.8265,3.2,0.0,0.0,0.0,2,0,0
1,9.7,63,2.1,0.805,2.9,0.0,0.0,0.0,2,0,0
2,9.6,65,1.5,0.827,3.3,0.0,0.0,0.0,2,0,0
3,9.6,66,0.9,0.8425,3.5,0.0,0.0,0.0,2,0,0
4,9.5,66,1.1,0.8685,3.4,0.0,0.0,0.0,2,0,0
5,9.2,63,0.8,0.948,2.5,0.0,0.0,0.0,2,0,0
6,9.0,57,1.7,0.9515,0.9,0.0,0.0,0.0,2,0,0
7,9.5,55,2.1,0.956,0.8,0.32,0.0,0.0,2,0,0
8,11.3,46,1.2,0.894,0.0,1.04,0.0,0.0,2,0,0
9,14.1,42,1.9,0.9465,1.3,1.78,0.0,0.0,2,0,0
10,16.1,37,2.9,0.8145,1.3,2.4,0.0,0.0,2,0,0
11,17.2,35,3.6,0.8655,1.5,2.93,0.0,0.0,2,0,0
12,17.9,32,4.6,0.937,0.9,3.28,0.0,0.0,2,0,0
13,18.9,30,3.8,0.927,0.9,3.39,0.0,0.0,2,0,0
14,18.8,31,4.9,0.97,1.2,3.31,0.0,0.0,2,0,0
15,19.9,26,3.8,0.949,-0.1,3.0,0.0,0.0,2,0,0
16,18.6,30,5.1,0.9455,0.6,2.49,0.0,0.0,2,0,0
17,18.1,30,4.6,0.9625,0.2,1.86,0.0,0.0,2,0,0
18,17.1,35,3.4,0.9805,1.4,1.11,0.0,0.0,2,0,0
19,15.5,46,2.6,0.891,3.9,0.34,0.0,0.0,2,0,0
20,14.1,46,3.4,0.97,2.6,0.01,0.0,0.0,2,0,0
21,13.3,47,1.9,0.9025,2.2,0.0,0.0,0.0,2,0,0
22,12.7,55,2.0,0.8875,3.8,0.0,0.0,0.0,2,0,0
23,12.4,58,2.5,0.9215,4.3,0.0,0.0,0.0,2,0,0
0,12.2,59,1.2,0.859,4.4,0.0,0.0,0.0,2,0,1
1,12.1,54,1.3,0.91,3.0,0.0,0.0,0.0,2,0,1
2,12.1,53,1.1,0.974,2.7,0.0,0.0,0.0,2,0,1
3,11.6,53,1.1,0.952,2.3,0.0,0.0,0.0,2,0,1
4,12.1,51,1.6,0.9695,2.2,0.0,0.0,0.0,2,0,1
5,12.2,52,2.3,0.9805,2.6,0.0,0.0,0.0,2,0,1
6,12.3,55,2.1,0.986,3.5,0.02,0.0,0.0,2,0,1
7,12.9,55,2.3,0.976,4.0,0.29,0.0,0.0,2,0,1
8,14.4,51,2.3,0.9535,4.3,0.92,0.0,0.0,2,0,1
9,16.1,50,2.6,0.814,5.6,1.52,0.0,0.0,2,0,1
10,18.1,46,2.9,0.8775,6.2,2.17,0.0,0.0,2,0,1
11,20.2,41,3.1,0.8945,6.5,2.56,0.0,0.0,2,0,1
12,21.9,35,3.4,0.793,5.7,2.74,0.0,0.0,2,0,1
13,22.7,35,3.4,0.897,6.4,2.51,0.0,0.0,2,0,1
14,23.6,34,3.3,0.9145,6.8,2.57,0.0,0.0,2,0,1
15,23.8,29,4.7,0.938,4.6,2.72,0.0,0.0,2,0,1
16,23.2,30,4.5,0.8935,4.6,1.49,0.0,0.0,2,0,1
17,23.6,29,3.9,0.974,4.5,1.68,0.0,0.0,2,0,1
18,22.5,31,3.4,0.9765,4.5,0.79,0.0,0.0,2,0,1
19,20.7,47,3.5,0.976,8.9,0.28,0.0,0.0,2,0,1
20,19.7,53,2.0,0.9205,9.8,0.0,0.0,0.0,2,0,1
21,19.3,57,3.1,0.962,10.5,0.0,0.0,0.0,2,0,1
22,19.1,61,2.7,0.915,11.3,0.0,0.0,0.0,2,0,1
23,19.1,62,3.6,0.8785,11.6,0.0,0.0,0.0,2,0,1
0,18.7,64,3.3,0.827,11.7,0.0,0.0,0.0,2,0,1
1,18.2,71,1.6,0.664,12.8,0.0,0.0,0.0,2,0,1
2,17.3,82,2.1,0.384,14.1,0.0,0.5,0.0,2,0,1
3,16.2,94,1.7,0.2,15.2,0.0,1.5,0.0,2,0,1
4,15.8,93,0.4,0.134,14.6,0.0,1.5,0.0,2,0,1
5,15.4,96,0.3,0.104,14.7,0.0,2.0,0.0,2,0,1
6,15.1,97,0.3,0.1125,14.6,0.0,3.0,0.0,2,0,1
7,15.1,97,0.5,0.1555,14.6,0.03,2.5,0.0,2,0,1
8,15.2,97,1.0,0.207,14.7,0.08,2.0,0.0,2,0,1
9,15.4,97,0.8,0.2065,14.9,0.18,1.0,0.0,2,0,1
10,15.4,97,0.6,0.187,14.9,0.38,1.5,0.0,2,0,1
11,15.5,97,0.8,0.2295,15.0,0.4,3.5,0.0,2,0,1
12,15.7,96,1.1,0.284,15.0,0.5,3.0,0.0,2,0,1
13,16.4,94,0.9,0.9735,15.4,0.78,0.0,0.0,2,0,1
14,17.2,85,1.3,1.0,14.6,0.94,0.0,0.0,2,0,1
15,17.8,77,1.6,1.0,13.7,1.13,0.0,0.0,2,0,1
16,19.5,66,1.7,1.0,12.9,1.71,0.0,0.0,2,0,1
17,20.2,62,1.1,1.0,12.6,1.74,0.0,0.0,2,0,1
18,20.2,66,1.0,1.0,13.6,1.1,0.0,0.0,2,0,1
19,19.0,70,0.7,1.0,13.3,0.33,0.0,0.0,2,0,1
20,17.6,77,1.2,1.0,13.5,0.01,0.0,0.0,2,0,1
21,16.8,79,0.6,1.0,13.1,0.0,0.0,0.0,2,0,1
22,16.4,80,1.2,1.0,12.9,0.0,0.0,0.0,2,0,1
23,15.9,83,0.6,1.0,13.0,0.0,0.0,0.0,2,0,1
0,15.5,85,0.9,1.0,12.9,0.0,0.0,0.0,2,0,0
1,15.1,84,0.3,0.929,12.4,0.0,0.0,0.0,2,0,0
2,14.8,85,0.4,0.9155,12.2,0.0,0.0,0.0,2,0,0
3,14.7,82,0.8,0.911,11.6,0.0,0.0,0.0,2,0,0
4,14.4,85,0.8,0.7185,11.9,0.0,0.0,0.0,2,0,0
5,14.2,85,0.5,0.706,11.7,0.0,0.0,0.0,2,0,0
6,14.0,87,0.8,0.667,11.8,0.01,0.0,0.0,2,0,0
7,14.2,81,0.3,0.9955,10.9,0.13,0.0,0.0,2,0,0
8,14.8,80,0.3,0.9605,11.3,0.31,0.0,0.0,2,0,0
9,15.9,72,0.5,0.9175,10.8,0.67,0.0,0.0,2,0,0
10,17.5,63,0.6,0.958,10.3,0.96,0.0,0.0,2,0,0
11,20.2,45,1.1,0.947,7.8,2.33,0.0,0.0,2,0,0
12,22.9,35,0.8,0.974,6.6,3.05,0.0,0.0,2,0,0
13,23.7,44,1.7,0.9485,10.7,2.35,0.0,0.0,2,0,0
14,24.1,42,1.2,0.885,10.3,1.93,0.0,0.0,2,0,0
15,24.6,38,2.1,0.739,9.3,1.85,0.0,0.0,2,0,0
16,24.5,38,2.2,0.9515,9.2,1.1,0.0,0.0,2,0,0
17,25.5,31,2.3,0.987,7.1,1.5,0.0,0.0,2,0,0
18,25.1,32,2.4,0.9495,7.2,1.1,0.0,0.0,2,0,0
19,23.5,48,1.5,0.9645,11.8,0.4,0.0,0.0,2,0,0
20,20.9,61,2.7,0.7615,13.0,0.01,0.0,0.0,2,0,0
21,19.6,64,1.5,0.6485,12.5,0.0,0.0,0.0,2,0,0
22,18.6,69,1.7,0.5235,12.7,0.0,0.0,0.0,2,0,0
23,17.5,69,1.5,0.489,11.7,0.0,0.0,0.0,2,0,0
0,16.4,72,0.8,0.523,11.3,0.0,0.0,0.0,2,0,0
1,16.0,64,1.0,0.8,9.1,0.0,0.0,0.0,2,0,0
2,15.5,65,1.3,0.9765,8.9,0.0,0.0,0.0,2,0,0
3,15.6,63,1.7,1.0,8.5,0.0,0.0,0.0,2,0,0
4,15.4,63,1.6,1.0,8.3,0.0,0.0,0.0,2,0,0
5,15.0,64,1.6,1.0,8.2,0.0,0.0,0.0,2,0,0
6,14.8,64,1.5,1.0,8.0,0.02,0.0,0.0,2,0,0
7,15.3,60,2.0,1.0,7.5,0.35,0.0,0.0,2,0,0
8,16.9,54,1.7,1.0,7.5,1.08,0.0,0.0,2,0,0
9,18.5,51,1.4,0.9775,8.1,1.74,0.0,0.0,2,0,0
10,20.0,48,1.9,1.0,8.6,2.46,0.0,0.0,2,0,0
11,21.0,45,1.6,1.0,8.6,2.89,0.0,0.0,2,0,0
12,21.5,44,2.1,0.993,8.7,3.15,0.0,0.0,2,0,0
13,21.7,44,2.1,1.0,8.9,2.46,0.0,0.0,2,0,0
14,22.2,42,1.7,1.0,8.6,2.29,0.0,0.0,2,0,0
15,22.4,39,1.9,1.0,7.7,2.16,0.0,0.0,2,0,0
16,22.0,41,1.7,1.0,8.1,2.04,0.0,0.0,2,0,0
17,21.7,38,2.0,1.0,6.7,1.17,0.0,0.0,2,0,0
18,20.7,40,1.4,1.0,6.6,1.06,0.0,0.0,2,0,0
19,17.9,42,2.1,1.0,4.7,0.37,0.0,0.0,2,0,0
20,15.8,47,1.8,1.0,4.4,0.01,0.0,0.0,2,0,0
21,14.5,49,1.9,1.0,3.8,0.0,0.0,0.0,2,0,0
22,13.2,54,2.2,1.0,4.0,0.0,0.0,0.0,2,0,0
23,12.2,57,1.9,1.0,3.9,0.0,0.0,0.0,2,0,0
0,11.6,57,1.9,1.0,3.3,0.0,0.0,0.0,2,0,0
1,11.3,58,1.3,1.0,3.3,0.0,0.0,0.0,2,0,0
2,10.9,59,1.1,1.0,3.1,0.0,0.0,0.0,2,0,0
3,10.5,59,1.0,1.0,2.8,0.0,0.0,0.0,2,0,0
4,10.0,64,1.5,1.0,3.4,0.0,0.0,0.0,2,0,0
5,9.5,65,0.9,1.0,3.2,0.0,0.0,0.0,2,0,0
6,9.2,64,1.0,1.0,2.7,0.02,0.0,0.0,2,0,0
7,10.0,59,1.1,1.0,2.3,0.36,0.0,0.0,2,0,0
8,12.3,53,1.6,1.0,2.9,1.09,0.0,0.0,2,0,0
9,14.4,46,1.2,0.9495,2.9,1.77,0.0,0.0,2,0,0
10,16.1,43,1.4,0.9925,3.5,2.41,0.0,0.0,2,0,0
11,17.6,40,1.4,0.9775,3.8,2.88,0.0,0.0,2,0,0
12,18.7,39,1.9,0.9625,4.4,3.21,0.0,0.0,2,0,0
13,20.1,36,1.1,0.9665,4.5,3.34,0.0,0.0,2,0,0
14,20.7,36,2.2,0.894,5.0,3.1,0.0,0.0,2,0,0
15,21.2,35,2.9,0.8665,5.1,2.88,0.0,0.0,2,0,0
16,21.4,35,2.7,0.919,5.2,2.38,0.0,0.0,2,0,0
17,21.3,34,2.7,0.9835,4.7,1.82,0.0,0.0,2,0,0
18,20.6,41,2.3,1.0,6.8,1.1,0.0,0.0,2,0,0
19,18.8,47,2.8,0.994,7.2,0.4,0.0,0.0,2,0,0
20,17.3,53,1.9,1.0,7.6,0.01,0.0,0.0,2,0,0
21,16.4,56,0.8,1.0,7.5,0.0,0.0,0.0,2,0,0
22,15.9,60,2.6,1.0,8.1,0.0,0.0,0.0,2,0,0
23,15.2,62,1.4,1.0,7.9,0.0,0.0,0.0,2,0,0
0,14.5,63,0.9,1.0,7.5,0.0,0.0,0.0,2,0,0
1,13.9,66,1.0,0.98,7.6,0.0,0.0,0.0,2,0,0
2,13.1,73,1.9,0.9475,8.3,0.0,0.0,0.0,2,0,0
3,12.9,74,1.7,0.849,8.3,0.0,0.0,0.0,2,0,0
4,12.0,79,0.6,0.6755,8.4,0.0,0.0,0.0,2,0,0
5,11.5,80,0.9,0.487,8.1,0.0,0.0,0.0,2,0,0
6,11.4,80,1.0,0.4425,8.0,0.02,0.0,0.0,2,0,0
7,12.1,71,1.6,0.438,6.9,0.34,0.0,0.0,2,0,0
8,13.5,63,2.2,0.6055,6.5,1.01,0.0,0.0,2,0,0
9,15.5,55,1.7,0.659,6.4,1.76,0.0,0.0,2,0,0
10,17.3,52,2.3,0.6175,7.3,2.38,0.0,0.0,2,0,0
11,18.3,51,3.1,0.5075,7.9,2.84,0.0,0.0,2,0,0
12,19.8,49,2.3,0.66,8.7,3.17,0.0,0.0,2,0,0
13,20.7,46,2.9,0.539,8.6,3.26,0.0,0.0,2,0,0
14,21.2,47,3.7,0.571,9.4,3.22,0.0,0.0,2,0,0
15,20.4,51,4.0,0.473,9.9,2.87,0.0,0.0,2,0,0
16,19.6,54,3.9,0.577,10.0,2.41,0.0,0.0,2,0,0
17,19.2,54,3.4,0.5375,9.6,1.83,0.0,0.0,2,0,0
18,18.0,61,3.5,0.395,10.3,1.05,0.0,0.0,2,0,0
19,15.5,74,3.6,0.3375,10.8,0.35,0.0,0.0,2,0,0
20,13.6,82,2.1,0.26,10.5,0.02,0.0,0.0,2,0,0
21,12.6,85,2.4,0.23,10.1,0.0,0.0,0.0,2,0,0
22,12.3,85,2.3,0.226,9.8,0.0,0.0,0.0,2,0,0
23,12.4,85,1.1,0.1845,9.9,0.0,0.0,0.0,2,0,0
0,12.5,84,1.5,0.167,9.8,0.0,0.0,0.0,2,0,0
1,12.4,84,1.8,0.1435,9.7,0.0,0.0,0.0,2,0,0
2,12.1,85,1.4,0.1605,9.6,0.0,0.0,0.0,2,0,0
3,12.0,86,0.9,0.1485,9.7,0.0,0.0,0.0,2,0,0
4,11.9,85,0.7,0.1575,9.4,0.0,0.0,0.0,2,0,0
5,11.9,84,1.5,0.179,9.2,0.0,0.0,0.0,2,0,0
6,12.0,83,0.4,0.1605,9.1,0.01,0.0,0.0,2,0,0
7,12.4,82,1.0,0.157,9.4,0.1,0.0,0.0,2,0,0
8,13.1,78,1.2,0.165,9.3,0.41,0.0,0.0,2,0,0
9,14.3,72,0.7,0.171,9.3,0.84,0.0,0.0,2,0,0
10,16.4,64,2.4,0.2115,9.5,2.05,0.0,0.0,2,0,0
11,18.3,56,1.4,0.2595,9.3,2.53,0.0,0.0,2,0,0
12,20.0,47,1.4,0.3425,8.3,3.08,0.0,0.0,2,0,0
13,20.8,45,2.8,0.344,8.4,3.17,0.0,0.0,2,0,0
14,21.0,47,2.2,0.303,9.2,2.52,0.0,0.0,2,0,0
15,19.9,47,3.3,0.242,8.2,1.83,0.0,0.0,2,0,0
16,19.1,54,3.2,0.271,9.5,0.94,0.0,0.0,2,0,0
17,18.9,45,2.6,0.542,6.6,0.8,0.0,0.0,2,0,0
18,17.9,37,3.1,0.9095,2.9,0.36,0.0,0.0,2,0,0
19,17.1,51,2.5,0.6115,6.8,0.06,0.0,0.0,2,0,0
20,16.7,52,0.9,0.664,6.7,0.0,0.0,0.0,2,0,0
21,16.4,52,1.5,0.6365,6.5,0.0,0.0,0.0,2,0,0
22,16.2,54,1.1,0.6635,6.8,0.0,0.0,0.0,2,0,0
23,16.2,50,1.6,0.6635,5.7,0.0,0.0,0.0,2,0,0
0,16.1,54,1.3,0.526,6.7,0.0,0.0,0.0,2,0,1
1,15.9,51,1.8,0.433,5.7,0.0,0.0,0.0,2,0,1
2,15.5,62,1.0,0.365,8.2,0.0,0.0,0.0,2,0,1
3,15.2,63,0.5,0.35,8.1,0.0,0.0,0.0,2,0,1
4,15.0,61,0.8,0.4335,7.5,0.0,0.0,0.0,2,0,1
5,15.0,61,1.2,0.4515,7.5,0.0,0.0,0.0,2,0,1
6,14.4,71,1.3,0.28,9.2,0.0,0.4,0.0,2,0,1
7,13.3,81,1.5,0.2625,10.1,0.04,0.1,0.0,2,0,1
8,12.0,87,1.0,0.148,9.8,0.1,1.0,0.0,2,0,1
9,11.8,95,1.0,0.084,11.0,0.14,3.0,0.0,2,0,1
10,11.8,96,1.3,0.1105,11.1,0.12,2.5,0.0,2,0,1
11,12.0,96,1.0,0.092,11.3,0.14,3.5,0.0,2,0,1
12,12.3,97,0.8,0.119,11.8,0.14,2.0,0.0,2,0,1
13,12.6,97,0.6,0.1635,12.1,0.14,3.0,0.0,2,0,1
14,13.0,97,0.8,0.1055,12.5,0.15,2.0,0.0,2,0,1
15,13.3,97,0.8,0.097,12.8,0.12,3.0,0.0,2,0,1
16,13.8,97,0.7,0.098,13.3,0.12,1.5,0.0,2,0,1
17,14.3,98,0.7,0.135,13.9,0.08,1.5,0.0,2,0,1
18,15.4,97,1.9,0.17,14.9,0.03,2.0,0.0,2,0,1
19,15.5,97,0.7,0.2015,15.0,0.0,2.0,0.0,2,0,1
20,15.7,97,0.3,0.1715,15.2,0.0,1.0,0.0,2,0,1
21,15.8,97,0.6,0.0965,15.3,0.0,0.5,0.0,2,0,1
22,15.8,98,0.4,0.0895,15.4,0.0,1.5,0.0,2,0,1
23,15.8,98,1.6,0.1175,15.4,0.0,1.0,0.0,2,0,1
0,15.5,97,1.5,0.0905,15.0,0.0,0.5,0.0,2,0,1
1,15.1,97,1.7,0.0865,14.6,0.0,0.2,0.0,2,0,1
2,14.5,97,2.9,0.1795,14.0,0.0,0.1,0.0,2,0,1
3,14.2,98,1.5,0.0675,13.8,0.0,0.2,0.0,2,0,1
4,13.8,98,2.9,0.0135,13.4,0.0,0.0,0.0,2,0,1
5,13.5,98,0.8,0.0525,13.1,0.0,0.0,0.0,2,0,1
6,13.5,98,0.4,0.1255,13.1,0.01,0.0,0.0,2,0,1
7,13.7,98,1.6,0.234,13.3,0.1,0.0,0.0,2,0,1
8,14.1,98,1.3,0.417,13.7,0.26,0.0,0.0,2,0,1
9,14.8,95,1.0,0.493,14.0,0.53,0.0,0.0,2,0,1
10,15.2,88,2.2,0.545,13.2,0.55,0.0,0.0,2,0,1
11,16.4,78,1.6,0.6045,12.5,1.37,0.0,0.0,2,0,1
12,18.3,65,1.2,0.7445,11.5,2.4,0.0,0.0,2,0,1
13,19.1,65,1.9,0.5725,12.3,2.26,0.0,0.0,2,0,1
14,19.7,64,2.9,0.4645,12.6,1.99,0.0,0.0,2,0,1
15,19.7,63,2.5,0.4705,12.4,2.01,0.0,0.0,2,0,1
16,19.5,65,2.9,0.4285,12.7,1.97,0.0,0.0,2,0,1
17,19.4,63,2.6,0.5495,12.1,1.61,0.0,0.0,2,0,1
18,19.0,66,1.3,0.5555,12.4,0.95,0.0,0.0,2,0,1
19,17.6,73,2.0,0.443,12.6,0.34,0.0,0.0,2,0,1
20,15.6,81,2.3,0.4135,12.3,0.02,0.0,0.0,2,0,1
21,14.1,86,0.9,0.2675,11.7,0.0,0.0,0.0,2,0,1
22,13.5,87,2.2,0.2165,11.3,0.0,0.0,0.0,2,0,1
23,13.0,89,1.3,0.163,11.2,0.0,0.0,0.0,2,0,1
0,12.7,89,1.2,0.17,10.9,0.0,0.0,0.0,2,0,0
1,12.4,94,1.3,0.1535,11.4,0.0,0.0,0.0,2,0,0
2,12.1,94,1.6,0.0955,11.1,0.0,0.0,0.0,2,0,0
3,11.9,95,1.5,0.09,11.1,0.0,0.0,0.0,2,0,0
4,11.9,94,1.3,0.105,10.9,0.0,0.0,0.0,2,0,0
5,11.9,93,0.8,0.1205,10.7,0.0,0.0,0.0,2,0,0
6,12.1,89,0.3,0.126,10.3,0.02,0.0,0.0,2,0,0
7,12.6,85,0.4,0.146,10.1,0.23,0.0,0.0,2,0,0
8,13.8,79,0.9,0.1565,10.2,0.44,0.0,0.0,2,0,0
9,15.1,74,0.6,0.2185,10.4,0.76,0.0,0.0,2,0,0
10,16.6,67,0.9,0.2395,10.4,1.23,0.0,0.0,2,0,0
11,18.5,65,1.4,0.2315,11.7,2.07,0.0,0.0,2,0,0
12,20.0,62,1.8,0.214,12.4,2.38,0.0,0.0,2,0,0
13,21.8,59,1.9,0.202,13.4,2.74,0.0,0.0,2,0,0
14,23.1,56,1.6,0.1955,13.8,2.67,0.0,0.0,2,0,0
15,24.0,59,1.6,0.1765,15.4,2.24,0.0,0.0,2,0,0
16,24.3,54,2.6,0.173,14.3,1.81,0.0,0.0,2,0,0
17,24.4,51,1.9,0.233,13.5,1.42,0.0,0.0,2,0,0
18,23.6,48,3.1,0.333,11.9,0.85,0.0,0.0,2,0,0
19,22.7,56,1.8,0.299,13.4,0.31,0.0,0.0,2,0,0
20,21.4,64,2.1,0.2055,14.3,0.02,0.0,0.0,2,0,0
21,20.5,67,1.4,0.1785,14.1,0.0,0.0,0.0,2,0,0
22,19.6,71,0.6,0.1625,14.1,0.0,0.0,0.0,2,0,0
23,18.8,73,0.8,0.1455,13.8,0.0,0.0,0.0,2,0,0
0,18.1,77,0.5,0.1435,13.9,0.0,0.0,0.0,2,0,0
1,17.5,78,0.6,0.1385,13.6,0.0,0.0,0.0,2,0,0
2,17.1,74,0.4,0.175,12.4,0.0,0.0,0.0,2,0,0
3,16.6,74,0.4,0.201,11.9,0.0,0.0,0.0,2,0,0
4,16.1,74,0.8,0.22,11.4,0.0,0.0,0.0,2,0,0
5,15.7,76,0.6,0.165,11.4,0.0,0.0,0.0,2,0,0
6,15.4,84,0.8,0.1175,12.7,0.03,0.0,0.0,2,0,0
7,16.2,79,1.2,0.1195,12.5,0.36,0.0,0.0,2,0,0
8,18.4,68,1.1,0.127,12.3,0.88,0.0,0.0,2,0,0
9,20.8,53,0.8,0.1905,10.8,1.58,0.0,0.0,2,0,0
10,22.7,37,0.9,0.4395,7.2,2.18,0.0,0.0,2,0,0
11,24.8,36,1.8,0.4865,8.7,2.7,0.0,0.0,2,0,0
12,26.3,36,1.1,0.5665,10.0,2.88,0.0,0.0,2,0,0
13,27.8,34,1.5,0.653,10.4,3.14,0.0,0.0,2,0,0
14,28.5,33,0.9,0.674,10.6,2.51,0.0,0.0,2,0,0
15,29.1,38,1.7,0.801,13.3,1.89,0.0,0.0,2,0,0
16,28.8,37,2.4,0.8145,12.6,1.44,0.0,0.0,2,0,0
17,28.5,43,1.7,0.702,14.6,1.06,0.0,0.0,2,0,0
18,27.5,47,2.5,0.5565,15.1,0.43,0.0,0.0,2,0,0
19,26.9,49,0.9,0.5315,15.2,0.1,0.0,0.0,2,0,0
20,26.3,53,1.0,0.454,15.9,0.0,0.0,0.0,2,0,0
21,25.6,56,0.7,0.442,16.1,0.0,0.0,0.0,2,0,0
22,25.0,59,0.6,0.371,16.4,0.0,0.0,0.0,2,0,0
23,24.8,60,1.0,0.3975,16.5,0.0,0.0,0.0,2,0,0
0,24.4,63,0.8,0.3725,16.8,0.0,0.0,0.0,2,0,0
1,24.1,67,0.5,0.343,17.5,0.0,0.0,0.0,2,0,0
2,23.9,69,0.3,0.2655,17.8,0.0,0.2,0.0,2,0,0
3,22.6,89,0.7,0.1635,20.6,0.0,0.8,0.0,2,0,0
4,22.3,86,0.5,0.1935,19.8,0.0,0.0,0.0,2,0,0
5,22.3,87,0.6,0.1995,20.0,0.0,0.0,0.0,2,0,0
6,22.1,94,0.9,0.1345,21.0,0.0,2.0,0.0,2,0,0
7,22.0,95,0.7,0.171,21.1,0.0,0.0,0.0,2,0,0
8,22.4,93,1.2,0.3415,21.2,0.04,0.0,0.0,2,0,0
9,22.8,93,3.1,0.2845,21.6,0.06,4.0,0.0,2,0,0
10,22.8,95,1.7,0.088,21.9,0.05,1.0,0.0,2,0,0
11,22.7,93,4.8,0.416,21.5,0.17,0.0,0.0,2,0,0
12,22.9,87,4.0,0.7485,20.6,0.22,0.0,0.0,2,0,0
13,21.8,97,2.4,0.341,21.2,0.06,35.0,0.0,2,0,0
14,22.0,96,2.9,0.6635,21.3,0.39,0.0,0.0,2,0,0
15,22.0,96,2.9,0.1565,21.3,0.2,0.0,0.0,2,0,0
16,21.8,97,1.8,0.103,21.2,0.18,0.0,0.0,2,0,0
17,21.9,97,3.2,0.1035,21.3,0.14,0.5,0.0,2,0,0
18,21.9,97,2.1,0.0955,21.3,0.08,0.0,0.0,2,0,0
19,21.9,97,2.2,0.098,21.3,0.01,0.0,0.0,2,0,0
20,21.8,97,2.2,0.078,21.2,0.0,0.5,0.0,2,0,0
21,21.8,97,1.3,0.08,21.2,0.0,0.5,0.0,2,0,0
22,21.9,97,1.5,0.082,21.3,0.0,0.0,0.0,2,0,0
23,22.0,97,0.9,0.079,21.4,0.0,0.0,0.0,2,0,0
0,22.0,97,1.6,0.076,21.4,0.0,0.5,0.0,2,0,0
1,22.0,97,2.1,0.096,21.4,0.0,0.5,0.0,2,0,0
2,21.8,97,1.3,0.0875,21.2,0.0,1.0,0.0,2,0,0
3,21.8,98,0.6,0.0565,21.4,0.0,2.5,0.0,2,0,0
4,19.2,98,2.4,0.9825,18.8,0.0,19.0,0.0,2,0,0
5,18.8,97,0.9,0.9635,18.3,0.0,0.0,0.0,2,0,0
6,18.9,98,0.3,0.169,18.5,0.0,0.0,0.0,2,0,0
7,19.1,98,0.3,0.0625,18.7,0.0,0.0,0.0,2,0,0
8,19.7,98,0.5,0.979,19.3,0.12,13.5,0.0,2,0,0
9,19.7,98,0.5,0.3295,19.3,0.05,10.0,0.0,2,0,0
10,20.1,98,1.2,0.4425,19.7,0.13,2.0,0.0,2,0,0
11,20.4,98,0.9,0.15,20.0,0.25,2.5,0.0,2,0,0
12,21.7,96,0.8,0.8865,21.0,0.81,1.5,0.0,2,0,0
13,23.4,83,1.7,0.972,20.3,1.5,0.0,0.0,2,0,0
14,23.4,81,0.6,0.9605,19.9,0.5,0.0,0.0,2,0,0
15,22.8,95,1.6,0.147,21.9,0.11,0.5,0.0,2,0,0
16,22.9,95,0.4,0.1925,22.0,0.31,0.0,0.0,2,0,0
17,22.7,96,0.4,0.1245,22.0,0.11,2.5,0.0,2,0,0
18,22.6,97,1.1,0.152,22.0,0.07,1.5,0.0,2,0,0
19,22.3,96,2.6,0.0955,21.6,0.0,0.0,0.0,2,0,0
20,21.3,97,2.8,0.194,20.7,0.0,12.5,0.0,2,0,0
21,20.5,97,1.1,0.363,20.0,0.0,4.0,0.0,2,0,0
22,20.2,98,0.5,0.234,19.8,0.0,6.0,0.0,2,0,0
23,20.0,98,1.8,0.2945,19.6,0.0,2.5,0.0,2,0,0
0,19.3,97,1.8,0.2615,18.8,0.0,1.0,0.0,2,0,0
1,19.0,97,1.5,0.139,18.5,0.0,1.0,0.0,2,0,0
2,18.8,98,1.5,0.1185,18.4,0.0,0.5,0.0,2,0,0
3,18.3,98,1.6,0.16,17.9,0.0,2.0,0.0,2,0,0
4,18.1,98,1.7,0.1115,17.7,0.0,1.0,0.0,2,0,0
5,17.8,98,1.0,0.2285,17.4,0.0,0.5,0.0,2,0,0
6,17.4,98,0.3,0.117,17.0,0.0,0.0,0.0,2,0,0
7,16.6,98,0.6,0.1095,16.2,0.01,0.5,0.0,2,0,0
8,16.4,98,0.3,0.257,16.0,0.11,0.0,0.0,2,0,0
9,16.6,98,0.6,0.1505,16.2,0.18,0.5,0.0,2,0,0
10,16.3,97,1.0,0.3465,15.8,0.37,0.0,0.0,2,0,0
11,16.6,96,0.7,0.2695,15.9,0.41,0.0,0.0,2,0,0
12,16.6,96,0.8,0.215,15.9,0.34,0.0,0.0,2,0,0
13,16.7,93,1.0,0.6865,15.5,0.72,0.5,0.0,2,0,0
14,16.7,88,1.5,0.88,14.6,0.72,0.0,0.0,2,0,0
15,16.7,85,1.2,1.0,14.1,0.49,0.0,0.0,2,0,0
16,17.0,82,1.9,1.0,13.8,0.84,0.0,0.0,2,0,0
17,17.2,81,1.2,1.0,13.9,0.57,0.0,0.0,2,0,0
18,17.5,79,1.5,1.0,13.8,0.57,0.0,0.0,2,0,0
19,17.0,76,1.5,1.0,12.7,0.29,0.0,0.0,2,0,0
20,16.2,76,2.1,1.0,11.9,0.02,0.0,0.0,2,0,0
21,15.3,73,2.3,1.0,10.4,0.0,0.0,0.0,2,0,0
22,14.2,73,1.9,1.0,9.4,0.0,0.0,0.0,2,0,0
23,13.2,68,1.8,1.0,7.4,0.0,0.0,0.0,2,0,0
0,12.2,67,1.2,1.0,6.2,0.0,0.0,0.0,2,0,1
1,11.4,74,1.3,1.0,6.9,0.0,0.0,0.0,2,0,1
2,11.1,74,1.9,1.0,6.6,0.0,0.0,0.0,2,0,1
3,10.7,73,1.3,1.0,6.0,0.0,0.0,0.0,2,0,1
4,10.5,73,1.2,1.0,5.8,0.0,0.0,0.0,2,0,1
5,10.4,71,1.1,1.0,5.3,0.0,0.0,0.0,2,0,1
6,10.5,70,1.0,1.0,5.2,0.03,0.0,0.0,2,0,1
7,11.4,0,1.4,1.0,4.5,0.46,0.0,0.0,2,0,1
8,13.7,57,1.4,1.0,5.3,1.28,0.0,0.0,2,0,1
9,15.7,49,1.6,1.0,5.0,2.0,0.0,0.0,2,0,1
10,17.2,45,2.1,1.0,5.1,2.61,0.0,0.0,2,0,1
11,19.0,44,1.4,1.0,6.4,3.12,0.0,0.0,2,0,1
12,20.5,42,2.1,1.0,7.1,3.42,0.0,0.0,2,0,1
13,21.9,39,2.0,1.0,7.3,3.52,0.0,0.0,2,0,1
14,22.8,39,2.6,0.9915,8.1,3.39,0.0,0.0,2,0,1
15,23.9,37,1.6,1.0,8.3,3.07,0.0,0.0,2,0,1
16,24.5,34,1.5,1.0,7.5,2.54,0.0,0.0,2,0,1
17,24.5,35,1.8,0.9635,8.0,1.93,0.0,0.0,2,0,1
18,24.0,34,1.7,1.0,7.1,1.22,0.0,0.0,2,0,1
19,22.6,34,1.5,1.0,5.9,0.51,0.0,0.0,2,0,1
20,20.9,34,1.4,1.0,4.4,0.03,0.0,0.0,2,0,1
21,19.5,34,1.3,1.0,3.2,0.0,0.0,0.0,2,0,1
22,18.4,34,1.2,1.0,2.2,0.0,0.0,0.0,2,0,1
23,17.1,37,1.3,1.0,2.2,0.0,0.0,0.0,2,0,1
0,15.8,41,1.2,1.0,2.5,0.0,0.0,0.0,2,0,1
1,14.7,43,1.2,1.0,2.2,0.0,0.0,0.0,2,0,1
2,13.9,43,0.9,1.0,1.5,0.0,0.0,0.0,2,0,1
3,13.5,41,1.0,1.0,0.4,0.0,0.0,0.0,2,0,1
4,12.8,44,0.8,1.0,0.8,0.0,0.0,0.0,2,0,1
5,12.1,47,1.6,1.0,1.1,0.0,0.0,0.0,2,0,1
6,11.6,46,0.8,1.0,0.3,0.05,0.0,0.0,2,0,1
7,12.3,43,0.6,1.0,0.0,0.3,0.0,0.0,2,0,1
8,14.1,38,1.0,1.0,0.0,0.72,0.0,0.0,2,0,1
9,16.0,34,1.3,1.0,0.1,1.0,0.0,0.0,2,0,1
10,17.0,37,1.4,1.0,2.1,0.94,0.0,0.0,2,0,1
11,18.7,30,1.9,1.0,0.7,1.66,0.0,0.0,2,0,1
12,18.8,31,1.2,1.0,1.2,0.92,0.0,0.0,2,0,1
13,19.9,33,1.4,1.0,3.1,1.28,0.0,0.0,2,0,1
14,20.3,30,1.8,1.0,2.1,1.01,0.0,0.0,2,0,1
15,21.0,28,1.7,1.0,1.7,1.16,0.0,0.0,2,0,1
16,22.2,23,2.2,1.0,0.0,1.66,0.0,0.0,2,0,1
17,22.4,23,2.4,1.0,0.2,1.89,0.0,0.0,2,0,1
18,22.2,22,1.8,1.0,-0.5,1.25,0.0,0.0,2,0,1
19,20.8,24,2.0,1.0,-0.5,0.56,0.0,0.0,2,0,1
20,19.0,26,1.5,1.0,-0.9,0.02,0.0,0.0,2,0,1
21,17.8,26,1.3,1.0,-1.9,0.0,0.0,0.0,2,0,1
22,16.8,29,1.2,1.0,-1.3,0.0,0.0,0.0,2,0,1
23,15.8,30,1.1,1.0,-1.7,0.0,0.0,0.0,2,0,1
0,15.3,29,1.3,1.0,-2.6,0.0,0.0,0.0,2,0,0
1,14.5,31,1.1,1.0,-2.4,0.0,0.0,0.0,2,0,0
2,13.9,0,0.9,1.0,-2.1,0.0,0.0,0.0,2,0,0
3,13.0,0,0.8,1.0,-2.5,0.0,0.0,0.0,2,0,0
4,12.4,0,0.8,1.0,-3.4,0.0,0.0,0.0,2,0,0
5,11.9,0,1.3,1.0,-2.7,0.0,0.0,0.0,2,0,0
6,11.4,0,0.9,1.0,-2.0,0.03,0.0,0.0,2,0,0
7,12.3,0,0.9,0.9945,-2.7,0.48,0.0,0.0,2,0,0
8,15.3,30,1.3,1.0,-2.2,1.3,0.0,0.0,2,0,0
9,17.7,27,1.3,1.0,-1.5,2.02,0.0,0.0,2,0,0
10,19.3,27,1.4,1.0,-0.1,2.63,0.0,0.0,2,0,0
11,20.9,27,1.7,1.0,1.1,3.11,0.0,0.0,2,0,0
12,21.8,31,2.1,1.0,3.9,3.39,0.0,0.0,2,0,0
13,22.8,31,1.9,0.9615,4.7,3.49,0.0,0.0,2,0,0
14,23.4,36,2.8,0.9735,7.4,3.11,0.0,0.0,2,0,0
15,23.3,38,1.5,0.9815,8.1,2.13,0.0,0.0,2,0,0
16,22.7,42,1.9,1.0,9.1,1.13,0.0,0.0,2,0,0
17,22.2,45,2.4,1.0,9.6,0.83,0.0,0.0,2,0,0
18,21.6,48,2.5,0.942,10.1,0.61,0.0,0.0,2,0,0
19,19.5,56,1.6,0.8,10.4,0.29,0.0,0.0,2,0,0
20,18.4,59,2.6,0.738,10.2,0.04,0.0,0.0,2,0,0
21,17.7,63,0.5,0.662,10.5,0.0,0.0,0.0,2,0,0
22,16.9,65,0.3,0.6405,10.2,0.0,0.0,0.0,2,0,0
23,16.3,70,0.7,0.6465,10.8,0.0,0.0,0.0,2,0,0
0,16.0,71,0.5,0.6495,10.7,0.0,0.0,0.0,2,1,0
1,15.9,71,1.1,0.656,10.6,0.0,0.0,0.0,2,1,0
2,15.7,74,1.0,0.6565,11.0,0.0,0.0,0.0,2,1,0
3,15.5,0,0.7,0.71,10.4,0.0,0.0,0.0,2,1,0
4,15.6,0,0.5,0.751,10.5,0.0,0.0,0.0,2,1,0
5,15.7,0,0.6,0.805,10.6,0.0,0.0,0.0,2,1,0
6,15.5,0,0.5,0.8455,10.4,0.06,0.0,0.0,2,1,0
7,16.3,69,0.7,0.875,10.5,0.34,0.0,0.0,2,1,0
8,18.2,63,0.8,0.8655,11.0,1.0,0.0,0.0,2,1,0
9,19.3,62,0.8,0.947,11.8,1.14,0.0,0.0,2,1,0
10,20.7,55,1.8,0.849,11.3,1.43,0.0,0.0,2,1,0
11,21.9,55,1.4,0.91,12.4,1.87,0.0,0.0,2,1,0
12,22.9,51,1.1,0.7955,12.2,1.8,0.0,0.0,2,1,0
13,22.7,52,1.0,0.6995,12.3,0.94,0.0,0.0,2,1,0
14,22.8,53,1.4,0.815,12.7,0.98,0.0,0.0,2,1,0
15,21.1,72,2.7,0.3315,15.8,0.31,0.1,0.0,2,1,0
16,19.5,80,1.2,0.2765,15.9,0.53,0.4,0.0,2,1,0
17,18.6,84,1.8,0.2495,15.8,0.28,1.0,0.0,2,1,0
18,17.9,93,1.2,0.129,16.7,0.13,2.0,0.0,2,1,0
19,17.6,93,0.3,0.1655,16.4,0.06,1.5,0.0,2,1,0
20,17.2,85,1.4,0.2335,14.6,0.0,0.5,0.0,2,1,0
21,17.0,85,1.1,0.2985,14.4,0.0,0.5,0.0,2,1,0
22,16.8,87,0.6,0.2235,14.6,0.0,0.5,0.0,2,1,0
23,16.3,96,1.1,0.099,15.6,0.0,2.5,0.0,2,1,0
0,20.1,63,1.1,0.849,12.8,0.0,0.0,0.0,3,0,0
1,19.5,65,0.4,0.831,12.7,0.0,0.0,0.0,3,0,0
2,19.0,72,1.4,0.629,13.8,0.0,0.0,0.0,3,0,0
3,18.6,72,1.4,0.67,13.4,0.0,0.0,0.0,3,0,0
4,18.1,76,1.8,0.2805,13.7,0.0,0.0,0.0,3,0,0
5,17.8,75,1.0,0.605,13.3,0.0,0.0,0.0,3,0,0
6,17.5,76,1.2,0.5805,13.2,0.05,0.0,0.0,3,0,0
7,18.1,64,0.6,0.4615,11.1,0.47,0.0,0.0,3,0,0
8,20.6,55,0.7,0.6,11.2,1.21,0.0,0.0,3,0,0
9,23.1,52,1.7,0.506,12.6,1.88,0.0,0.0,3,0,0
10,25.3,45,1.3,0.6855,12.5,2.45,0.0,0.0,3,0,0
11,26.8,38,2.6,0.9395,11.2,2.99,0.0,0.0,3,0,0
12,28.2,34,2.6,0.9335,10.8,3.26,0.0,0.0,3,0,0
13,29.4,33,2.2,0.7675,11.4,3.3,0.0,0.0,3,0,0
14,29.6,31,3.7,0.994,10.6,3.25,0.0,0.0,3,0,0
15,29.9,36,3.3,0.933,13.2,2.94,0.0,0.0,3,0,0
16,29.9,34,3.2,0.956,12.3,2.46,0.0,0.0,3,0,0
17,29.2,35,4.3,0.9835,12.1,1.87,0.0,0.0,3,0,0
18,28.5,36,3.0,0.9905,11.9,1.21,0.0,0.0,3,0,0
19,26.8,35,1.9,1.0,10.0,0.54,0.0,0.0,3,0,0
20,25.0,39,2.8,1.0,10.0,0.06,0.0,0.0,3,0,0
21,23.5,44,1.6,1.0,10.5,0.0,0.0,0.0,3,0,0
22,22.7,44,1.5,1.0,9.8,0.0,0.0,0.0,3,0,0
23,21.8,49,1.6,0.9825,10.6,0.0,0.0,0.0,3,0,0
0,20.9,53,1.4,0.8585,10.9,0.0,0.0,0.0,3,0,1
1,20.2,57,0.4,0.714,11.4,0.0,0.0,0.0,3,0,1
2,19.6,60,1.9,0.6,11.6,0.0,0.0,0.0,3,0,1
3,18.9,63,1.5,0.5035,11.6,0.0,0.0,0.0,3,0,1
4,18.3,66,1.3,0.4645,11.8,0.0,0.0,0.0,3,0,1
5,17.8,69,1.1,0.4755,12.0,0.0,0.0,0.0,3,0,1
6,17.7,68,1.3,0.421,11.7,0.05,0.0,0.0,3,0,1
7,18.1,59,0.6,0.3945,9.9,0.47,0.0,0.0,3,0,1
8,20.4,54,1.0,0.414,10.7,1.23,0.0,0.0,3,0,1
9,23.3,43,1.2,0.6285,10.0,1.91,0.0,0.0,3,0,1
10,25.5,33,1.1,0.9075,0.0,2.52,0.0,0.0,3,0,1
11,27.3,35,2.3,0.7685,10.4,2.98,0.0,0.0,3,0,1
12,28.3,30,3.0,0.8375,9.0,3.29,0.0,0.0,3,0,1
13,29.6,24,2.4,0.9365,6.8,3.42,0.0,0.0,3,0,1
14,29.8,23,3.6,0.9725,6.4,3.32,0.0,0.0,3,0,1
15,29.8,24,2.9,0.9695,7.0,3.0,0.0,0.0,3,0,1
16,29.6,26,3.7,1.0,8.0,2.58,0.0,0.0,3,0,1
17,28.9,22,2.7,0.9825,5.0,1.93,0.0,0.0,3,0,1
18,27.4,29,3.6,1.0,7.7,1.19,0.0,0.0,3,0,1
19,25.4,33,2.7,1.0,7.9,0.54,0.0,0.0,3,0,1
20,23.4,38,2.3,1.0,8.2,0.06,0.0,0.0,3,0,1
21,22.1,44,2.5,1.0,9.2,0.0,0.0,0.0,3,0,1
22,21.4,48,1.6,1.0,9.9,0.0,0.0,0.0,3,0,1
23,20.6,52,0.5,1.0,10.3,0.0,0.0,0.0,3,0,1
0,19.7,55,2.0,0.993,10.3,0.0,0.0,0.0,3,0,1
1,19.2,57,0.8,0.9925,10.4,0.0,0.0,0.0,3,0,1
2,18.6,60,1.8,0.9205,10.6,0.0,0.0,0.0,3,0,1
3,18.0,64,1.3,0.78,11.0,0.0,0.0,0.0,3,0,1
4,17.4,65,0.8,0.5465,10.7,0.0,0.0,0.0,3,0,1
5,17.1,66,0.3,0.685,10.6,0.0,0.0,0.0,3,0,1
6,16.9,62,0.4,0.884,9.5,0.06,0.0,0.0,3,0,1
7,18.0,54,0.7,0.9985,8.5,0.51,0.0,0.0,3,0,1
8,20.3,47,1.5,0.8925,8.6,1.05,0.0,0.0,3,0,1
9,22.7,39,0.7,0.94,8.0,1.91,0.0,0.0,3,0,1
10,24.8,34,1.3,0.9345,7.8,2.09,0.0,0.0,3,0,1
11,26.7,30,1.1,0.891,7.6,2.83,0.0,0.0,3,0,1
12,28.7,27,1.7,0.9215,7.8,3.29,0.0,0.0,3,0,1
13,29.4,24,2.7,0.9525,6.7,3.18,0.0,0.0,3,0,1
14,29.8,26,2.2,0.909,8.2,3.2,0.0,0.0,3,0,1
15,30.7,21,2.5,0.938,5.8,2.95,0.0,0.0,3,0,1
16,30.4,28,3.6,0.895,9.8,2.48,0.0,0.0,3,0,1
17,29.5,29,4.1,0.972,9.5,1.84,0.0,0.0,3,0,1
18,29.3,25,2.4,0.9865,7.2,1.23,0.0,0.0,3,0,1
19,27.4,29,2.4,1.0,7.7,0.5,0.0,0.0,3,0,1
20,25.3,32,2.2,0.9985,7.4,0.06,0.0,0.0,3,0,1
21,24.2,32,2.1,1.0,6.4,0.0,0.0,0.0,3,0,1
22,23.0,38,1.2,0.998,7.9,0.0,0.0,0.0,3,0,1
23,22.0,44,0.8,0.989,9.1,0.0,0.0,0.0,3,0,1
0,21.4,45,1.4,0.982,8.9,0.0,0.0,0.0,3,0,0
1,20.7,47,0.9,0.9935,8.9,0.0,0.0,0.0,3,0,0
2,20.1,49,0.8,0.989,9.0,0.0,0.0,0.0,3,0,0
3,19.6,51,1.0,0.9615,9.1,0.0,0.0,0.0,3,0,0
4,19.4,56,1.2,0.876,10.3,0.0,0.0,0.0,3,0,0
5,19.2,56,0.9,0.886,10.2,0.0,0.0,0.0,3,0,0
6,18.9,53,0.3,0.9355,9.1,0.04,0.0,0.0,3,0,0
7,19.5,52,0.8,0.909,9.3,0.46,0.0,0.0,3,0,0
8,22.1,44,1.4,0.7175,9.2,1.16,0.0,0.0,3,0,0
9,23.3,37,0.4,0.668,7.7,1.28,0.0,0.0,3,0,0
10,25.1,40,2.7,0.538,10.5,2.37,0.0,0.0,3,0,0
11,26.1,37,2.4,0.5395,10.2,2.79,0.0,0.0,3,0,0
12,26.3,36,3.1,0.6885,10.0,2.61,0.0,0.0,3,0,0
13,27.4,30,2.0,0.884,8.2,3.03,0.0,0.0,3,0,0
14,26.5,43,3.9,0.8355,12.8,2.36,0.0,0.0,3,0,0
15,25.5,43,2.9,0.998,11.9,1.71,0.0,0.0,3,0,0
16,25.5,43,3.2,0.946,11.9,1.72,0.0,0.0,3,0,0
17,24.9,46,2.0,0.9275,12.4,0.91,0.0,0.0,3,0,0
18,24.4,48,1.9,0.999,12.6,0.56,0.0,0.0,3,0,0
19,23.9,51,2.3,1.0,13.1,0.12,0.0,0.0,3,0,0
20,23.4,43,1.1,1.0,10.0,0.01,0.0,0.0,3,0,0
21,22.6,62,1.1,0.6815,14.9,0.0,0.0,0.0,3,0,0
22,22.0,64,1.8,0.6055,14.8,0.0,0.0,0.0,3,0,0
23,21.4,68,2.7,0.486,15.2,0.0,0.0,0.0,3,0,0
0,20.5,71,2.8,0.602,15.0,0.0,0.0,0.0,3,0,0
1,20.0,67,0.7,0.713,13.6,0.0,0.0,0.0,3,0,0
2,19.7,66,0.5,0.7955,13.1,0.0,0.0,0.0,3,0,0
3,19.1,72,0.6,0.685,13.9,0.0,0.0,0.0,3,0,0
4,18.5,72,0.6,0.584,13.3,0.0,0.0,0.0,3,0,0
5,18.1,73,0.5,0.591,13.1,0.0,0.0,0.0,3,0,0
6,17.8,73,0.4,0.594,12.8,0.04,0.0,0.0,3,0,0
7,18.8,64,0.7,0.5495,11.8,0.48,0.0,0.0,3,0,0
8,21.5,58,1.1,0.5105,12.8,1.21,0.0,0.0,3,0,0
9,23.5,51,1.4,0.5845,12.7,1.82,0.0,0.0,3,0,0
10,25.5,43,1.0,0.784,11.9,2.49,0.0,0.0,3,0,0
11,26.8,37,1.6,0.8195,10.8,2.91,0.0,0.0,3,0,0
12,28.2,35,1.2,0.7055,11.2,3.23,0.0,0.0,3,0,0
13,28.6,34,2.0,0.637,11.1,2.82,0.0,0.0,3,0,0
14,28.9,34,2.7,0.664,11.4,2.06,0.0,0.0,3,0,0
15,29.0,38,3.4,0.3745,13.2,2.12,0.0,0.0,3,0,0
16,28.8,38,3.1,0.5135,13.0,2.14,0.0,0.0,3,0,0
17,28.1,37,3.6,0.673,12.0,1.56,0.0,0.0,3,0,0
18,27.1,40,2.8,0.9055,12.3,1.0,0.0,0.0,3,0,0
19,25.5,43,3.1,0.88,11.9,0.41,0.0,0.0,3,0,0
20,24.0,46,2.8,0.948,11.6,0.06,0.0,0.0,3,0,0
21,23.3,51,1.7,0.827,12.5,0.0,0.0,0.0,3,0,0
22,22.4,54,2.5,0.889,12.6,0.0,0.0,0.0,3,0,0
23,21.9,56,0.7,0.949,12.7,0.0,0.0,0.0,3,0,0
0,21.2,60,0.9,0.8945,13.1,0.0,0.0,0.0,3,1,0
1,20.6,63,0.6,0.835,13.3,0.0,0.0,0.0,3,1,0
2,20.1,65,1.0,0.7175,13.3,0.0,0.0,0.0,3,1,0
3,19.6,68,1.7,0.63,13.5,0.0,0.0,0.0,3,1,0
4,19.2,68,0.8,0.5905,13.1,0.0,0.0,0.0,3,1,0
5,18.7,73,1.4,0.5325,13.7,0.0,0.0,0.0,3,1,0
6,18.5,73,1.1,0.514,13.5,0.06,0.0,0.0,3,1,0
7,19.3,63,0.7,0.458,12.0,0.46,0.0,0.0,3,1,0
8,21.2,59,1.2,0.397,12.8,1.13,0.0,0.0,3,1,0
9,22.9,56,2.3,0.3815,13.6,1.74,0.0,0.0,3,1,0
10,24.3,53,2.9,0.4745,14.1,2.37,0.0,0.0,3,1,0
11,25.8,52,2.1,0.4525,15.1,2.84,0.0,0.0,3,1,0
12,27.3,51,2.8,0.3515,16.2,3.16,0.0,0.0,3,1,0
13,27.3,52,3.1,0.3065,16.5,3.21,0.0,0.0,3,1,0
14,27.4,50,3.5,0.3075,16.0,3.01,0.0,0.0,3,1,0
15,27.6,49,3.7,0.328,15.9,2.79,0.0,0.0,3,1,0
16,27.9,47,2.8,0.412,15.5,2.36,0.0,0.0,3,1,0
17,27.4,48,2.7,0.542,15.4,1.8,0.0,0.0,3,1,0
18,26.6,52,2.5,0.684,15.9,1.09,0.0,0.0,3,1,0
19,24.9,56,3.1,0.7345,15.5,0.51,0.0,0.0,3,1,0
20,23.4,64,1.8,0.572,16.1,0.07,0.0,0.0,3,1,0
21,22.1,72,2.5,0.4615,16.8,0.0,0.0,0.0,3,1,0
22,20.8,78,1.8,0.3815,16.8,0.0,0.0,0.0,3,1,0
23,20.1,77,3.1,0.3985,15.9,0.0,0.0,0.0,3,1,0
0,19.6,82,1.7,0.314,16.4,0.0,0.0,0.0,3,0,0
1,19.1,86,1.8,0.261,16.6,0.0,0.0,0.0,3,0,0
2,18.8,88,0.3,0.25,16.7,0.0,0.0,0.0,3,0,0
3,18.4,88,1.6,0.2325,16.3,0.0,0.0,0.0,3,0,0
4,18.1,88,1.8,0.229,16.0,0.0,0.0,0.0,3,0,0
5,17.8,91,2.2,0.1965,16.3,0.0,0.0,0.0,3,0,0
6,18.1,88,1.1,0.136,16.0,0.03,0.0,0.0,3,0,0
7,18.6,85,2.0,0.1535,16.0,0.16,0.0,0.0,3,0,0
8,18.9,82,2.3,0.163,15.7,0.44,0.0,0.0,3,0,0
9,20.5,73,1.6,0.182,15.4,1.23,0.0,0.0,3,0,0
10,22.0,69,2.0,0.244,16.0,2.04,0.0,0.0,3,0,0
11,23.4,62,1.8,0.3015,15.6,2.87,0.0,0.0,3,0,0
12,25.0,56,3.0,0.3575,15.6,3.19,0.0,0.0,3,0,0
13,26.7,47,2.4,0.403,14.4,3.26,0.0,0.0,3,0,0
14,28.2,44,1.7,0.322,14.7,3.11,0.0,0.0,3,0,0
15,29.3,41,2.0,0.3045,14.6,2.63,0.0,0.0,3,0,0
16,29.3,41,2.0,0.4525,14.6,1.95,0.0,0.0,3,0,0
17,28.2,51,3.3,0.4395,17.0,1.73,0.0,0.0,3,0,0
18,25.6,57,2.7,0.6085,16.4,0.96,0.0,0.0,3,0,0
19,24.0,60,2.8,0.6895,15.7,0.38,0.0,0.0,3,0,0
20,22.8,67,1.6,0.6095,16.3,0.06,0.0,0.0,3,0,0
21,21.5,69,2.6,0.471,15.5,0.0,0.0,0.0,3,0,0
22,20.9,71,1.0,0.3815,15.4,0.0,0.0,0.0,3,0,0
23,20.3,77,1.3,0.385,16.1,0.0,0.0,0.0,3,0,0
0,19.1,82,2.2,0.437,15.9,0.0,0.0,0.0,3,0,0
1,18.8,84,1.7,0.329,16.0,0.0,0.0,0.0,3,0,0
2,18.6,84,2.5,0.3095,15.8,0.0,0.0,0.0,3,0,0
3,18.6,83,2.9,0.4445,15.6,0.0,0.0,0.0,3,0,0
4,18.5,82,2.0,0.536,15.3,0.0,0.0,0.0,3,0,0
5,18.6,81,0.8,0.6025,15.2,0.0,0.0,0.0,3,0,0
6,18.8,78,2.0,0.6295,14.8,0.01,0.0,0.0,3,0,0
7,19.1,73,2.0,0.65,14.1,0.3,0.0,0.0,3,0,0
8,19.7,69,2.0,0.724,13.8,0.54,0.0,0.0,3,0,0
9,21.2,62,1.7,0.692,13.6,1.45,0.0,0.0,3,0,0
10,21.9,62,1.7,0.832,14.2,1.36,0.0,0.0,3,0,0
11,21.9,64,2.4,0.6795,14.7,1.03,0.0,0.0,3,0,0
12,23.1,56,1.6,0.611,13.8,1.71,0.0,0.0,3,0,0
13,24.2,58,1.9,0.5075,15.4,1.87,0.0,0.0,3,0,0
14,25.0,54,2.2,0.573,15.0,1.86,0.0,0.0,3,0,0
15,26.2,51,3.3,0.552,15.2,2.87,0.0,0.0,3,0,0
16,26.6,49,3.2,0.6,15.0,2.35,0.0,0.0,3,0,0
17,26.9,49,2.3,0.605,15.2,1.72,0.0,0.0,3,0,0
18,26.2,54,2.2,0.5915,16.1,0.88,0.0,0.0,3,0,0
19,24.5,63,3.1,0.485,16.9,0.46,0.0,0.0,3,0,0
20,22.6,71,1.8,0.428,17.0,0.11,0.0,0.0,3,0,0
21,21.2,77,1.7,0.319,16.9,0.0,0.0,0.0,3,0,0
22,20.5,78,0.9,0.275,16.5,0.0,0.0,0.0,3,0,0
23,20.0,79,1.4,0.255,16.2,0.0,0.0,0.0,3,0,0
0,19.7,83,1.5,0.195,16.7,0.0,0.0,0.0,3,0,1
1,19.7,81,0.6,0.2095,16.3,0.0,0.0,0.0,3,0,1
2,19.4,84,0.7,0.191,16.6,0.0,0.0,0.0,3,0,1
3,19.1,84,0.6,0.2105,16.3,0.0,0.0,0.0,3,0,1
4,19.0,83,0.4,0.2365,16.0,0.0,0.0,0.0,3,0,1
5,19.0,85,0.4,0.2335,16.4,0.0,0.0,0.0,3,0,1
6,19.0,84,0.5,0.22,16.2,0.05,0.0,0.0,3,0,1
7,20.2,73,1.1,0.354,15.1,0.41,0.0,0.0,3,0,1
8,21.9,62,0.9,0.5355,14.2,1.03,0.0,0.0,3,0,1
9,24.0,55,1.8,0.7055,14.3,1.81,0.0,0.0,3,0,1
10,25.8,49,1.3,0.721,14.2,2.42,0.0,0.0,3,0,1
11,27.2,46,1.7,0.6505,14.5,2.88,0.0,0.0,3,0,1
12,28.2,42,1.4,0.7815,14.0,2.84,0.0,0.0,3,0,1
13,28.8,42,2.0,0.719,14.6,2.38,0.0,0.0,3,0,1
14,30.1,35,1.4,0.7915,12.9,2.53,0.0,0.0,3,0,1
15,29.6,40,2.5,0.773,14.5,1.96,0.0,0.0,3,0,1
16,28.7,40,2.5,0.737,13.7,1.0,0.0,0.0,3,0,1
17,28.2,39,2.9,0.8265,12.9,0.7,0.0,0.0,3,0,1
18,27.3,42,1.2,1.0,13.2,0.19,0.0,0.0,3,0,1
19,25.7,47,1.8,1.0,13.5,0.04,0.0,0.0,3,0,1
20,23.7,62,1.6,0.701,15.9,0.0,0.4,0.0,3,0,1
21,22.4,72,1.5,0.908,17.0,0.0,0.1,0.0,3,0,1
22,21.0,75,1.3,1.0,16.3,0.0,0.0,0.0,3,0,1
23,20.7,66,1.6,1.0,14.1,0.0,0.0,0.0,3,0,1
0,20.2,66,1.5,1.0,13.6,0.0,0.0,0.0,3,0,1
1,19.7,71,1.2,0.993,14.2,0.0,0.5,0.0,3,0,1
2,19.2,69,1.3,1.0,13.3,0.0,0.0,0.0,3,0,1
3,18.6,78,0.8,0.9985,14.6,0.0,0.0,0.0,3,0,1
4,18.3,72,1.7,1.0,13.1,0.0,0.0,0.0,3,0,1
5,18.4,70,1.4,1.0,12.8,0.0,0.0,0.0,3,0,1
6,18.3,71,0.9,1.0,12.9,0.0,0.0,0.0,3,0,1
7,18.4,68,0.6,1.0,12.3,0.04,0.0,0.0,3,0,1
8,19.0,65,2.0,1.0,12.2,0.28,0.0,0.0,3,0,1
9,19.2,65,1.4,1.0,12.4,0.34,0.0,0.0,3,0,1
10,20.2,62,1.8,1.0,12.6,0.82,0.0,0.0,3,0,1
11,21.3,56,1.5,0.9945,12.1,1.18,0.0,0.0,3,0,1
12,23.2,50,2.2,0.994,12.1,2.45,0.0,0.0,3,0,1
13,24.2,48,1.2,0.984,12.4,2.19,0.0,0.0,3,0,1
14,24.1,51,1.1,1.0,13.3,1.58,0.0,0.0,3,0,1
15,24.8,49,1.2,1.0,13.3,1.34,0.0,0.0,3,0,1
16,24.8,51,1.6,1.0,13.9,1.17,0.0,0.0,3,0,1
17,24.6,52,1.3,1.0,14.0,0.82,0.0,0.0,3,0,1
18,24.1,53,1.3,1.0,13.9,0.48,0.0,0.0,3,0,1
19,23.4,55,1.0,1.0,13.8,0.12,0.0,0.0,3,0,1
20,22.8,55,1.3,1.0,13.2,0.01,0.0,0.0,3,0,1
21,22.1,55,1.5,1.0,12.6,0.0,0.0,0.0,3,0,1
22,21.5,55,1.8,1.0,12.0,0.0,0.0,0.0,3,0,1
23,20.9,56,1.5,1.0,11.7,0.0,0.0,0.0,3,0,1
0,20.3,58,1.4,1.0,11.7,0.0,0.0,0.0,3,0,0
1,19.8,59,1.3,1.0,11.5,0.0,0.0,0.0,3,0,0
2,19.2,60,1.5,1.0,11.2,0.0,0.0,0.0,3,0,0
3,18.8,61,1.3,1.0,11.1,0.0,0.0,0.0,3,0,0
4,18.8,60,1.0,1.0,10.8,0.0,0.0,0.0,3,0,0
5,18.8,61,1.2,1.0,11.1,0.0,0.0,0.0,3,0,0
6,18.6,61,0.8,1.0,10.9,0.03,0.0,0.0,3,0,0
7,19.1,59,1.1,1.0,10.8,0.38,0.0,0.0,3,0,0
8,20.7,55,1.5,1.0,11.3,1.23,0.0,0.0,3,0,0
9,22.2,48,1.7,0.9445,10.6,1.77,0.0,0.0,3,0,0
10,23.7,47,1.3,1.0,11.7,2.67,0.0,0.0,3,0,0
11,23.2,52,1.4,1.0,12.7,1.53,0.0,0.0,3,0,0
12,23.2,52,1.2,1.0,12.7,0.82,0.0,0.0,3,0,0
13,23.7,49,1.2,1.0,12.3,1.04,0.0,0.0,3,0,0
14,23.9,47,1.0,1.0,11.8,0.97,0.0,0.0,3,0,0
15,22.2,60,1.3,0.9535,14.0,0.34,0.0,0.0,3,0,0
16,22.0,60,1.8,1.0,13.8,0.14,0.0,0.0,3,0,0
17,20.7,72,3.4,1.0,15.4,0.11,0.0,0.0,3,0,0
18,19.8,80,3.9,1.0,16.2,0.12,0.0,0.0,3,0,0
19,19.4,85,1.2,0.8255,16.8,0.08,0.5,0.0,3,0,0
20,19.1,84,1.7,1.0,16.3,0.04,0.0,0.0,3,0,0
21,19.0,82,1.0,1.0,15.8,0.0,0.0,0.0,3,0,0
22,19.0,76,0.1,1.0,14.6,0.0,0.0,0.0,3,0,0
23,18.2,93,0.8,0.23,17.0,0.0,3.5,0.0,3,0,0
0,18.0,94,0.7,0.953,17.0,0.0,1.0,0.0,3,0,0
1,17.7,92,0.9,0.979,16.3,0.0,0.0,0.0,3,0,0
2,17.7,87,1.2,1.0,15.5,0.0,0.0,0.0,3,0,0
3,17.5,87,0.5,0.9975,15.3,0.0,0.0,0.0,3,0,0
4,17.5,84,0.8,1.0,14.7,0.0,0.0,0.0,3,0,0
5,17.2,87,0.6,1.0,15.0,0.0,0.0,0.0,3,0,0
6,16.7,85,1.0,1.0,14.1,0.03,0.0,0.0,3,0,0
7,17.1,77,1.5,0.874,13.0,0.49,0.0,0.0,3,0,0
8,19.0,67,1.1,0.988,12.7,1.29,0.0,0.0,3,0,0
9,21.1,60,0.9,0.999,13.0,2.18,0.0,0.0,3,0,0
10,22.1,53,1.1,0.9995,12.0,2.28,0.0,0.0,3,0,0
11,22.9,54,2.6,0.9795,13.0,2.56,0.0,0.0,3,0,0
12,24.0,51,1.8,1.0,13.2,2.29,0.0,0.0,3,0,0
13,25.7,46,0.8,1.0,13.2,3.18,0.0,0.0,3,0,0
14,25.6,45,2.2,0.9805,12.7,1.39,0.0,0.0,3,0,0
15,26.2,42,2.7,0.9885,12.2,1.59,0.0,0.0,3,0,0
16,26.2,47,3.8,0.998,13.9,2.45,0.0,0.0,3,0,0
17,26.4,47,3.0,0.988,14.1,1.76,0.0,0.0,3,0,0
18,24.9,53,3.6,1.0,14.6,1.28,0.0,0.0,3,0,0
19,23.1,58,2.4,0.9985,14.3,0.59,0.0,0.0,3,0,0
20,21.6,62,3.3,1.0,13.9,0.09,0.0,0.0,3,0,0
21,20.6,70,1.8,0.993,14.9,0.0,0.0,0.0,3,0,0
22,20.0,70,1.0,1.0,14.3,0.0,0.0,0.0,3,0,0
23,19.5,72,0.6,0.9945,14.3,0.0,0.0,0.0,3,0,0
0,19.3,76,1.2,0.984,14.9,0.0,0.0,0.0,3,0,0
1,18.9,77,0.7,0.9935,14.7,0.0,0.0,0.0,3,0,0
2,18.4,75,0.6,0.993,13.8,0.0,0.0,0.0,3,0,0
3,18.5,73,1.0,0.9755,13.5,0.0,0.0,0.0,3,0,0
4,18.7,74,0.9,0.9665,13.9,0.0,0.0,0.0,3,0,0
5,18.6,76,0.4,0.9785,14.2,0.0,0.0,0.0,3,0,0
6,18.7,75,0.9,0.9615,14.1,0.06,0.0,0.0,3,0,0
7,19.4,69,0.3,0.6385,13.5,0.42,0.0,0.0,3,0,0
8,20.7,65,1.5,0.502,13.8,0.97,0.0,0.0,3,0,0
9,22.6,59,1.6,0.515,14.1,1.8,0.0,0.0,3,0,0
10,23.0,57,2.2,0.5725,14.0,1.1,0.0,0.0,3,0,0
11,24.5,51,1.5,0.6665,13.6,1.97,0.0,0.0,3,0,0
12,24.5,56,2.3,0.547,15.1,1.74,0.0,0.0,3,0,0
13,24.9,52,1.8,0.777,14.3,1.7,0.0,0.0,3,0,0
14,26.6,50,2.4,0.5595,15.3,2.95,0.0,0.0,3,0,0
15,25.5,50,2.2,0.5125,14.3,0.47,0.0,0.0,3,0,0
16,25.8,50,1.7,0.576,14.5,0.66,0.0,0.0,3,0,0
17,25.6,57,3.3,0.4595,16.4,0.87,0.0,0.0,3,0,0
18,23.4,63,3.6,0.6225,15.9,0.5,0.0,0.0,3,0,0
19,22.8,64,2.3,0.722,15.6,0.45,0.0,0.0,3,0,0
20,22.1,65,1.3,0.8055,15.2,0.09,0.0,0.0,3,0,0
21,21.8,67,0.0,0.7425,15.3,0.0,0.0,0.0,3,0,0
22,21.6,66,1.2,0.719,14.9,0.0,0.0,0.0,3,0,0
23,21.5,62,0.1,0.9135,13.9,0.0,0.0,0.0,3,0,0
0,21.1,69,0.5,0.543,15.1,0.0,0.0,0.0,3,0,0
1,20.8,72,1.0,0.456,15.5,0.0,0.0,0.0,3,0,0
2,20.8,73,0.8,0.4145,15.7,0.0,0.0,0.0,3,0,0
3,20.8,73,0.7,0.378,15.7,0.0,0.0,0.0,3,0,0
4,21.0,72,0.8,0.3385,15.7,0.0,0.0,0.0,3,0,0
5,20.3,84,3.2,0.259,17.5,0.0,0.0,0.0,3,0,0
6,19.5,95,1.4,0.0895,18.6,0.0,1.5,0.0,3,0,0
7,19.4,97,0.9,0.136,18.9,0.0,13.5,0.0,3,0,0
8,18.9,97,1.2,0.246,18.4,0.06,11.5,0.0,3,0,0
9,19.1,96,0.6,0.1365,18.4,0.17,1.5,0.0,3,0,0
10,19.7,94,1.1,0.2485,18.7,0.61,1.0,0.0,3,0,0
11,20.5,79,1.7,0.385,16.7,1.25,0.0,0.0,3,0,0
12,21.2,75,0.7,0.438,16.5,1.07,0.0,0.0,3,0,0
13,22.8,67,1.2,0.465,16.3,1.55,0.0,0.0,3,0,0
14,23.8,62,1.2,0.641,16.0,1.91,0.0,0.0,3,0,0
15,24.6,57,1.8,0.832,15.5,1.54,0.0,0.0,3,0,0
16,25.0,56,0.7,0.8615,15.6,1.27,0.0,0.0,3,0,0
17,24.6,57,1.0,0.933,15.5,0.45,0.0,0.0,3,0,0
18,24.0,61,1.5,0.9675,16.0,0.26,0.0,0.0,3,0,0
19,23.6,63,0.6,0.978,16.1,0.19,0.0,0.0,3,0,0
20,22.6,74,1.2,0.797,17.7,0.01,0.0,0.0,3,0,0
21,22.2,72,1.0,0.893,16.9,0.0,0.0,0.0,3,0,0
22,21.8,72,1.0,0.976,16.5,0.0,0.0,0.0,3,0,0
23,21.6,68,0.8,1.0,15.4,0.0,0.0,0.0,3,0,0
0,21.0,70,0.9,1.0,15.3,0.0,0.0,0.0,3,0,0
1,20.6,65,1.2,1.0,13.7,0.0,0.0,0.0,3,0,0
2,20.1,67,1.1,1.0,13.7,0.0,0.1,0.0,3,0,0
3,18.8,93,1.0,0.2095,17.6,0.0,5.4,0.0,3,0,0
4,18.0,93,1.6,0.3135,16.8,0.0,10.5,0.0,3,0,0
5,17.4,86,1.1,0.91,15.0,0.0,0.5,0.0,3,0,0
6,17.2,83,1.3,1.0,14.2,0.07,0.0,0.0,3,0,0
7,18.2,75,1.4,1.0,13.6,0.56,0.0,0.0,3,0,0
8,18.7,71,1.1,0.996,13.3,0.61,0.0,0.0,3,0,0
9,20.1,65,1.4,1.0,13.3,0.93,0.0,0.0,3,0,0
10,22.0,56,1.5,0.9945,12.8,1.91,0.0,0.0,3,0,0
11,22.9,57,1.4,0.959,13.9,2.24,0.0,0.0,3,0,0
12,24.4,50,1.6,1.0,13.2,3.07,0.0,0.0,3,0,0
13,25.3,48,1.8,0.9675,13.4,3.42,0.0,0.0,3,0,0
14,26.4,43,2.1,0.972,12.8,3.23,0.0,0.0,3,0,0
15,26.7,40,1.6,0.9975,11.9,2.42,0.0,0.0,3,0,0
16,26.5,45,1.6,1.0,13.5,1.91,0.0,0.0,3,0,0
17,26.1,45,1.4,1.0,13.2,1.26,0.0,0.0,3,0,0
18,25.9,44,1.5,1.0,12.7,1.36,0.0,0.0,3,0,0
19,24.3,48,1.5,1.0,12.5,0.59,0.0,0.0,3,0,0
20,22.6,51,1.3,1.0,11.9,0.06,0.0,0.0,3,0,0
21,21.4,54,1.5,1.0,11.6,0.0,0.0,0.0,3,0,0
22,20.4,54,1.4,1.0,10.7,0.0,0.0,0.0,3,0,0
23,19.6,55,1.4,1.0,10.3,0.0,0.0,0.0,3,0,0
0,19.0,57,1.6,1.0,10.2,0.0,0.0,0.0,3,0,1
1,18.4,59,1.3,1.0,10.2,0.0,0.0,0.0,3,0,1
2,17.9,60,0.8,1.0,10.0,0.0,0.0,0.0,3,0,1
3,17.4,61,1.2,1.0,9.7,0.0,0.0,0.0,3,0,1
4,16.9,63,1.0,1.0,9.8,0.0,0.0,0.0,3,0,1
5,16.6,65,1.2,1.0,9.9,0.0,0.0,0.0,3,0,1
6,16.3,66,0.7,1.0,9.9,0.05,0.0,0.0,3,0,1
7,17.0,60,1.1,0.9965,9.1,0.47,0.0,0.0,3,0,1
8,18.7,57,1.0,0.978,9.9,1.05,0.0,0.0,3,0,1
9,20.4,54,1.5,1.0,10.7,1.88,0.0,0.0,3,0,1
10,21.8,46,0.9,0.9635,9.6,2.46,0.0,0.0,3,0,1
11,23.4,46,1.6,0.977,11.1,2.96,0.0,0.0,3,0,1
12,24.8,43,1.2,0.9715,11.3,3.27,0.0,0.0,3,0,1
13,26.2,37,1.2,0.968,10.3,3.36,0.0,0.0,3,0,1
14,27.1,40,1.8,0.8895,12.3,3.26,0.0,0.0,3,0,1
15,27.8,41,1.6,0.9255,13.3,2.89,0.0,0.0,3,0,1
16,28.3,41,2.6,0.926,13.7,2.58,0.0,0.0,3,0,1
17,28.4,43,2.0,0.903,14.6,1.93,0.0,0.0,3,0,1
18,28.0,46,2.3,0.9165,15.2,1.23,0.0,0.0,3,0,1
19,27.2,48,1.4,0.997,15.2,0.57,0.0,0.0,3,0,1
20,25.0,60,2.4,0.8865,16.6,0.1,0.0,0.0,3,0,1
21,23.7,64,1.7,0.8535,16.4,0.0,0.0,0.0,3,0,1
22,22.8,69,1.7,0.828,16.8,0.0,0.0,0.0,3,0,1
23,22.1,73,1.6,0.59,17.0,0.0,0.0,0.0,3,0,1
0,21.5,76,1.4,0.5075,17.0,0.0,0.0,0.0,3,0,1
1,20.9,79,2.0,0.466,17.1,0.0,0.0,0.0,3,0,1
2,20.5,76,1.1,0.497,16.1,0.0,0.0,0.0,3,0,1
3,19.9,80,1.6,0.3705,16.3,0.0,0.0,0.0,3,0,1
4,19.4,82,0.9,0.2655,16.2,0.0,0.0,0.0,3,0,1
5,19.0,85,0.8,0.2835,16.4,0.0,0.0,0.0,3,0,1
6,18.9,83,0.3,0.288,15.9,0.05,0.0,0.0,3,0,1
7,19.6,75,0.9,0.442,15.0,0.42,0.0,0.0,3,0,1
8,21.1,70,0.3,0.383,15.4,0.9,0.0,0.0,3,0,1
9,22.5,66,1.2,0.3025,15.8,0.97,0.0,0.0,3,0,1
10,23.0,66,1.1,0.258,16.2,0.83,0.0,0.0,3,0,1
11,23.6,63,0.7,0.2615,16.1,0.93,0.0,0.0,3,0,1
12,24.8,56,0.9,0.265,15.4,1.57,0.0,0.0,3,0,1
13,25.7,52,1.1,0.3195,15.0,1.81,0.0,0.0,3,0,1
14,26.8,44,1.6,0.38,13.5,2.01,0.0,0.0,3,0,1
15,27.3,51,2.6,0.299,16.2,2.4,0.0,0.0,3,0,1
16,26.6,51,2.2,0.4045,15.6,1.27,0.0,0.0,3,0,1
17,25.6,58,3.3,0.4325,16.7,0.66,0.0,0.0,3,0,1
18,25.0,59,3.4,0.662,16.4,0.54,0.0,0.0,3,0,1
19,24.2,62,1.9,0.6125,16.4,0.39,0.0,0.0,3,0,1
20,23.1,67,2.1,0.53,16.6,0.03,0.0,0.0,3,0,1
21,22.7,66,0.9,0.5345,16.0,0.0,0.0,0.0,3,0,1
22,22.2,70,0.5,0.528,16.4,0.0,0.0,0.0,3,0,1
23,21.7,74,1.4,0.46,16.8,0.0,0.0,0.0,3,0,1
0,21.3,74,1.4,0.4815,16.4,0.0,0.0,0.0,3,0,0
1,21.0,74,0.5,0.495,16.1,0.0,0.0,0.0,3,0,0
2,20.7,76,0.3,0.46,16.3,0.0,0.0,0.0,3,0,0
3,20.5,77,0.5,0.4325,16.3,0.0,0.0,0.0,3,0,0
4,20.2,78,0.7,0.442,16.2,0.0,0.0,0.0,3,0,0
5,20.0,80,0.3,0.412,16.4,0.0,0.0,0.0,3,0,0
6,20.0,78,0.4,0.376,16.0,0.05,0.0,0.0,3,0,0
7,20.6,76,0.5,0.393,16.2,0.3,0.0,0.0,3,0,0
8,22.7,65,0.7,0.3795,15.7,1.05,0.0,0.0,3,0,0
9,24.7,59,1.1,0.308,16.1,1.8,0.0,0.0,3,0,0
10,26.1,53,0.9,0.277,15.7,2.14,0.0,0.0,3,0,0
11,27.3,45,2.4,0.423,14.3,2.84,0.0,0.0,3,0,0
12,28.4,45,2.2,0.3245,15.3,2.92,0.0,0.0,3,0,0
13,29.4,42,1.7,0.3445,15.1,3.1,0.0,0.0,3,0,0
14,29.8,36,2.0,0.691,13.1,2.63,0.0,0.0,3,0,0
15,30.5,34,2.8,0.795,12.8,2.87,0.0,0.0,3,0,0
16,30.5,34,2.9,0.915,12.8,2.51,0.0,0.0,3,0,0
17,29.5,36,3.7,0.893,12.8,1.94,0.0,0.0,3,0,0
18,29.2,35,2.7,0.95,12.1,1.27,0.0,0.0,3,0,0
19,28.1,38,2.6,1.0,12.4,0.63,0.0,0.0,3,0,0
20,25.7,43,2.1,1.0,12.1,0.12,0.0,0.0,3,0,0
21,23.8,48,2.0,1.0,12.1,0.0,0.0,0.0,3,0,0
22,22.9,56,1.3,0.9635,13.6,0.0,0.0,0.0,3,0,0
23,22.3,59,1.1,0.946,13.8,0.0,0.0,0.0,3,0,0
0,21.5,63,1.0,0.87,14.1,0.0,0.0,0.0,3,0,0
1,20.9,66,0.8,0.764,14.3,0.0,0.0,0.0,3,0,0
2,20.2,71,1.2,0.707,14.7,0.0,0.0,0.0,3,0,0
3,19.9,69,1.4,0.5895,14.0,0.0,0.0,0.0,3,0,0
4,19.7,73,1.6,0.424,14.7,0.0,0.0,0.0,3,0,0
5,19.4,77,0.8,0.4155,15.2,0.0,0.0,0.0,3,0,0
6,19.1,75,0.4,0.5195,14.5,0.08,0.0,0.0,3,0,0
7,19.9,72,0.6,0.42,14.6,0.32,0.0,0.0,3,0,0
8,21.1,66,1.0,0.3985,14.4,0.62,0.0,0.0,3,0,0
9,22.4,62,0.9,0.3805,14.7,0.93,0.0,0.0,3,0,0
10,23.7,56,1.6,0.537,14.3,1.34,0.0,0.0,3,0,0
11,24.6,53,1.4,0.736,14.3,1.67,0.0,0.0,3,0,0
12,25.8,48,1.5,0.7435,13.9,2.31,0.0,0.0,3,0,0
13,26.6,46,2.9,0.741,14.0,2.31,0.0,0.0,3,0,0
14,27.2,44,2.9,0.6885,13.8,2.59,0.0,0.0,3,0,0
15,26.7,42,2.6,0.817,12.7,1.89,0.0,0.0,3,0,0
16,26.1,46,3.0,0.864,13.5,1.55,0.0,0.0,3,0,0
17,25.1,51,2.4,0.857,14.2,1.15,0.0,0.0,3,0,0
18,24.1,57,2.9,0.6505,15.0,0.56,0.0,0.0,3,0,0
19,23.3,59,2.6,0.607,14.8,0.28,0.0,0.0,3,0,0
20,22.4,62,2.2,0.5205,14.7,0.05,0.0,0.0,3,0,0
21,21.6,66,2.4,0.481,14.9,0.0,0.0,0.0,3,0,0
22,20.8,71,2.1,0.4,15.3,0.0,0.0,0.0,3,0,0
23,20.1,73,1.9,0.3855,15.1,0.0,0.0,0.0,3,0,0
0,19.7,71,2.0,0.665,14.2,0.0,0.0,0.0,3,0,0
1,19.6,73,1.4,0.479,14.6,0.0,0.0,0.0,3,0,0
2,19.6,78,0.8,0.331,15.6,0.0,0.0,0.0,3,0,0
3,19.4,79,0.8,0.2815,15.6,0.0,0.0,0.0,3,0,0
4,19.1,82,1.5,0.2355,15.9,0.0,0.0,0.0,3,0,0
5,19.1,83,2.0,0.2285,16.1,0.0,0.0,0.0,3,0,0
6,19.4,83,1.6,0.224,16.4,0.03,0.0,0.0,3,0,0
7,20.0,77,1.7,0.2975,15.8,0.29,0.0,0.0,3,0,0
8,20.6,77,1.2,0.283,16.4,0.53,0.0,0.0,3,0,0
9,21.1,73,2.0,0.3115,16.0,0.43,0.0,0.0,3,0,0
10,22.2,70,3.1,0.37,16.4,1.44,0.0,0.0,3,0,0
11,23.7,56,2.4,0.535,14.3,2.33,0.0,0.0,3,0,0
12,25.2,53,3.3,0.488,14.9,3.38,0.0,0.0,3,0,0
13,26.2,51,3.2,0.539,15.2,3.36,0.0,0.0,3,0,0
14,27.5,47,2.7,0.495,15.1,3.24,0.0,0.0,3,0,0
15,27.9,45,3.6,0.779,14.8,3.04,0.0,0.0,3,0,0
16,28.2,48,3.9,0.5515,16.1,2.55,0.0,0.0,3,0,0
17,28.0,50,3.2,0.5685,16.6,1.93,0.0,0.0,3,0,0
18,27.0,55,3.1,0.623,17.1,1.26,0.0,0.0,3,0,0
19,25.6,61,2.7,0.618,17.5,0.6,0.0,0.0,3,0,0
20,23.3,68,3.6,0.4475,17.0,0.11,0.0,0.0,3,0,0
21,21.6,74,3.3,0.379,16.7,0.0,0.0,0.0,3,0,0
22,20.6,78,3.0,0.342,16.6,0.0,0.0,0.0,3,0,0
23,20.1,82,3.6,0.247,16.9,0.0,0.0,0.0,3,0,0
0,20.0,83,2.6,0.2735,17.0,0.0,0.0,0.0,3,0,0
1,20.1,82,1.2,0.291,16.9,0.0,0.0,0.0,3,0,0
2,20.2,82,0.9,0.2875,17.0,0.0,0.0,0.0,3,0,0
3,20.0,83,1.7,0.3035,17.0,0.0,0.0,0.0,3,0,0
4,19.6,87,1.2,0.2325,17.3,0.0,0.0,0.0,3,0,0
5,19.4,82,2.1,0.3385,16.2,0.0,0.0,0.0,3,0,0
6,19.5,80,1.6,0.3545,15.9,0.04,0.0,0.0,3,0,0
7,19.9,74,1.7,0.3415,15.1,0.21,0.0,0.0,3,0,0
8,21.4,65,1.9,0.4105,14.5,1.15,0.0,0.0,3,0,0
9,22.7,59,2.0,0.47,14.2,1.77,0.0,0.0,3,0,0
10,23.9,57,2.1,0.4885,14.8,2.54,0.0,0.0,3,0,0
11,25.5,57,1.8,0.4715,16.3,3.01,0.0,0.0,3,0,0
12,26.4,46,1.4,0.5515,13.8,3.26,0.0,0.0,3,0,0
13,27.3,33,3.4,0.9605,9.6,3.42,0.0,0.0,3,0,0
14,28.0,39,2.6,0.9165,12.7,3.14,0.0,0.0,3,0,0
15,28.3,40,3.2,0.8095,13.4,2.96,0.0,0.0,3,0,0
16,28.5,42,3.1,0.811,14.3,2.62,0.0,0.0,3,0,0
17,28.4,43,3.3,0.8575,14.6,2.04,0.0,0.0,3,0,0
18,27.8,43,3.0,0.9665,14.0,1.35,0.0,0.0,3,0,0
19,26.9,42,2.4,1.0,12.8,0.62,0.0,0.0,3,0,0
20,25.1,55,2.3,0.8895,15.4,0.08,0.0,0.0,3,0,0
21,23.8,63,1.5,0.7275,16.3,0.0,0.0,0.0,3,0,0
22,22.8,67,2.1,0.521,16.3,0.0,0.0,0.0,3,0,0
23,21.9,59,2.6,0.594,13.5,0.0,0.0,0.0,3,0,0
0,20.7,67,1.9,0.4425,14.3,0.0,0.0,0.0,3,0,0
1,20.2,75,1.4,0.2625,15.6,0.0,0.0,0.0,3,0,0
2,19.8,80,1.5,0.185,16.2,0.0,0.0,0.0,3,0,0
3,19.3,85,1.6,0.1725,16.7,0.0,0.0,0.0,3,0,0
4,19.1,86,1.4,0.161,16.6,0.0,0.0,0.0,3,0,0
5,18.6,85,1.0,0.192,16.0,0.0,0.0,0.0,3,0,0
6,18.2,83,0.6,0.224,15.2,0.06,0.0,0.0,3,0,0
7,18.8,66,1.1,0.407,12.3,0.46,0.0,0.0,3,0,0
8,21.9,58,1.2,0.3855,13.2,1.29,0.0,0.0,3,0,0
9,24.2,47,1.2,0.411,12.1,1.94,0.0,0.0,3,0,0
10,26.3,34,0.9,0.896,9.1,2.57,0.0,0.0,3,0,0
11,28.1,35,1.3,0.804,11.1,3.02,0.0,0.0,3,0,0
12,29.8,28,1.3,0.8885,9.3,3.21,0.0,0.0,3,0,0
13,30.6,26,1.2,0.896,8.9,3.17,0.0,0.0,3,0,0
14,31.6,25,2.3,0.89,9.1,3.21,0.0,0.0,3,0,0
15,31.9,23,1.8,0.9885,8.1,2.57,0.0,0.0,3,0,0
16,30.8,31,3.8,0.623,11.7,2.17,0.0,0.0,3,0,0
17,30.4,28,2.9,0.917,9.8,1.9,0.0,0.0,3,0,0
18,29.3,27,3.4,0.9885,8.3,1.24,0.0,0.0,3,0,0
19,27.1,32,3.5,1.0,8.9,0.52,0.0,0.0,3,0,0
20,25.4,31,2.5,1.0,7.0,0.07,0.0,0.0,3,0,0
21,24.2,32,1.5,1.0,6.4,0.0,0.0,0.0,3,0,0
22,23.3,32,1.1,1.0,5.6,0.0,0.0,0.0,3,0,0
23,22.9,34,1.1,0.905,6.1,0.0,0.0,0.0,3,0,0
0,22.7,36,1.5,1.0,6.8,0.0,0.0,0.0,3,0,1
1,22.5,39,1.1,1.0,7.8,0.0,0.0,0.0,3,0,1
2,22.3,37,1.8,1.0,6.8,0.0,0.0,0.0,3,0,1
3,22.0,42,0.2,0.9455,8.4,0.0,0.0,0.0,3,0,1
4,21.6,47,0.4,0.9925,9.7,0.0,0.0,0.0,3,0,1
5,21.1,48,0.3,1.0,9.6,0.0,0.0,0.0,3,0,1
6,21.0,48,0.6,1.0,9.5,0.01,0.0,0.0,3,0,1
7,21.3,44,0.5,0.9555,8.5,0.2,0.0,0.0,3,0,1
8,22.6,42,0.7,0.9435,9.0,0.62,0.0,0.0,3,0,1
9,24.3,37,1.1,0.9695,8.6,1.31,0.0,0.0,3,0,1
10,25.8,35,1.5,0.95,9.1,1.66,0.0,0.0,3,0,1
11,27.5,31,1.9,0.9205,8.8,2.7,0.0,0.0,3,0,1
12,28.4,31,2.7,0.9245,9.6,2.93,0.0,0.0,3,0,1
13,27.9,41,3.9,0.8245,13.4,2.08,0.0,0.0,3,0,1
14,28.0,46,3.6,0.7005,15.2,2.88,0.0,0.0,3,0,1
15,28.4,43,3.1,0.6685,14.6,2.65,0.0,0.0,3,0,1
16,28.3,48,3.1,0.616,16.2,2.41,0.0,0.0,3,0,1
17,28.1,49,3.2,0.5585,16.3,1.62,0.0,0.0,3,0,1
18,26.3,55,3.2,0.5595,16.5,0.64,0.0,0.0,3,0,1
19,25.7,59,2.8,0.5415,17.0,0.38,0.0,0.0,3,0,1
20,24.6,65,2.1,0.509,17.5,0.1,0.0,0.0,3,0,1
21,23.8,68,2.2,0.347,17.5,0.0,0.0,0.0,3,0,1
22,23.0,74,2.4,0.2365,18.1,0.0,0.0,0.0,3,0,1
23,22.5,77,2.7,0.198,18.2,0.0,0.0,0.0,3,0,1
0,22.0,81,1.6,0.187,18.5,0.0,0.0,0.0,3,0,1
1,21.5,83,1.3,0.1725,18.4,0.0,0.0,0.0,3,0,1
2,20.9,87,1.8,0.111,18.6,0.0,0.0,0.0,3,0,1
3,20.6,91,0.8,0.097,19.0,0.0,0.0,0.0,3,0,1
4,20.5,90,0.8,0.1115,18.7,0.0,0.0,0.0,3,0,1
5,20.3,87,1.0,0.1255,18.0,0.0,0.0,0.0,3,0,1
6,20.2,87,2.0,0.1275,17.9,0.01,0.0,0.0,3,0,1
7,20.5,82,0.8,0.169,17.3,0.16,0.0,0.0,3,0,1
8,21.3,78,0.7,0.1755,17.3,0.51,0.0,0.0,3,0,1
9,23.1,68,1.9,0.241,16.8,1.64,0.0,0.0,3,0,1
10,25.0,60,1.5,0.285,16.6,2.33,0.0,0.0,3,0,1
11,27.1,52,2.1,0.2785,16.3,2.82,0.0,0.0,3,0,1
12,28.9,40,2.3,0.4045,13.9,3.15,0.0,0.0,3,0,1
13,30.6,31,2.7,0.62,11.5,3.24,0.0,0.0,3,0,1
14,31.6,34,2.9,0.525,13.8,3.12,0.0,0.0,3,0,1
15,31.8,31,3.4,0.7,12.5,2.85,0.0,0.0,3,0,1
16,31.3,32,3.2,0.7135,12.6,2.38,0.0,0.0,3,0,1
17,30.9,34,2.5,0.82,13.2,1.79,0.0,0.0,3,0,1
18,29.8,35,3.3,0.9025,12.6,1.15,0.0,0.0,3,0,1
19,27.8,41,2.7,0.995,13.3,0.45,0.0,0.0,3,0,1
20,26.1,49,1.9,0.98,14.5,0.1,0.0,0.0,3,0,1
21,24.5,71,1.7,0.6475,18.8,0.0,0.0,0.0,3,0,1
22,23.9,72,0.8,0.549,18.5,0.0,0.0,0.0,3,0,1
23,23.3,75,2.0,0.445,18.6,0.0,0.0,0.0,3,0,1
0,22.9,79,0.6,0.3575,19.0,0.0,0.0,0.0,3,0,0
1,22.5,80,1.1,0.3095,18.8,0.0,0.0,0.0,3,0,0
2,22.3,80,0.8,0.3545,18.6,0.0,0.0,0.0,3,0,0
3,22.0,83,0.5,0.342,18.9,0.0,0.0,0.0,3,0,0
4,21.8,82,0.7,0.351,18.5,0.0,0.0,0.0,3,0,0
5,21.5,84,0.3,0.2845,18.6,0.0,0.0,0.0,3,0,0
6,21.3,81,0.7,0.302,17.8,0.05,0.0,0.0,3,0,0
7,22.1,74,0.3,0.415,17.2,0.37,0.0,0.0,3,0,0
8,23.8,66,0.9,0.48,17.0,0.74,0.0,0.0,3,0,0
9,25.4,61,1.0,0.5395,17.3,1.28,0.0,0.0,3,0,0
10,26.4,55,0.9,0.4505,16.6,1.16,0.0,0.0,3,0,0
11,27.8,46,1.3,0.456,15.1,1.77,0.0,0.0,3,0,0
12,29.8,42,2.1,0.61,15.5,2.9,0.0,0.0,3,0,0
13,31.2,36,2.0,0.511,14.3,2.91,0.0,0.0,3,0,0
14,32.3,35,1.8,0.491,14.8,2.71,0.0,0.0,3,0,0
15,32.7,31,1.7,0.6215,13.3,2.3,0.0,0.0,3,0,0
16,32.2,39,2.8,0.464,16.4,1.74,0.0,0.0,3,0,0
17,31.5,42,2.3,0.495,17.0,1.36,0.0,0.0,3,0,0
18,30.7,43,1.6,0.4655,16.6,0.74,0.0,0.0,3,0,0
19,29.8,45,1.5,0.478,16.5,0.32,0.0,0.0,3,0,0
20,28.8,54,1.1,0.482,18.5,0.09,0.0,0.0,3,0,0
21,27.9,55,0.5,0.5415,18.0,0.0,0.0,0.0,3,0,0
22,27.4,55,0.3,0.5005,17.5,0.0,0.0,0.0,3,0,0
23,27.2,55,0.7,0.46,17.3,0.0,0.0,0.0,3,0,0
0,26.9,61,1.5,0.4025,18.7,0.0,0.0,0.0,3,0,0
1,26.7,50,1.8,0.442,15.4,0.0,0.0,0.0,3,0,0
2,26.1,51,1.7,0.38,15.1,0.0,0.0,0.0,3,0,0
3,25.4,50,1.1,0.435,14.2,0.0,0.0,0.0,3,0,0
4,24.7,49,1.0,0.6465,13.2,0.0,0.0,0.0,3,0,0
5,23.7,64,0.9,0.438,16.4,0.0,0.1,0.0,3,0,0
6,22.5,83,0.8,0.2685,19.4,0.0,0.4,0.0,3,0,0
7,21.2,87,0.8,0.188,18.9,0.03,1.5,0.0,3,0,0
8,20.8,94,1.0,0.0795,19.7,0.05,3.5,0.0,3,0,0
9,20.3,96,1.1,0.0715,19.6,0.06,6.5,0.0,3,0,0
10,20.3,97,1.0,0.0515,19.8,0.12,9.5,0.0,3,0,0
11,20.4,97,1.4,0.0645,19.9,0.09,16.0,0.0,3,0,0
12,20.5,97,1.8,0.1285,20.0,0.15,5.0,0.0,3,0,0
13,20.5,97,1.2,0.169,20.0,0.11,14.5,0.0,3,0,0
14,21.0,97,0.7,0.1905,20.4,0.26,2.5,0.0,3,0,0
15,21.5,97,0.6,0.1555,20.9,0.21,4.5,0.0,3,0,0
16,23.3,96,3.4,0.2205,22.6,0.08,1.0,0.0,3,0,0
17,24.0,95,5.0,0.181,23.1,0.07,2.0,0.0,3,0,0
18,24.1,95,4.4,0.1305,23.2,0.03,1.0,0.0,3,0,0
19,24.2,94,4.7,0.121,23.1,0.03,1.5,0.0,3,0,0
20,24.1,94,4.5,0.107,23.0,0.0,0.5,0.0,3,0,0
21,23.5,94,4.6,0.1135,22.4,0.0,1.5,0.0,3,0,0
22,22.4,95,4.1,0.111,21.5,0.0,0.0,0.0,3,0,0
23,21.6,89,4.3,0.349,19.7,0.0,0.0,0.0,3,0,0
0,20.5,94,3.7,0.448,19.4,0.0,0.0,0.0,3,0,0
1,20.0,96,3.0,0.091,19.3,0.0,0.1,0.0,3,0,0
2,19.6,97,2.6,0.1005,19.1,0.0,0.4,0.0,3,0,0
3,19.4,97,2.9,0.141,18.9,0.0,0.0,0.0,3,0,0
4,19.2,97,1.0,0.1085,18.7,0.0,0.5,0.0,3,0,0
5,19.1,97,1.2,0.201,18.6,0.0,0.0,0.0,3,0,0
6,19.2,97,1.5,0.0785,18.7,0.0,0.0,0.0,3,0,0
7,19.3,98,1.0,0.094,18.9,0.06,0.0,0.0,3,0,0
8,19.7,97,1.5,0.1,19.2,0.25,0.0,0.0,3,0,0
9,20.0,96,1.6,0.1435,19.3,0.39,0.0,0.0,3,0,0
10,21.4,85,1.1,0.298,18.7,1.34,0.0,0.0,3,0,0
11,23.4,73,1.3,0.4135,18.2,2.38,0.0,0.0,3,0,0
12,24.1,73,2.2,0.496,18.9,2.15,0.0,0.0,3,0,0
13,24.9,69,2.2,0.425,18.8,2.14,0.0,0.0,3,0,0
14,24.7,72,2.9,0.36,19.3,1.45,0.0,0.0,3,0,0
15,25.5,68,2.4,0.319,19.1,1.61,0.0,0.0,3,0,0
16,25.0,74,2.2,0.289,20.0,0.52,0.0,0.0,3,0,0
17,25.1,70,2.2,0.398,19.2,0.48,0.0,0.0,3,0,0
18,25.0,69,1.5,0.5625,18.9,0.52,0.0,0.0,3,0,0
19,24.9,70,1.8,0.5655,19.0,0.24,0.0,0.0,3,0,0
20,24.2,72,1.4,0.4165,18.8,0.03,0.0,0.0,3,0,0
21,23.3,71,1.3,0.5725,17.7,0.0,0.0,0.0,3,0,0
22,22.7,77,2.0,0.5495,18.4,0.0,0.0,0.0,3,0,0
23,22.3,83,2.6,0.245,19.2,0.0,0.0,0.0,3,0,0
0,22.2,84,1.1,0.241,19.3,0.0,0.0,0.0,3,0,0
1,22.2,84,0.3,0.305,19.3,0.0,0.0,0.0,3,0,0
2,22.4,84,0.6,0.3335,19.5,0.0,0.0,0.0,3,0,0
3,22.4,86,0.6,0.309,19.9,0.0,0.0,0.0,3,0,0
4,22.3,88,0.9,0.149,20.2,0.0,0.0,0.0,3,0,0
5,22.1,93,0.4,0.1665,20.9,0.0,0.0,0.0,3,0,0
6,22.0,90,0.4,0.1865,20.2,0.04,0.1,0.0,3,0,0
7,22.7,81,0.4,0.433,19.2,0.4,0.0,0.0,3,0,0
8,24.2,73,1.0,0.7905,19.0,0.96,0.0,0.0,3,0,0
9,24.8,75,1.1,0.709,20.0,0.63,0.0,0.0,3,0,0
10,25.3,70,0.6,0.693,19.4,0.7,0.0,0.0,3,0,0
11,26.5,64,1.8,0.903,19.1,1.3,0.0,0.0,3,0,0
12,27.0,68,2.0,0.9315,20.5,1.3,0.0,0.0,3,0,0
13,27.2,68,1.8,0.7875,20.7,1.1,0.0,0.0,3,0,0
14,27.1,72,3.0,0.563,21.6,0.91,0.0,0.0,3,0,0
15,26.4,76,3.7,0.685,21.8,1.01,0.0,0.0,3,0,0
16,25.2,81,3.6,0.4805,21.6,0.5,0.0,0.0,3,0,0
17,22.2,92,1.2,0.127,20.8,0.11,4.9,0.0,3,0,0
18,20.6,97,0.7,0.111,20.1,0.14,21.5,0.0,3,0,0
19,20.9,97,1.0,0.8735,20.3,0.19,0.0,0.0,3,0,0
20,21.0,96,0.1,0.7155,20.3,0.02,0.0,0.0,3,0,0
21,21.3,94,0.3,0.657,20.2,0.0,0.0,0.0,3,0,0
22,21.6,94,1.1,0.383,20.5,0.0,0.0,0.0,3,0,0
23,21.7,96,0.3,0.1465,21.0,0.0,0.0,0.0,3,0,0
0,21.9,95,1.9,0.1785,21.0,0.0,0.0,0.0,3,0,0
1,22.0,96,0.1,0.1935,21.3,0.0,0.1,0.0,3,0,0
2,22.2,96,0.8,0.1345,21.5,0.0,0.2,0.0,3,0,0
3,22.3,96,1.2,0.145,21.6,0.0,0.1,0.0,3,0,0
4,22.3,96,0.0,0.139,21.6,0.0,0.1,0.0,3,0,0
5,22.1,97,0.5,0.076,21.5,0.0,1.5,0.0,3,0,0
6,21.9,97,0.2,0.095,21.3,0.0,4.5,0.0,3,0,0
7,22.0,97,0.9,0.1345,21.4,0.03,0.0,0.0,3,0,0
8,22.2,95,1.6,0.1945,21.3,0.26,0.0,0.0,3,0,0
9,22.9,86,1.7,0.269,20.4,0.76,0.0,0.0,3,0,0
10,24.4,76,2.1,0.3085,19.8,1.58,0.0,0.0,3,0,0
11,24.8,74,1.8,0.322,19.8,1.41,0.0,0.0,3,0,0
12,26.1,67,2.2,0.379,19.4,2.15,0.0,0.0,3,0,0
13,26.8,65,2.0,0.366,19.6,2.37,0.0,0.0,3,0,0
14,27.8,57,2.1,0.38,18.4,2.62,0.0,0.0,3,0,0
15,28.4,63,2.8,0.371,20.6,2.47,0.0,0.0,3,0,0
16,29.0,57,2.3,0.4935,19.6,2.36,0.0,0.0,3,0,0
17,28.5,60,2.6,0.507,19.9,1.33,0.0,0.0,3,0,0
18,28.1,60,1.9,0.4795,19.5,1.05,0.0,0.0,3,0,0
19,27.1,64,1.1,0.4145,19.6,0.28,0.0,0.0,3,0,0
20,26.2,70,1.5,0.396,20.2,0.12,0.0,0.0,3,0,0
21,25.2,75,1.4,0.322,20.4,0.0,0.0,0.0,3,0,0
22,24.2,80,1.3,0.25,20.5,0.0,0.0,0.0,3,0,0
23,23.5,83,1.4,0.218,20.4,0.0,0.0,0.0,3,0,0
0,23.0,84,1.9,0.1875,20.1,0.0,0.0,0.0,3,0,1
1,22.6,85,0.3,0.1615,19.9,0.0,0.0,0.0,3,0,1
2,22.2,88,1.0,0.1475,20.1,0.0,0.0,0.0,3,0,1
3,21.9,88,0.9,0.137,19.8,0.0,0.0,0.0,3,0,1
4,21.7,93,0.1,0.122,20.5,0.0,0.0,0.0,3,0,1
5,21.7,88,0.6,0.1445,19.6,0.0,0.0,0.0,3,0,1
6,22.1,85,0.5,0.1515,19.4,0.01,0.1,0.0,3,0,1
7,22.5,86,0.6,0.1495,20.0,0.07,0.0,0.0,3,0,1
8,23.4,81,0.5,0.1565,19.9,0.37,0.0,0.0,3,0,1
9,24.2,81,0.9,0.1475,20.7,0.53,0.0,0.0,3,0,1
10,25.1,73,0.9,0.179,19.9,0.66,0.0,0.0,3,0,1
11,26.4,71,1.0,0.215,20.7,1.36,0.0,0.0,3,0,1
12,25.2,94,2.8,0.083,24.1,0.39,6.4,0.0,3,0,1
13,25.6,87,1.7,0.195,23.2,0.71,3.5,0.0,3,0,1
14,27.5,69,0.5,0.368,21.2,1.84,0.0,0.0,3,0,1
15,27.8,71,0.9,0.3665,22.0,0.93,0.0,0.0,3,0,1
16,27.9,69,0.5,0.44,21.6,0.61,0.0,0.0,3,0,1
17,27.4,75,2.3,0.308,22.5,0.46,0.0,0.0,3,0,1
18,27.5,79,0.5,0.6185,23.5,0.65,0.5,0.0,3,0,1
19,24.3,95,0.5,0.479,23.4,0.11,4.0,0.0,3,0,1
20,24.2,88,0.8,0.638,22.0,0.06,0.0,0.0,3,0,1
21,23.9,84,0.7,0.776,21.0,0.0,0.0,0.0,3,0,1
22,23.4,88,0.9,0.5765,21.2,0.0,0.0,0.0,3,0,1
23,22.9,92,0.6,0.4945,21.5,0.0,0.0,0.0,3,0,1
0,22.6,88,0.2,0.6295,20.5,0.0,0.0,0.0,3,0,1
1,22.7,87,0.5,0.536,20.4,0.0,0.0,0.0,3,0,1
2,22.7,87,0.5,0.5935,20.4,0.0,0.0,0.0,3,0,1
3,22.7,86,0.7,0.7275,20.2,0.0,0.0,0.0,3,0,1
4,22.7,85,0.7,0.7735,20.0,0.0,0.0,0.0,3,0,1
5,22.6,86,0.5,0.538,20.1,0.0,0.1,0.0,3,0,1
6,22.3,93,0.6,0.631,21.1,0.01,0.4,0.0,3,0,1
7,22.1,89,0.5,0.8085,20.1,0.08,0.5,0.0,3,0,1
8,22.1,93,0.5,0.4025,20.9,0.14,1.0,0.0,3,0,1
9,22.1,94,0.9,0.312,21.0,0.22,1.5,0.0,3,0,1
10,21.6,97,0.5,0.133,21.0,0.13,12.0,0.0,3,0,1
11,21.2,97,1.2,0.0525,20.6,0.15,18.5,0.0,3,0,1
12,21.1,97,1.2,0.3265,20.5,0.17,7.5,0.0,3,0,1
13,21.2,97,1.1,0.38,20.6,0.2,3.5,0.0,3,0,1
14,21.5,97,0.7,0.761,20.9,0.29,1.0,0.0,3,0,1
15,21.8,97,0.7,0.162,21.2,0.14,5.5,0.0,3,0,1
16,22.2,97,1.1,0.8725,21.6,0.25,1.0,0.0,3,0,1
17,22.4,96,0.4,0.8305,21.7,0.21,1.5,0.0,3,0,1
18,22.2,96,1.2,0.3365,21.5,0.09,3.5,0.0,3,0,1
19,21.9,96,1.2,0.2545,21.2,0.01,5.5,0.0,3,0,1
20,21.9,97,1.1,0.267,21.3,0.0,6.0,0.0,3,0,1
21,21.8,97,0.6,0.346,21.2,0.0,3.5,0.0,3,0,1
22,21.7,97,0.7,0.27,21.1,0.0,3.5,0.0,3,0,1
23,21.5,97,1.5,0.2615,20.9,0.0,5.0,0.0,3,0,1
0,21.4,97,0.6,0.34,20.8,0.0,2.5,0.0,3,0,0
1,21.3,97,1.0,0.7255,20.7,0.0,3.0,0.0,3,0,0
2,21.2,97,0.8,0.509,20.6,0.0,2.0,0.0,3,0,0
3,21.1,96,2.4,0.433,20.4,0.0,4.5,0.0,3,0,0
4,20.8,97,1.0,1.0,20.3,0.0,4.0,0.0,3,0,0
5,20.7,97,0.3,1.0,20.2,0.0,0.5,0.0,3,0,0
6,20.7,97,0.3,0.631,20.2,0.0,1.0,0.0,3,0,0
7,20.7,97,0.4,0.9005,20.2,0.0,0.5,0.0,3,0,0
8,20.8,96,0.4,0.8135,20.1,0.11,1.5,0.0,3,0,0
9,21.0,97,1.3,0.4125,20.4,0.14,3.0,0.0,3,0,0
10,21.4,97,0.6,0.2815,20.8,0.27,1.0,0.0,3,0,0
11,21.7,97,0.5,0.2955,21.1,0.25,8.0,0.0,3,0,0
12,22.4,97,1.0,0.4725,21.8,0.46,0.0,0.0,3,0,0
13,22.6,97,0.6,0.1835,22.0,0.3,0.5,0.0,3,0,0
14,23.3,96,0.3,0.217,22.6,0.53,0.0,0.0,3,0,0
15,24.2,93,1.0,0.295,22.9,0.78,0.0,0.0,3,0,0
16,25.2,87,0.9,0.3005,22.8,0.88,0.0,0.0,3,0,0
17,25.3,87,0.6,0.3755,22.9,0.49,0.0,0.0,3,0,0
18,24.9,87,1.9,0.871,22.5,0.25,0.0,0.0,3,0,0
19,24.1,93,2.1,0.559,22.8,0.23,1.5,0.0,3,0,0
20,23.5,97,0.1,0.907,22.9,0.04,24.0,0.0,3,0,0
21,23.4,98,0.4,0.519,23.0,0.0,1.0,0.0,3,0,0
22,23.4,98,0.3,0.2925,23.0,0.0,2.5,0.0,3,0,0
23,23.4,98,0.3,0.331,23.0,0.0,0.5,0.0,3,0,0
0,23.2,98,0.2,0.4635,22.8,0.0,0.5,0.0,3,0,0
1,23.1,98,0.0,0.479,22.7,0.0,0.0,0.0,3,0,0
2,23.0,98,0.1,0.513,22.6,0.0,0.0,0.0,3,0,0
3,22.8,98,0.0,0.867,22.4,0.0,0.0,0.0,3,0,0
4,22.7,97,0.2,0.904,22.1,0.0,0.0,0.0,3,0,0
5,22.6,97,0.0,0.6915,22.0,0.0,0.0,0.0,3,0,0
6,22.6,95,0.1,0.9685,21.7,0.05,0.0,0.0,3,0,0
7,23.5,86,0.2,0.954,21.0,0.38,0.0,0.0,3,0,0
8,24.3,83,0.5,0.993,21.2,0.53,0.0,0.0,3,0,0
9,25.7,76,0.8,0.96,21.1,1.11,0.0,0.0,3,0,0
10,27.6,71,1.6,0.935,21.8,2.14,0.0,0.0,3,0,0
11,29.2,66,1.4,0.9765,22.1,2.72,0.0,0.0,3,0,0
12,30.1,64,1.2,1.0,22.5,2.54,0.0,0.0,3,0,0
13,31.2,54,1.3,0.9805,20.7,3.11,0.0,0.0,3,0,0
14,31.0,56,1.5,1.0,21.1,1.47,0.0,0.0,3,0,0
15,32.0,54,1.2,0.981,21.5,2.99,0.0,0.0,3,0,0
16,31.3,52,1.2,1.0,20.2,1.63,0.0,0.0,3,0,0
17,32.4,50,2.2,1.0,20.6,1.92,0.0,0.0,3,0,0
18,32.2,57,1.8,0.94,22.5,1.53,0.0,0.0,3,0,0
19,30.4,62,0.9,1.0,22.2,0.65,0.1,0.0,3,0,0
20,28.8,72,0.9,1.0,23.2,0.11,0.0,0.0,3,0,0
21,27.8,72,0.6,1.0,22.2,0.0,0.0,0.0,3,0,0
22,26.9,78,0.6,0.903,22.7,0.0,0.0,0.0,3,0,0
23,26.4,78,0.3,1.0,22.2,0.0,0.0,0.0,3,0,0
0,25.9,79,0.3,1.0,21.9,0.0,0.0,0.0,3,0,0
1,25.4,79,1.0,1.0,21.4,0.0,0.0,0.0,3,0,0
2,25.1,82,0.2,1.0,21.8,0.0,0.0,0.0,3,0,0
3,24.9,83,0.2,0.9285,21.8,0.0,0.0,0.0,3,0,0
4,24.7,82,0.3,1.0,21.4,0.0,0.0,0.0,3,0,0
5,24.2,86,0.2,1.0,21.7,0.0,0.0,0.0,3,0,0
6,24.0,84,0.1,0.9845,21.1,0.05,0.0,0.0,3,0,0
7,24.6,78,0.5,1.0,20.5,0.33,0.0,0.0,3,0,0
8,26.4,64,0.5,0.9545,19.0,1.33,0.0,0.0,3,0,0
9,27.4,68,0.5,0.9705,20.9,1.31,0.0,0.0,3,0,0
10,28.5,65,1.5,0.7595,21.2,1.74,0.0,0.0,3,0,0
11,30.0,60,2.3,0.9305,21.3,2.61,0.0,0.0,3,0,0
12,30.5,58,2.5,0.8705,21.2,2.26,0.0,0.0,3,0,0
13,31.0,60,2.6,0.8285,22.3,2.75,0.0,0.0,3,0,0
14,31.3,58,3.0,0.7395,22.0,2.46,0.0,0.0,3,0,0
15,31.1,57,3.7,0.956,21.5,2.03,0.0,0.0,3,0,0
16,31.6,57,2.7,0.941,22.0,2.19,0.0,0.0,3,0,0
17,31.2,56,3.4,0.9715,21.3,1.82,0.0,0.0,3,0,0
18,30.0,60,2.5,0.9665,21.3,0.99,0.0,0.0,3,0,0
19,28.2,64,2.8,0.989,20.7,0.5,0.0,0.0,3,0,0
20,27.1,67,2.9,0.9745,20.4,0.06,0.0,0.0,3,0,0
21,26.2,70,2.2,0.954,20.2,0.0,0.0,0.0,3,0,0
22,25.1,73,2.5,0.904,19.9,0.0,0.0,0.0,3,0,0
23,24.7,74,1.4,0.798,19.7,0.0,0.0,0.0,3,0,0
0,24.2,77,1.8,0.6825,19.9,0.0,0.0,0.0,3,0,0
1,23.9,79,1.7,0.5605,20.0,0.0,0.0,0.0,3,0,0
2,23.6,80,1.5,0.4395,19.9,0.0,0.0,0.0,3,0,0
3,23.5,81,0.9,0.439,20.0,0.0,0.0,0.0,3,0,0
4,23.5,80,0.4,0.462,19.8,0.0,0.0,0.0,3,0,0
5,23.5,80,0.3,0.419,19.8,0.0,0.0,0.0,3,0,0
6,23.5,80,0.3,0.384,19.8,0.0,0.0,0.0,3,0,0
7,23.5,90,0.5,0.2225,21.7,0.05,0.5,0.0,3,0,0
8,23.6,93,0.9,0.154,22.3,0.21,0.0,0.0,3,0,0
9,24.2,84,0.9,0.316,21.3,0.49,0.0,0.0,3,0,0
10,25.6,75,1.1,0.514,20.8,1.22,0.0,0.0,3,0,0
11,26.3,71,1.1,0.67,20.6,0.86,0.0,0.0,3,0,0
12,27.0,68,1.1,0.872,20.5,1.2,0.0,0.0,3,0,0
13,28.1,67,1.1,0.886,21.3,1.43,0.0,0.0,3,0,0
14,28.3,67,3.0,0.621,21.5,1.73,0.0,0.0,3,0,0
15,28.8,66,0.9,0.903,21.8,1.55,0.0,0.0,3,0,0
16,28.2,71,1.7,1.0,22.4,0.96,0.0,0.0,3,0,0
17,27.3,76,0.9,0.9855,22.6,0.52,0.0,0.0,3,0,0
18,26.8,71,1.2,1.0,21.0,0.21,0.0,0.0,3,0,0
19,26.7,69,1.4,1.0,20.5,0.36,0.0,0.0,3,0,0
20,25.8,68,1.4,1.0,19.4,0.09,0.0,0.0,3,0,0
21,25.2,67,1.5,1.0,18.6,0.0,0.0,0.0,3,0,0
22,24.4,67,1.6,1.0,17.8,0.0,0.0,0.0,3,0,0
23,23.9,66,1.5,1.0,17.1,0.0,0.0,0.0,3,0,0
0,23.5,65,1.9,1.0,16.5,0.0,0.0,0.0,3,0,0
1,23.1,66,1.6,1.0,16.3,0.0,0.0,0.0,3,0,0
2,22.8,65,1.8,1.0,15.8,0.0,0.0,0.0,3,0,0
3,22.6,66,1.5,1.0,15.9,0.0,0.0,0.0,3,0,0
4,22.6,66,0.9,1.0,15.9,0.0,0.0,0.0,3,0,0
5,22.5,66,1.5,1.0,15.8,0.0,0.0,0.0,3,0,0
6,22.4,65,1.6,1.0,15.4,0.01,0.0,0.0,3,0,0
7,22.6,63,1.3,1.0,15.1,0.21,0.0,0.0,3,0,0
8,23.2,60,1.7,1.0,14.9,0.58,0.0,0.0,3,0,0
9,23.3,61,1.7,1.0,15.3,0.8,0.0,0.0,3,0,0
10,23.7,59,1.7,1.0,15.2,0.89,0.0,0.0,3,0,0
11,23.9,59,2.1,1.0,15.3,1.08,0.0,0.0,3,0,0
12,25.7,57,1.9,1.0,16.5,2.32,0.0,0.0,3,0,0
13,26.2,53,2.1,1.0,15.8,2.23,0.0,0.0,3,0,0
14,27.0,52,2.1,1.0,16.2,2.51,0.0,0.0,3,0,0
15,26.9,51,2.0,1.0,15.9,1.95,0.0,0.0,3,0,0
16,26.6,54,2.3,1.0,16.5,1.24,0.0,0.0,3,0,0
17,26.6,52,2.2,1.0,15.9,1.02,0.0,0.0,3,0,0
18,25.9,52,2.1,1.0,15.2,0.57,0.0,0.0,3,0,0
19,25.0,52,2.2,1.0,14.4,0.37,0.0,0.0,3,0,0
20,23.8,55,2.3,1.0,14.2,0.05,0.0,0.0,3,0,0
21,23.1,54,2.1,1.0,13.2,0.0,0.0,0.0,3,0,0
22,22.5,54,2.1,1.0,12.7,0.0,0.0,0.0,3,0,0
23,22.0,55,1.7,1.0,12.5,0.0,0.0,0.0,3,0,0
0,21.5,56,1.8,1.0,12.3,0.0,0.0,0.0,3,0,1
1,21.1,57,2.0,1.0,12.2,0.0,0.0,0.0,3,0,1
2,20.7,58,1.5,1.0,12.1,0.0,0.0,0.0,3,0,1
3,20.4,59,1.0,1.0,12.1,0.0,0.0,0.0,3,0,1
4,20.0,63,1.8,1.0,12.7,0.0,0.0,0.0,3,0,1
5,19.8,63,1.4,1.0,12.5,0.0,0.0,0.0,3,0,1
6,19.5,61,1.5,1.0,11.7,0.03,0.0,0.0,3,0,1
7,19.6,57,1.6,1.0,10.8,0.42,0.0,0.0,3,0,1
8,21.2,52,1.6,0.999,10.9,1.2,0.0,0.0,3,0,1
9,22.6,51,1.7,1.0,11.9,1.87,0.0,0.0,3,0,1
10,24.0,49,1.7,1.0,12.6,2.48,0.0,0.0,3,0,1
11,25.0,48,1.5,0.993,13.2,2.95,0.0,0.0,3,0,1
12,26.4,47,1.7,1.0,14.1,3.26,0.0,0.0,3,0,1
13,27.5,43,2.0,1.0,13.7,3.41,0.0,0.0,3,0,1
14,28.3,43,1.6,0.9705,14.5,3.33,0.0,0.0,3,0,1
15,28.7,42,1.3,1.0,14.5,2.98,0.0,0.0,3,0,1
16,28.9,44,1.6,0.999,15.4,2.2,0.0,0.0,3,0,1
17,28.9,45,1.4,1.0,15.7,1.89,0.0,0.0,3,0,1
18,27.8,48,1.2,1.0,15.7,0.91,0.0,0.0,3,0,1
19,26.1,51,1.4,1.0,15.1,0.32,0.0,0.0,3,0,1
20,24.6,51,1.7,1.0,13.7,0.07,0.0,0.0,3,0,1
21,23.4,52,1.4,1.0,12.9,0.0,0.0,0.0,3,0,1
22,22.6,51,1.7,1.0,11.9,0.0,0.0,0.0,3,0,1
23,21.7,51,1.7,1.0,11.1,0.0,0.0,0.0,3,0,1
0,20.7,51,1.7,1.0,10.1,0.0,0.0,0.0,3,0,1
1,19.9,52,1.6,1.0,9.7,0.0,0.0,0.0,3,0,1
2,19.3,54,1.4,1.0,9.7,0.0,0.0,0.0,3,0,1
3,18.8,56,1.2,1.0,9.8,0.0,0.0,0.0,3,0,1
4,18.4,57,1.1,1.0,9.7,0.0,0.0,0.0,3,0,1
5,18.1,57,1.4,1.0,9.4,0.0,0.0,0.0,3,0,1
6,17.8,58,1.1,1.0,9.4,0.04,0.0,0.0,3,0,1
7,18.2,54,1.2,1.0,8.7,0.42,0.0,0.0,3,0,1
8,19.1,53,1.7,0.976,9.2,0.8,0.0,0.0,3,0,1
9,20.8,51,1.5,0.9865,10.2,1.65,0.0,0.0,3,0,1
10,22.5,48,1.6,0.97,10.9,2.33,0.0,0.0,3,0,1
11,23.8,47,2.1,1.0,11.8,2.59,0.0,0.0,3,0,1
12,25.0,46,1.9,0.9715,12.5,2.93,0.0,0.0,3,0,1
13,26.1,45,1.8,1.0,13.2,3.33,0.0,0.0,3,0,1
14,27.1,41,1.4,0.9705,12.7,3.24,0.0,0.0,3,0,1
15,27.6,37,1.9,1.0,11.5,2.58,0.0,0.0,3,0,1
16,27.9,39,1.2,1.0,12.6,2.16,0.0,0.0,3,0,1
17,27.4,44,1.7,1.0,14.0,1.17,0.0,0.0,3,0,1
18,26.7,48,1.0,1.0,14.7,0.53,0.0,0.0,3,0,1
19,26.3,51,1.7,1.0,15.3,0.18,0.0,0.0,3,0,1
20,25.7,53,1.3,1.0,15.3,0.03,0.0,0.0,3,0,1
21,25.3,55,1.4,1.0,15.6,0.0,0.0,0.0,3,0,1
22,25.0,57,1.0,1.0,15.8,0.0,0.0,0.0,3,0,1
23,24.6,60,2.6,1.0,16.3,0.0,0.0,0.0,3,0,1
0,24.2,61,1.7,1.0,16.1,0.0,0.0,0.0,3,0,0
1,23.7,64,0.8,1.0,16.4,0.0,0.0,0.0,3,0,0
2,22.7,63,0.9,1.0,15.2,0.0,0.0,0.0,3,0,0
3,21.9,63,1.3,1.0,14.5,0.0,0.0,0.0,3,0,0
4,21.4,63,1.5,1.0,14.0,0.0,0.0,0.0,3,0,0
5,21.1,64,1.5,1.0,14.0,0.0,0.0,0.0,3,0,0
6,21.0,64,1.0,1.0,13.9,0.03,0.0,0.0,3,0,0
7,20.9,66,1.4,1.0,14.3,0.1,0.0,0.0,3,0,0
8,20.7,73,0.8,1.0,15.6,0.3,0.2,0.0,3,0,0
9,21.1,72,1.0,0.991,15.8,0.52,0.0,0.0,3,0,0
10,21.1,73,1.2,0.9785,16.0,0.4,0.0,0.0,3,0,0
11,20.6,82,1.0,1.0,17.4,0.29,0.3,0.0,3,0,0
12,20.7,83,0.6,0.622,17.7,0.32,0.0,0.0,3,0,0
13,20.3,87,1.0,0.3855,18.0,0.31,0.5,0.0,3,0,0
14,20.2,89,1.0,0.927,18.3,0.27,0.5,0.0,3,0,0
15,20.3,90,0.9,0.678,18.5,0.34,0.0,0.0,3,0,0
16,20.2,91,1.2,0.8185,18.6,0.42,1.0,0.0,3,0,0
17,20.3,93,1.4,0.842,19.1,0.32,1.0,0.0,3,0,0
18,20.3,93,1.3,0.916,19.1,0.22,0.5,0.0,3,0,0
19,20.4,94,1.1,0.8845,19.3,0.14,0.5,0.0,3,0,0
20,20.3,95,0.8,0.686,19.4,0.02,1.0,0.0,3,0,0
21,20.3,96,1.0,0.5035,19.6,0.0,1.5,0.0,3,0,0
22,20.4,96,1.1,0.8205,19.7,0.0,0.5,0.0,3,0,0
23,20.4,96,0.6,0.5685,19.7,0.0,1.0,0.0,3,0,0
0,20.4,97,0.3,0.0915,19.9,0.0,5.5,0.0,3,0,0
1,20.4,97,0.3,0.0965,19.9,0.0,8.5,0.0,3,0,0
2,20.5,98,0.5,0.298,20.1,0.0,6.5,0.0,3,0,0
3,20.6,98,0.8,0.993,20.2,0.0,0.5,0.0,3,0,0
4,20.6,97,0.5,0.9945,20.1,0.0,0.0,0.0,3,0,0
5,20.6,97,0.6,1.0,20.1,0.0,0.0,0.0,3,0,0
6,20.7,97,0.9,1.0,20.2,0.02,0.0,0.0,3,0,0
7,21.1,95,0.4,1.0,20.2,0.14,0.0,0.0,3,0,0
8,21.7,89,0.5,1.0,19.8,0.31,0.0,0.0,3,0,0
9,22.3,86,1.0,1.0,19.8,0.42,0.0,0.0,3,0,0
10,22.6,85,0.9,0.998,19.9,0.38,0.0,0.0,3,0,0
11,23.2,82,1.1,0.9955,19.9,0.47,0.0,0.0,3,0,0
12,24.1,80,0.8,1.0,20.4,0.72,0.0,0.0,3,0,0
13,25.2,77,1.2,0.9755,20.8,1.06,0.0,0.0,3,0,0
14,25.5,77,0.8,0.9785,21.1,0.75,0.0,0.0,3,0,0
15,25.7,77,0.5,0.9375,21.3,0.48,0.0,0.0,3,0,0
16,26.3,74,0.7,0.79,21.2,0.52,0.0,0.0,3,0,0
17,26.5,76,1.0,0.7,21.9,0.36,0.0,0.0,3,0,0
18,26.2,82,0.4,0.704,22.8,0.21,0.0,0.0,3,0,0
19,25.7,83,1.1,0.5055,22.5,0.08,0.5,0.0,3,0,0
20,25.3,89,0.3,0.3725,23.3,0.0,0.0,0.0,3,0,0
21,25.1,86,0.3,0.435,22.5,0.0,0.0,0.0,3,0,0
22,25.0,86,0.5,0.398,22.4,0.0,0.0,0.0,3,0,0
23,24.9,87,0.5,0.329,22.5,0.0,0.0,0.0,3,0,0
0,24.6,96,0.7,0.154,23.9,0.0,0.5,0.0,3,0,0
1,24.6,96,0.5,0.2215,23.9,0.0,0.5,0.0,3,0,0
2,24.5,96,0.5,0.238,23.8,0.0,0.0,0.0,3,0,0
3,24.5,97,0.8,0.1315,23.9,0.0,0.5,0.0,3,0,0
4,24.5,97,1.0,0.1585,23.9,0.0,0.0,0.0,3,0,0
5,24.5,97,0.5,0.1145,23.9,0.0,0.5,0.0,3,0,0
6,24.5,97,0.1,0.145,23.9,0.0,0.5,0.0,3,0,0
7,24.6,97,0.3,0.09,24.0,0.07,0.5,0.0,3,0,0
8,25.1,97,0.8,0.245,24.5,0.26,0.0,0.0,3,0,0
9,25.6,96,0.6,0.225,24.9,0.41,0.0,0.0,3,0,0
10,26.3,91,0.6,0.3745,24.7,0.63,0.5,0.0,3,0,0
11,27.2,82,0.9,0.5465,23.8,0.93,0.0,0.0,3,0,0
12,28.1,73,2.1,0.663,22.7,0.87,0.0,0.0,3,0,0
13,28.7,69,2.6,0.773,22.4,1.02,0.0,0.0,3,0,0
14,29.2,67,2.8,0.8625,22.4,1.13,0.0,0.0,3,0,0
15,29.4,68,2.3,0.7625,22.8,1.29,0.0,0.0,3,0,0
16,28.7,70,3.2,0.793,22.6,0.73,0.0,0.0,3,0,0
17,28.7,71,2.9,0.833,22.9,0.71,0.0,0.0,3,0,0
18,28.4,75,2.4,0.782,23.5,0.52,0.0,0.0,3,0,0
19,28.2,72,1.6,0.8725,22.6,0.13,0.0,0.0,3,0,0
20,27.7,76,1.8,0.8635,23.0,0.04,0.0,0.0,3,0,0
21,27.3,78,1.2,0.803,23.1,0.0,0.0,0.0,3,0,0
22,27.1,79,1.2,0.789,23.1,0.0,0.0,0.0,3,0,0
23,26.9,79,0.1,0.7705,22.9,0.0,0.0,0.0,3,0,0
0,26.7,79,0.9,0.795,22.7,0.0,0.0,0.0,3,0,0
1,26.6,80,0.0,0.7425,22.8,0.0,0.0,0.0,3,0,0
2,26.3,84,0.3,0.6805,23.3,0.0,0.0,0.0,3,0,0
3,26.2,83,0.3,0.647,23.0,0.0,0.0,0.0,3,0,0
4,26.1,85,0.6,0.5405,23.3,0.0,0.0,0.0,3,0,0
5,25.9,91,0.4,0.436,24.3,0.0,0.5,0.0,3,0,0
6,25.6,93,1.1,0.426,24.3,0.01,0.0,0.0,3,0,0
7,25.9,87,1.7,0.417,23.5,0.26,0.0,0.0,3,0,0
8,26.3,84,2.1,0.4865,23.3,0.48,0.0,0.0,3,0,0
9,26.5,82,2.7,0.4075,23.1,0.57,0.0,0.0,3,0,0
10,26.7,88,1.6,0.401,24.5,0.89,0.5,0.0,3,0,0
11,27.4,78,2.3,0.582,23.2,1.11,0.0,0.0,3,0,0
12,27.4,80,2.7,0.5415,23.6,0.97,0.0,0.0,3,0,0
13,27.7,76,2.6,0.629,23.0,1.0,0.0,0.0,3,0,0
14,27.8,76,3.1,0.7585,23.1,1.0,0.0,0.0,3,0,0
15,28.0,76,2.3,0.7185,23.3,1.0,0.0,0.0,3,0,0
16,28.1,74,2.8,0.7795,23.0,1.06,0.0,0.0,3,0,0
17,27.9,75,2.5,0.8215,23.0,0.75,0.0,0.0,3,0,0
18,27.5,77,2.1,0.9485,23.0,0.46,0.0,0.0,3,0,0
19,27.4,78,1.1,0.9495,23.2,0.27,0.0,0.0,3,0,0
20,26.9,80,1.5,0.903,23.1,0.09,0.0,0.0,3,0,0
21,26.3,81,0.8,0.955,22.7,0.0,0.0,0.0,3,0,0
22,25.9,83,0.6,0.9135,22.7,0.0,0.0,0.0,3,0,0
23,25.5,84,0.8,0.953,22.5,0.0,0.0,0.0,3,0,0
0,25.1,87,0.4,0.9,22.7,0.0,0.0,0.0,3,0,0
1,24.8,89,0.9,0.7775,22.8,0.0,0.0,0.0,3,0,0
2,24.9,86,1.3,0.7345,22.3,0.0,0.0,0.0,3,0,0
3,24.9,86,2.0,0.5395,22.3,0.0,0.0,0.0,3,0,0
4,24.8,86,2.1,0.5515,22.2,0.0,0.0,0.0,3,0,0
5,24.8,84,1.4,0.6515,21.9,0.0,0.0,0.0,3,0,0
6,24.8,84,1.1,0.713,21.9,0.0,0.0,0.0,3,0,0
7,25.0,83,1.0,0.675,21.9,0.13,0.0,0.0,3,0,0
8,25.5,80,1.8,0.701,21.7,0.37,0.0,0.0,3,0,0
9,26.6,73,2.2,0.5735,21.3,1.01,0.0,0.0,3,0,0
10,27.4,70,2.4,0.6675,21.4,1.28,0.0,0.0,3,0,0
11,27.5,70,2.4,0.8595,21.5,1.07,0.0,0.0,3,0,0
12,28.3,68,1.9,0.773,21.8,1.35,0.0,0.0,3,0,0
13,28.9,68,2.8,0.967,22.3,1.55,0.0,0.0,3,0,0
14,29.5,62,2.7,0.9705,21.4,1.79,0.0,0.0,3,0,0
15,30.2,62,2.4,0.903,22.1,1.91,0.0,0.0,3,0,0
16,30.0,67,2.0,0.849,23.1,1.46,0.0,0.0,3,0,0
17,30.1,65,1.8,0.9615,22.7,1.36,0.0,0.0,3,0,0
18,30.8,60,2.5,0.8965,22.1,1.43,0.0,0.0,3,0,0
19,29.8,68,2.6,0.8745,23.2,0.81,0.0,0.0,3,0,0
20,28.2,76,2.2,0.944,23.5,0.08,0.0,0.0,3,0,0
21,27.2,80,2.3,0.935,23.4,0.0,0.0,0.0,3,0,0
22,26.7,82,1.3,0.8625,23.3,0.0,0.0,0.0,3,0,0
23,26.2,84,1.0,0.823,23.2,0.0,0.0,0.0,3,0,0
0,25.7,85,0.4,0.7595,22.9,0.0,0.0,0.0,3,0,1
1,25.4,85,1.4,0.8315,22.6,0.0,0.0,0.0,3,0,1
2,25.3,85,1.7,0.797,22.5,0.0,0.0,0.0,3,0,1
3,25.2,83,1.1,0.9175,22.0,0.0,0.0,0.0,3,0,1
4,25.1,82,1.5,0.668,21.8,0.0,0.0,0.0,3,0,1
5,24.8,86,1.6,0.585,22.2,0.0,0.0,0.0,3,0,1
6,24.6,86,0.4,0.5595,22.0,0.02,0.0,0.0,3,0,1
7,24.9,81,0.3,0.6445,21.4,0.24,0.0,0.0,3,0,1
8,26.1,74,0.7,0.627,21.0,0.87,0.0,0.0,3,0,1
9,27.0,70,1.1,0.6965,21.0,1.15,0.0,0.0,3,0,1
10,27.8,68,2.1,0.745,21.3,1.29,0.0,0.0,3,0,1
11,29.0,65,2.0,0.821,21.7,2.22,0.0,0.0,3,0,1
12,30.2,58,2.3,0.6795,21.0,2.64,0.0,0.0,3,0,1
13,30.7,59,2.3,0.767,21.7,2.67,0.0,0.0,3,0,1
14,30.7,59,2.9,0.806,21.7,2.05,0.0,0.0,3,0,1
15,31.1,59,2.3,0.9645,22.1,2.34,0.0,0.0,3,0,1
16,31.7,55,2.3,0.9475,21.5,2.16,0.0,0.0,3,0,1
17,31.5,53,3.7,0.987,20.7,2.02,0.0,0.0,3,0,1
18,31.1,55,2.2,0.9485,20.9,1.05,0.0,0.0,3,0,1
19,30.4,59,2.4,0.986,21.4,0.69,0.0,0.0,3,0,1
20,29.2,63,1.7,0.994,21.4,0.1,0.0,0.0,3,0,1
21,28.2,64,2.8,1.0,20.7,0.0,0.0,0.0,3,0,1
22,27.6,70,2.7,0.997,21.6,0.0,0.0,0.0,3,0,1
23,26.6,80,2.0,0.7635,22.8,0.0,0.0,0.0,3,0,1
0,26.0,82,1.9,0.837,22.6,0.0,0.0,0.0,3,0,1
1,25.5,83,2.3,0.788,22.3,0.0,0.0,0.0,3,0,1
2,25.1,85,1.1,0.6895,22.3,0.0,0.0,0.0,3,0,1
3,24.8,86,0.2,0.677,22.2,0.0,0.0,0.0,3,0,1
4,24.6,86,0.1,0.679,22.0,0.0,0.0,0.0,3,0,1
5,24.5,85,0.7,0.6725,21.8,0.0,0.0,0.0,3,0,1
6,24.8,83,0.2,0.767,21.7,0.02,0.0,0.0,3,0,1
7,25.2,80,0.2,0.7755,21.4,0.18,0.0,0.0,3,0,1
8,26.2,75,0.9,0.78,21.4,0.77,0.0,0.0,3,0,1
9,27.0,71,1.0,0.759,21.2,0.97,0.0,0.0,3,0,1
10,28.5,66,1.7,0.6595,21.5,1.83,0.0,0.0,3,0,1
11,28.7,64,1.3,0.666,21.2,1.53,0.0,0.0,3,0,1
12,30.1,58,1.6,0.7455,20.9,2.15,0.0,0.0,3,0,1
13,31.4,53,3.2,0.8475,20.6,3.28,0.0,0.0,3,0,1
14,32.4,50,2.0,0.8675,20.6,3.13,0.0,0.0,3,0,1
15,32.9,49,2.6,0.8155,20.7,2.81,0.0,0.0,3,0,1
16,32.8,52,3.0,0.9015,21.6,2.28,0.0,0.0,3,0,1
17,32.7,52,3.0,0.936,21.5,1.96,0.0,0.0,3,0,1
18,32.2,55,2.4,0.8845,22.0,1.28,0.0,0.0,3,0,1
19,31.2,62,2.1,0.926,23.0,0.63,0.0,0.0,3,0,1
20,29.2,72,2.1,0.966,23.6,0.09,0.0,0.0,3,0,1
21,28.1,74,3.1,0.92,23.0,0.0,0.0,0.0,3,0,1
22,27.5,77,0.9,0.889,23.0,0.0,0.0,0.0,3,0,1
23,27.0,78,1.6,0.8045,22.8,0.0,0.0,0.0,3,0,1
0,26.5,81,0.9,0.825,22.9,0.0,0.0,0.0,3,0,0
1,25.9,83,1.3,0.76,22.7,0.0,0.0,0.0,3,0,0
2,25.4,84,0.6,0.67,22.4,0.0,0.0,0.0,3,0,0
3,25.1,85,0.7,0.7535,22.3,0.0,0.0,0.0,3,0,0
4,24.6,84,0.7,0.6865,21.7,0.0,0.0,0.0,3,0,0
5,24.3,85,1.0,0.748,21.6,0.0,0.0,0.0,3,0,0
6,24.0,85,0.9,0.7845,21.3,0.02,0.0,0.0,3,0,0
7,24.5,73,0.9,0.9505,19.3,0.36,0.0,0.0,3,0,0
8,26.4,69,0.5,0.7795,20.2,1.09,0.0,0.0,3,0,0
9,28.0,64,1.0,0.841,20.5,1.35,0.0,0.0,3,0,0
10,29.8,54,1.8,0.8685,19.4,2.34,0.0,0.0,3,0,0
11,31.5,51,2.1,0.749,20.1,2.83,0.0,0.0,3,0,0
12,32.4,49,2.0,0.922,20.3,3.09,0.0,0.0,3,0,0
13,33.0,51,2.5,0.55,21.5,3.09,0.0,0.0,3,0,0
14,33.7,45,2.5,0.9215,20.1,3.23,0.0,0.0,3,0,0
15,33.4,44,3.1,0.964,19.4,2.95,0.0,0.0,3,0,0
16,33.3,46,3.1,0.957,20.1,2.51,0.0,0.0,3,0,0
17,33.0,46,3.1,0.963,19.8,1.89,0.0,0.0,3,0,0
18,32.3,47,3.0,0.9805,19.5,1.26,0.0,0.0,3,0,0
19,31.2,52,2.4,0.995,20.1,0.57,0.0,0.0,3,0,0
20,29.3,58,2.4,1.0,20.1,0.09,0.0,0.0,3,0,0
21,28.0,64,1.5,1.0,20.5,0.0,0.0,0.0,3,0,0
22,27.2,69,1.7,1.0,21.0,0.0,0.0,0.0,3,0,0
23,26.6,75,1.5,0.998,21.7,0.0,0.0,0.0,3,0,0
0,26.4,76,1.2,1.0,21.8,0.0,0.0,0.0,3,0,0
1,25.8,78,0.4,1.0,21.6,0.0,0.0,0.0,3,0,0
2,25.3,78,1.0,1.0,21.1,0.0,0.0,0.0,3,0,0
3,24.8,80,1.0,0.994,21.1,0.0,0.0,0.0,3,0,0
4,24.4,80,1.0,0.556,20.7,0.0,0.0,0.0,3,0,0
5,24.1,81,0.9,0.823,20.6,0.0,0.0,0.0,3,0,0
6,24.0,81,0.9,0.6355,20.5,0.02,0.0,0.0,3,0,0
7,24.4,75,1.0,0.4205,19.6,0.35,0.0,0.0,3,0,0
8,25.8,69,0.8,0.4845,19.6,1.06,0.0,0.0,3,0,0
9,27.5,60,2.2,0.626,19.0,1.59,0.0,0.0,3,0,0
10,29.2,55,1.6,0.702,19.2,2.36,0.0,0.0,3,0,0
11,30.4,53,1.8,0.6795,19.7,2.74,0.0,0.0,3,0,0
12,30.8,57,2.3,0.47,21.2,2.52,0.0,0.0,3,0,0
13,31.1,53,3.2,0.581,20.3,2.63,0.0,0.0,3,0,0
14,31.8,49,3.5,0.7145,19.7,2.93,0.0,0.0,3,0,0
15,31.9,51,3.3,0.7325,20.4,3.01,0.0,0.0,3,0,0
16,32.0,51,2.4,0.701,20.5,2.55,0.0,0.0,3,0,0
17,31.8,52,2.4,0.719,20.7,1.93,0.0,0.0,3,0,0
18,31.3,55,2.5,0.775,21.1,1.2,0.0,0.0,3,0,0
19,30.6,57,1.4,0.7645,21.1,0.58,0.0,0.0,3,0,0
20,28.9,64,1.7,0.7835,21.3,0.1,0.0,0.0,3,0,0
21,27.9,69,1.9,0.597,21.6,0.0,0.0,0.0,3,0,0
22,27.2,70,1.9,0.555,21.2,0.0,0.0,0.0,3,0,0
23,26.6,76,1.6,0.468,22.0,0.0,0.0,0.0,3,0,0
0,26.2,79,0.7,0.425,22.2,0.0,0.0,0.0,3,0,0
1,25.7,80,0.2,0.4025,21.9,0.0,0.0,0.0,3,0,0
2,25.2,82,0.4,0.3955,21.9,0.0,0.0,0.0,3,0,0
3,24.7,84,0.7,0.347,21.8,0.0,0.0,0.0,3,0,0
4,24.3,83,0.7,0.3105,21.2,0.0,0.0,0.0,3,0,0
5,23.9,83,0.4,0.39,20.8,0.0,0.0,0.0,3,0,0
6,23.7,83,0.1,0.3565,20.6,0.03,0.0,0.0,3,0,0
7,24.2,74,0.7,0.328,19.2,0.35,0.0,0.0,3,0,0
8,25.8,71,0.4,0.38,20.1,0.93,0.0,0.0,3,0,0
9,27.2,59,0.4,0.474,18.4,1.18,0.0,0.0,3,0,0
10,28.9,61,1.5,0.4705,20.6,2.04,0.0,0.0,3,0,0
11,30.2,53,2.2,0.5715,19.5,2.77,0.0,0.0,3,0,0
12,31.2,51,2.0,0.5505,19.8,2.96,0.0,0.0,3,0,0
13,32.1,51,2.3,0.388,20.6,2.96,0.0,0.0,3,0,0
14,32.7,49,1.5,0.3825,20.5,2.62,0.0,0.0,3,0,0
15,32.9,46,2.5,0.624,19.7,2.9,0.0,0.0,3,0,0
16,33.1,42,2.9,0.856,18.4,2.52,0.0,0.0,3,0,0
17,32.6,46,2.8,0.78,19.4,1.95,0.0,0.0,3,0,0
18,32.0,50,2.6,0.687,20.2,1.25,0.0,0.0,3,0,0
19,30.6,54,2.8,0.7655,20.2,0.59,0.0,0.0,3,0,0
20,28.8,66,1.9,0.6045,21.8,0.09,0.0,0.0,3,0,0
21,28.0,69,1.8,0.57,21.7,0.0,0.0,0.0,3,0,0
22,27.2,73,1.5,0.5025,21.9,0.0,0.0,0.0,3,0,0
23,26.4,76,0.6,0.4795,21.8,0.0,0.0,0.0,3,0,0
0,25.9,76,1.3,0.492,21.3,0.0,0.0,0.0,3,0,0
1,25.4,79,0.8,0.462,21.4,0.0,0.0,0.0,3,0,0
2,24.8,80,1.5,0.444,21.1,0.0,0.0,0.0,3,0,0
3,24.4,85,0.6,0.339,21.7,0.0,0.0,0.0,3,0,0
4,24.0,87,0.9,0.291,21.6,0.0,0.0,0.0,3,0,0
5,23.6,88,0.2,0.302,21.4,0.0,0.0,0.0,3,0,0
6,23.3,83,0.2,0.4375,20.2,0.02,0.0,0.0,3,0,0
7,23.6,75,0.9,0.428,18.9,0.36,0.0,0.0,3,0,0
8,25.5,65,0.9,0.4165,18.4,1.1,0.0,0.0,3,0,0
9,27.6,62,1.5,0.5215,19.6,1.76,0.0,0.0,3,0,0
10,29.4,56,2.2,0.5765,19.7,2.38,0.0,0.0,3,0,0
11,30.7,48,1.6,0.8525,18.4,2.92,0.0,0.0,3,0,0
12,31.7,42,2.6,0.934,17.2,3.23,0.0,0.0,3,0,0
13,32.6,47,2.7,0.8205,19.8,3.36,0.0,0.0,3,0,0
14,33.1,47,2.5,0.8925,20.2,3.26,0.0,0.0,3,0,0
15,33.7,41,2.5,0.962,18.6,3.04,0.0,0.0,3,0,0
16,33.7,43,2.7,0.945,19.3,2.55,0.0,0.0,3,0,0
17,34.0,44,2.3,0.9455,20.0,1.95,0.0,0.0,3,0,0
18,33.0,51,2.4,0.783,21.5,1.23,0.0,0.0,3,0,0
19,31.6,58,2.3,0.778,22.3,0.56,0.0,0.0,3,0,0
20,29.8,62,2.9,0.9655,21.7,0.08,0.0,0.0,3,0,0
21,28.8,69,2.4,0.8095,22.5,0.0,0.0,0.0,3,0,0
22,28.0,76,1.5,0.771,23.3,0.0,0.0,0.0,3,0,0
23,27.2,78,1.9,0.8005,23.0,0.0,0.0,0.0,3,0,0
0,26.7,80,1.4,0.7325,22.9,0.0,0.0,0.0,3,0,0
1,26.1,81,1.6,0.7045,22.5,0.0,0.0,0.0,3,0,0
2,25.7,84,0.1,0.6465,22.7,0.0,0.0,0.0,3,0,0
3,25.4,84,0.9,0.587,22.4,0.0,0.0,0.0,3,0,0
4,25.1,83,0.0,0.6265,22.0,0.0,0.0,0.0,3,0,0
5,24.9,83,0.3,0.6035,21.8,0.0,0.0,0.0,3,0,0
6,24.6,82,0.2,0.5785,21.3,0.02,0.0,0.0,3,0,0
7,25.2,75,0.6,0.528,20.4,0.34,0.0,0.0,3,0,0
8,26.6,70,1.3,0.531,20.6,1.01,0.0,0.0,3,0,0
9,28.4,65,1.2,0.403,21.1,1.69,0.0,0.0,3,0,0
10,29.8,59,1.2,0.4865,20.9,2.32,0.0,0.0,3,0,0
11,31.6,54,1.3,0.495,21.1,2.84,0.0,0.0,3,0,0
12,32.6,51,2.1,0.4,21.1,3.21,0.0,0.0,3,0,0
13,32.4,54,2.4,0.354,21.8,2.5,0.0,0.0,3,0,0
14,33.4,52,2.7,0.3425,22.1,2.67,0.0,0.0,3,0,0
15,34.1,45,2.4,0.555,20.4,2.88,0.0,0.0,3,0,0
16,34.3,45,2.3,0.733,20.6,2.47,0.0,0.0,3,0,0
17,34.3,44,2.1,0.852,20.2,1.87,0.0,0.0,3,0,0
18,33.9,42,2.0,0.9845,19.1,1.25,0.0,0.0,3,0,0
19,32.9,44,2.0,0.9925,19.0,0.59,0.0,0.0,3,0,0
20,30.9,51,2.2,1.0,19.5,0.07,0.0,0.0,3,0,0
21,29.8,59,1.4,1.0,20.9,0.0,0.0,0.0,3,0,0
22,28.8,65,1.3,0.994,21.5,0.0,0.0,0.0,3,0,0
23,28.2,70,1.3,0.9055,22.2,0.0,0.0,0.0,3,0,0
0,27.5,73,1.1,0.917,22.2,0.0,0.0,0.0,3,0,1
1,27.0,74,1.1,0.9165,21.9,0.0,0.0,0.0,3,0,1
2,26.4,72,0.2,0.883,20.9,0.0,0.0,0.0,3,0,1
3,26.1,74,0.1,0.8415,21.0,0.0,0.0,0.0,3,0,1
4,25.6,77,1.2,0.6015,21.2,0.0,0.0,0.0,3,0,1
5,25.0,78,0.3,0.737,20.8,0.0,0.0,0.0,3,0,1
6,24.9,76,0.0,0.7365,20.3,0.02,0.0,0.0,3,0,1
7,25.3,71,0.4,0.613,19.6,0.34,0.0,0.0,3,0,1
8,27.4,63,0.9,0.5215,19.7,1.03,0.0,0.0,3,0,1
9,29.6,57,0.9,0.4885,20.1,1.71,0.0,0.0,3,0,1
10,31.4,51,1.1,0.4235,20.0,2.32,0.0,0.0,3,0,1
11,32.9,45,2.1,0.51,19.3,2.72,0.0,0.0,3,0,1
12,34.2,35,1.8,0.764,16.5,3.14,0.0,0.0,3,0,1
13,35.2,34,1.8,0.818,16.9,3.21,0.0,0.0,3,0,1
14,36.3,34,1.3,0.7465,17.9,3.17,0.0,0.0,3,0,1
15,36.5,35,3.0,0.6775,18.5,2.71,0.0,0.0,3,0,1
16,36.8,30,2.8,0.878,16.3,2.41,0.0,0.0,3,0,1
17,36.3,36,3.1,0.986,18.8,1.91,0.0,0.0,3,0,1
18,35.0,42,2.9,0.9765,20.1,1.26,0.0,0.0,3,0,1
19,33.4,51,2.6,1.0,21.8,0.59,0.0,0.0,3,0,1
20,31.5,53,1.8,1.0,20.7,0.08,0.0,0.0,3,0,1
21,30.2,54,1.8,1.0,19.8,0.0,0.0,0.0,3,0,1
22,29.4,55,1.4,1.0,19.4,0.0,0.0,0.0,3,0,1
23,28.8,56,1.6,1.0,19.1,0.0,0.0,0.0,3,0,1
0,28.1,56,0.2,1.0,18.4,0.0,0.0,0.0,3,0,1
1,27.3,60,0.8,1.0,18.8,0.0,0.0,0.0,3,0,1
2,26.8,63,0.6,1.0,19.1,0.0,0.0,0.0,3,0,1
3,26.3,63,0.2,1.0,18.6,0.0,0.0,0.0,3,0,1
4,25.9,71,0.3,1.0,20.2,0.0,0.0,0.0,3,0,1
5,25.5,72,0.4,1.0,20.0,0.0,0.0,0.0,3,0,1
6,25.3,73,0.6,0.9895,20.1,0.02,0.0,0.0,3,0,1
7,25.8,67,0.9,0.8865,19.1,0.34,0.0,0.0,3,0,1
8,27.9,60,0.6,0.9175,19.4,1.06,0.0,0.0,3,0,1
9,30.5,54,0.9,0.9535,20.1,1.71,0.0,0.0,3,0,1
10,32.2,50,0.8,0.9405,20.4,2.29,0.0,0.0,3,0,1
11,33.8,45,1.9,0.964,20.2,2.74,0.0,0.0,3,0,1
12,35.5,39,1.9,0.9015,19.4,3.05,0.0,0.0,3,0,1
13,36.7,33,1.8,0.9555,17.7,3.24,0.0,0.0,3,0,1
14,37.4,34,2.3,0.93,18.8,3.05,0.0,0.0,3,0,1
15,37.5,33,2.0,0.908,18.4,2.32,0.0,0.0,3,0,1
16,37.8,31,2.5,0.9645,17.7,2.46,0.0,0.0,3,0,1
17,37.6,33,2.1,0.9185,18.5,1.82,0.0,0.0,3,0,1
18,36.3,35,3.0,0.93,18.3,0.89,0.0,0.0,3,0,1
19,34.5,47,2.8,0.881,21.5,0.42,0.0,0.0,3,0,1
20,33.3,50,2.3,0.853,21.4,0.1,0.0,0.0,3,0,1
21,32.3,50,1.7,0.892,20.5,0.0,0.0,0.0,3,0,1
22,31.7,51,1.4,0.871,20.3,0.0,0.0,0.0,3,0,1
23,31.2,52,1.5,0.835,20.1,0.0,0.0,0.0,3,0,1
0,30.6,50,2.3,0.8155,18.9,0.0,0.0,0.0,3,0,0
1,30.0,52,1.5,0.887,19.0,0.0,0.0,0.0,3,0,0
2,29.7,53,1.4,0.841,19.0,0.0,0.0,0.0,3,0,0
3,29.6,50,2.1,0.985,18.0,0.0,0.0,0.0,3,0,0
4,29.3,51,0.9,0.749,18.1,0.0,0.0,0.0,3,0,0
5,29.3,55,1.6,1.0,19.3,0.0,0.0,0.0,3,0,0
6,29.2,58,1.7,1.0,20.0,0.01,0.0,0.0,3,0,0
7,29.3,58,0.8,1.0,20.1,0.23,0.0,0.0,3,0,0
8,30.0,56,0.9,1.0,20.2,0.54,0.0,0.0,3,0,0
9,31.0,55,1.5,0.9725,20.8,1.14,0.0,0.0,3,0,0
10,31.8,51,1.5,0.95,20.4,1.71,0.0,0.0,3,0,0
11,32.7,48,2.2,0.954,20.2,2.53,0.0,0.0,3,0,0
12,34.1,47,2.3,0.931,21.1,2.94,0.0,0.0,3,0,0
13,33.8,47,1.7,0.9435,20.9,1.57,0.0,0.0,3,0,0
14,34.3,45,2.2,0.9835,20.6,1.64,0.0,0.0,3,0,0
15,35.4,46,2.2,0.9305,22.0,2.48,0.0,0.0,3,0,0
16,34.8,47,2.2,0.9195,21.8,1.32,0.0,0.0,3,0,0
17,34.8,49,3.0,0.933,22.5,1.37,0.0,0.0,3,0,0
18,33.9,53,3.2,0.943,22.9,0.94,0.0,0.0,3,0,0
19,32.6,58,3.2,0.981,23.2,0.45,0.0,0.0,3,0,0
20,31.5,61,1.8,1.0,23.0,0.07,0.0,0.0,3,0,0
21,30.8,60,1.8,1.0,22.1,0.0,0.0,0.0,3,0,0
22,30.3,60,1.8,1.0,21.6,0.0,0.0,0.0,3,0,0
23,30.0,58,1.6,1.0,20.8,0.0,0.0,0.0,3,0,0
0,29.6,61,1.0,1.0,21.2,0.0,0.0,0.0,3,0,0
1,29.1,64,1.2,1.0,21.5,0.0,0.0,0.0,3,0,0
2,28.6,66,0.9,1.0,21.6,0.0,0.0,0.0,3,0,0
3,28.2,65,0.3,0.9995,20.9,0.0,0.0,0.0,3,0,0
4,27.8,67,0.2,0.991,21.1,0.0,0.0,0.0,3,0,0
5,27.5,70,0.1,0.988,21.5,0.0,0.0,0.0,3,0,0
6,27.2,71,0.8,0.96,21.4,0.02,0.0,0.0,3,0,0
7,27.8,63,1.2,0.8905,20.1,0.32,0.0,0.0,3,0,0
8,29.9,59,0.8,0.8635,21.0,1.03,0.0,0.0,3,0,0
9,31.7,59,1.0,0.853,22.6,1.69,0.0,0.0,3,0,0
10,32.4,54,0.9,0.8155,21.8,1.45,0.0,0.0,3,0,0
11,33.9,46,1.6,0.6935,20.6,2.15,0.0,0.0,3,0,0
12,34.5,50,1.4,0.9505,22.5,1.89,0.0,0.0,3,0,0
13,36.4,41,1.3,0.8275,21.0,2.86,0.0,0.0,3,0,0
14,35.8,49,2.8,0.632,23.4,2.4,0.0,0.0,3,0,0
15,35.8,47,2.2,0.5145,22.7,1.51,0.0,0.0,3,0,0
16,34.9,51,2.0,0.6105,23.2,0.76,0.0,0.0,3,0,0
17,34.9,51,2.2,0.6175,23.2,0.98,0.0,0.0,3,0,0
18,34.9,53,2.2,0.648,23.8,0.86,0.0,0.0,3,0,0
19,33.1,57,2.2,0.835,23.4,0.44,0.0,0.0,3,0,0
20,31.1,63,2.0,0.771,23.2,0.06,0.0,0.0,3,0,0
21,30.2,65,2.3,0.821,22.8,0.0,0.0,0.0,3,0,0
22,29.8,66,3.2,0.7555,22.7,0.0,0.0,0.0,3,0,0
23,29.3,66,2.8,0.927,22.2,0.0,0.0,0.0,3,0,0
0,28.9,66,2.2,1.0,21.9,0.0,0.0,0.0,3,0,0
1,28.7,67,2.6,1.0,21.9,0.0,0.0,0.0,3,0,0
2,28.8,68,1.8,1.0,22.2,0.0,0.0,0.0,3,0,0
3,28.9,69,2.8,0.9355,22.6,0.0,0.0,0.0,3,0,0
4,28.5,74,2.6,0.7745,23.4,0.0,0.0,0.0,3,0,0
5,28.3,74,2.4,0.689,23.2,0.0,0.0,0.0,3,0,0
6,28.1,75,1.8,0.546,23.2,0.01,0.0,0.0,3,0,0
7,28.3,72,2.0,0.6,22.7,0.1,0.0,0.0,3,0,0
8,28.7,70,3.5,0.735,22.6,0.52,0.0,0.0,3,0,0
9,29.4,66,2.5,0.654,22.3,0.91,0.0,0.0,3,0,0
10,30.7,61,2.8,0.7605,22.3,1.5,0.0,0.0,3,0,0
11,30.7,63,3.4,0.6615,22.8,1.13,0.0,0.0,3,0,0
12,31.1,60,2.7,0.6655,22.4,1.02,0.0,0.0,3,0,0
13,32.3,56,3.0,0.752,22.3,1.74,0.0,0.0,3,0,0
14,33.0,53,1.7,0.6785,22.1,1.73,0.0,0.0,3,0,0
15,34.0,50,3.0,0.8525,22.1,1.72,0.0,0.0,3,0,0
16,34.1,52,2.5,0.652,22.8,2.23,0.0,0.0,3,0,0
17,33.2,56,2.2,0.714,23.2,1.03,0.0,0.0,3,0,0
18,32.2,58,2.5,0.7765,22.8,0.44,0.0,0.0,3,0,0
19,31.7,60,2.3,0.746,22.9,0.23,0.0,0.0,3,0,0
20,30.9,67,1.7,0.735,24.0,0.05,0.0,0.0,3,0,0
21,29.7,74,2.2,0.671,24.5,0.0,0.0,0.0,3,0,0
22,28.8,76,2.8,0.6155,24.1,0.0,0.0,0.0,3,0,0
23,28.0,77,1.9,0.673,23.5,0.0,0.0,0.0,3,0,0
0,27.7,78,1.2,0.6705,23.5,0.0,0.0,0.0,3,0,0
1,27.6,79,1.0,0.6305,23.6,0.0,0.0,0.0,3,0,0
2,27.6,78,0.1,0.6445,23.4,0.0,0.0,0.0,3,0,0
3,27.7,76,0.2,0.688,23.0,0.0,0.0,0.0,3,0,0
4,27.7,75,1.0,0.68,22.8,0.0,0.0,0.0,3,0,0
5,27.4,78,0.8,0.6505,23.2,0.0,0.0,0.0,3,0,0
6,27.4,77,0.7,0.5565,23.0,0.0,0.0,0.0,3,0,0
7,27.7,75,1.2,0.5515,22.8,0.1,0.0,0.0,3,0,0
8,28.3,72,0.8,0.5825,22.7,0.34,0.0,0.0,3,0,0
9,29.1,69,1.0,0.4265,22.8,0.67,0.0,0.0,3,0,0
10,29.5,68,1.8,0.473,22.9,0.54,0.0,0.0,3,0,0
11,30.2,67,1.5,0.5015,23.3,0.87,0.0,0.0,3,0,0
12,32.0,57,1.6,0.5375,22.4,1.94,0.0,0.0,3,0,0
13,32.4,54,0.7,0.448,21.8,1.41,0.0,0.0,3,0,0
14,33.0,56,2.5,0.4395,23.0,1.33,0.0,0.0,3,0,0
15,33.1,58,1.9,0.441,23.7,0.87,0.0,0.0,3,0,0
16,33.5,57,2.8,0.4945,23.8,1.55,0.0,0.0,3,0,0
17,33.1,59,2.9,0.519,24.0,1.14,0.0,0.0,3,0,0
18,33.2,59,1.8,0.5345,24.0,0.99,0.0,0.0,3,0,0
19,32.3,63,2.1,0.5185,24.3,0.41,0.0,0.0,3,0,0
20,31.0,68,1.4,0.581,24.3,0.05,0.0,0.0,3,0,0
21,30.0,74,2.7,0.528,24.8,0.0,0.0,0.0,3,0,0
22,29.4,78,1.6,0.5055,25.1,0.0,0.0,0.0,3,0,0
23,29.0,79,1.2,0.4855,24.9,0.0,0.0,0.0,3,0,0
0,28.6,80,0.6,0.495,24.8,0.0,0.0,0.0,3,0,0
1,28.3,78,0.5,0.536,24.0,0.0,0.0,0.0,3,0,0
2,27.8,79,1.4,0.5245,23.8,0.0,0.0,0.0,3,0,0
3,27.6,80,1.6,0.4645,23.8,0.0,0.0,0.0,3,0,0
4,27.3,85,1.6,0.3355,24.5,0.0,0.0,0.0,3,0,0
5,27.2,86,0.8,0.3285,24.6,0.0,0.0,0.0,3,0,0
6,27.2,85,0.1,0.351,24.4,0.02,0.0,0.0,3,0,0
7,27.6,80,1.0,0.3915,23.8,0.27,0.0,0.0,3,0,0
8,28.5,76,0.9,0.3625,23.8,0.59,0.0,0.0,3,0,0
9,29.9,69,1.5,0.3845,23.5,1.12,0.0,0.0,3,0,0
10,31.2,61,2.3,0.4505,22.7,1.71,0.0,0.0,3,0,0
11,32.7,56,1.9,0.517,22.7,2.57,0.0,0.0,3,0,0
12,33.7,53,1.9,0.495,22.7,2.5,0.0,0.0,3,0,0
13,35.3,48,2.5,0.44,22.6,2.89,0.0,0.0,3,0,0
14,34.1,57,1.8,0.3335,24.3,1.13,0.0,0.0,3,0,0
15,35.3,52,1.9,0.411,23.9,2.15,0.0,0.0,3,0,0
16,35.0,55,2.8,0.4175,24.6,1.56,0.0,0.0,3,0,0
17,34.7,59,2.7,0.5475,25.5,1.49,0.0,0.0,3,0,0
18,33.7,62,3.2,0.541,25.3,0.87,0.0,0.0,3,0,0
19,32.0,68,3.0,0.643,25.3,0.38,0.0,0.0,3,0,0
20,30.7,73,2.8,0.655,25.2,0.04,0.0,0.0,3,0,0
21,30.3,75,1.1,0.6445,25.3,0.0,0.0,0.0,3,0,0
22,29.9,74,2.0,0.6005,24.7,0.0,0.0,0.0,3,0,0
23,29.7,76,1.2,0.5795,25.0,0.0,0.0,0.0,3,0,0
0,29.4,78,2.1,0.536,25.1,0.0,0.0,0.0,3,0,1
1,29.1,79,1.3,0.4875,25.0,0.0,0.0,0.0,3,0,1
2,28.8,80,1.9,0.4625,24.9,0.0,0.0,0.0,3,0,1
3,28.5,81,1.2,0.4555,24.9,0.0,0.0,0.0,3,0,1
4,28.3,83,1.7,0.407,25.1,0.0,0.0,0.0,3,0,1
5,28.1,84,0.5,0.377,25.1,0.0,0.0,0.0,3,0,1
6,28.0,85,0.8,0.3235,25.2,0.01,0.0,0.0,3,0,1
7,28.4,82,0.7,0.374,25.0,0.16,0.0,0.0,3,0,1
8,29.6,75,0.4,0.3745,24.6,0.66,0.0,0.0,3,0,1
9,30.6,74,1.4,0.358,25.4,0.95,0.0,0.0,3,0,1
10,32.0,65,0.9,0.483,24.5,1.19,0.0,0.0,3,0,1
11,32.8,62,0.6,0.4405,24.5,1.3,0.0,0.0,3,0,1
12,33.6,62,1.9,0.41,25.3,1.35,0.0,0.0,3,0,1
13,34.2,58,1.8,0.4665,24.7,1.33,0.0,0.0,3,0,1
14,34.4,65,1.8,0.48,26.8,1.75,0.2,0.0,3,0,1
15,28.9,86,2.2,0.796,26.3,0.26,7.3,0.0,3,0,1
16,28.6,82,3.4,0.511,25.2,0.14,0.0,0.0,3,0,1
17,28.2,83,1.3,0.5495,25.0,0.11,0.0,0.0,3,0,1
18,29.0,81,0.8,0.4945,25.4,0.22,0.0,0.0,3,0,1
19,29.3,78,0.0,0.494,25.0,0.15,0.0,0.0,3,0,1
20,29.2,82,0.4,0.5,25.8,0.01,0.0,0.0,3,0,1
21,29.1,78,1.1,0.681,24.8,0.0,0.0,0.0,3,0,1
22,29.0,74,0.9,0.826,23.8,0.0,0.0,0.0,3,0,1
23,28.6,74,0.7,0.9035,23.5,0.0,0.0,0.0,3,0,1
0,28.4,70,0.9,0.9725,22.3,0.0,0.0,0.0,3,0,1
1,28.0,71,0.6,0.8995,22.2,0.0,0.0,0.0,3,0,1
2,27.7,73,0.4,0.916,22.4,0.0,0.0,0.0,3,0,1
3,27.4,73,0.6,0.9465,22.1,0.0,0.0,0.0,3,0,1
4,27.0,74,0.8,0.908,21.9,0.0,0.0,0.0,3,0,1
5,26.7,75,0.3,0.9355,21.8,0.0,0.0,0.0,3,0,1
6,26.4,76,0.4,0.9065,21.8,0.01,0.0,0.0,3,0,1
7,26.9,69,0.8,0.98,20.7,0.29,0.0,0.0,3,0,1
8,28.6,63,0.8,0.9335,20.8,1.0,0.0,0.0,3,0,1
9,30.6,54,1.7,0.9155,20.2,1.68,0.0,0.0,3,0,1
10,32.4,48,1.9,0.976,19.9,2.33,0.0,0.0,3,0,1
11,33.6,46,1.7,0.9825,20.3,2.6,0.0,0.0,3,0,1
12,33.8,47,1.7,0.981,20.9,1.92,0.0,0.0,3,0,1
13,34.4,41,2.9,0.985,19.2,2.33,0.0,0.0,3,0,1
14,35.4,43,1.4,1.0,20.9,2.48,0.0,0.0,3,0,1
15,35.9,37,1.9,0.9745,18.9,1.98,0.0,0.0,3,0,1
16,36.0,33,1.4,1.0,17.1,1.97,0.0,0.0,3,0,1
17,36.3,36,1.5,1.0,18.8,1.87,0.0,0.0,3,0,1
18,35.8,35,1.3,1.0,17.9,1.21,0.0,0.0,3,0,1
19,34.4,39,1.2,1.0,18.4,0.58,0.0,0.0,3,0,1
20,32.3,48,1.4,1.0,19.8,0.08,0.0,0.0,3,0,1
21,31.1,47,1.3,1.0,18.4,0.0,0.0,0.0,3,0,1
22,30.4,45,1.6,1.0,17.1,0.0,0.0,0.0,3,0,1
23,29.9,45,1.4,1.0,16.6,0.0,0.0,0.0,3,0,1
0,29.2,50,1.1,1.0,17.7,0.0,0.0,0.0,3,0,0
1,28.5,54,1.1,1.0,18.2,0.0,0.0,0.0,3,0,0
2,28.0,57,1.2,1.0,18.6,0.0,0.0,0.0,3,0,0
3,27.4,59,1.4,1.0,18.6,0.0,0.0,0.0,3,0,0
4,26.7,62,1.0,1.0,18.8,0.0,0.0,0.0,3,0,0
5,26.4,62,0.6,1.0,18.5,0.0,0.0,0.0,3,0,0
6,26.2,64,1.4,1.0,18.8,0.01,0.0,0.0,3,0,0
7,26.8,59,1.1,1.0,18.1,0.28,0.0,0.0,3,0,0
8,28.8,56,1.4,1.0,19.1,1.08,0.0,0.0,3,0,0
9,30.5,53,1.6,1.0,19.8,1.74,0.0,0.0,3,0,0
10,32.0,50,2.1,0.996,20.2,2.34,0.0,0.0,3,0,0
11,33.2,46,1.4,0.984,20.0,2.16,0.0,0.0,3,0,0
12,33.6,48,1.6,1.0,21.0,1.89,0.0,0.0,3,0,0
13,34.7,43,1.3,1.0,20.2,2.05,0.0,0.0,3,0,0
14,35.3,41,1.3,1.0,20.0,2.01,0.0,0.0,3,0,0
15,35.5,43,1.3,1.0,20.9,1.61,0.0,0.0,3,0,0
16,36.4,40,1.1,1.0,20.6,1.79,0.0,0.0,3,0,0
17,35.4,44,0.8,1.0,21.2,1.1,0.0,0.0,3,0,0
18,36.5,38,0.9,1.0,19.8,1.17,0.0,0.0,3,0,0
19,35.2,43,0.9,1.0,20.7,0.42,0.0,0.0,3,0,0
20,33.9,46,1.4,1.0,20.6,0.03,0.0,0.0,3,0,0
21,33.1,48,1.1,1.0,20.6,0.0,0.0,0.0,3,0,0
22,32.5,50,1.2,1.0,20.7,0.0,0.0,0.0,3,0,0
23,31.7,52,1.2,1.0,20.6,0.0,0.0,0.0,3,0,0
0,31.0,54,0.8,1.0,20.5,0.0,0.0,0.0,3,0,0
1,30.2,57,0.7,1.0,20.7,0.0,0.0,0.0,3,0,0
2,29.8,57,0.8,1.0,20.3,0.0,0.0,0.0,3,0,0
3,29.3,57,1.6,1.0,19.8,0.0,0.0,0.0,3,0,0
4,28.8,58,0.9,1.0,19.7,0.0,0.0,0.0,3,0,0
5,28.3,60,1.6,1.0,19.7,0.0,0.0,0.0,3,0,0
6,27.9,63,0.5,1.0,20.1,0.01,0.0,0.0,3,0,0
7,27.9,60,1.1,0.9915,19.4,0.28,0.0,0.0,3,0,0
8,29.3,51,0.9,1.0,18.1,1.02,0.0,0.0,3,0,0
9,30.9,47,1.0,1.0,18.2,1.62,0.0,0.0,3,0,0
10,32.7,43,1.2,1.0,18.4,2.31,0.0,0.0,3,0,0
11,34.1,40,1.5,0.9735,18.5,2.8,0.0,0.0,3,0,0
12,35.2,39,1.2,1.0,19.1,2.86,0.0,0.0,3,0,0
13,36.1,38,1.0,1.0,19.5,3.12,0.0,0.0,3,0,0
14,36.4,35,1.3,0.9835,18.4,2.46,0.0,0.0,3,0,0
15,37.8,34,1.8,0.9825,19.2,2.81,0.0,0.0,3,0,0
16,37.0,38,1.2,1.0,20.3,2.07,0.0,0.0,3,0,0
17,38.0,36,1.3,0.9945,20.3,2.03,0.0,0.0,3,0,0
18,36.2,45,2.0,1.0,22.3,0.65,0.0,0.0,3,0,0
19,34.9,47,2.4,1.0,21.9,0.42,0.0,0.0,3,0,0
20,33.5,50,2.1,1.0,21.6,0.04,0.0,0.0,3,0,0
21,32.7,51,2.8,1.0,21.2,0.0,0.0,0.0,3,0,0
22,31.6,66,3.0,1.0,24.4,0.0,0.0,0.0,3,0,0
23,31.0,65,0.5,1.0,23.6,0.0,0.0,0.0,3,0,0
0,30.5,68,1.9,1.0,23.9,0.0,0.0,0.0,3,0,0
1,29.9,70,1.0,1.0,23.8,0.0,0.0,0.0,3,0,0
2,29.5,69,0.8,1.0,23.2,0.0,0.0,0.0,3,0,0
3,29.1,64,0.5,0.9985,21.5,0.0,0.0,0.0,3,0,0
4,28.5,69,0.3,1.0,22.2,0.0,0.0,0.0,3,0,0
5,28.3,68,0.3,1.0,21.8,0.0,0.0,0.0,3,0,0
6,27.8,73,0.9,0.9855,22.5,0.01,0.0,0.0,3,0,0
7,28.2,68,0.5,0.874,21.7,0.27,0.0,0.0,3,0,0
8,30.3,59,0.8,0.96,21.3,1.02,0.0,0.0,3,0,0
9,32.4,53,0.7,0.632,21.5,1.69,0.0,0.0,3,0,0
10,34.3,45,1.0,0.9595,20.6,2.31,0.0,0.0,3,0,0
11,35.8,41,1.6,0.8975,20.4,2.77,0.0,0.0,3,0,0
12,36.8,39,1.3,0.972,20.5,2.8,0.0,0.0,3,0,0
13,37.9,38,2.3,0.934,21.1,3.05,0.0,0.0,3,0,0
14,38.7,38,2.4,0.9715,21.8,3.12,0.0,0.0,3,0,0
15,39.3,37,2.3,0.946,21.9,2.82,0.0,0.0,3,0,0
16,39.4,39,2.5,0.9485,22.8,2.42,0.0,0.0,3,0,0
17,39.0,41,2.6,0.9405,23.3,1.83,0.0,0.0,3,0,0
18,37.8,47,3.8,0.9655,24.5,1.09,0.0,0.0,3,0,0
19,36.1,56,3.7,0.9185,25.9,0.47,0.0,0.0,3,0,0
20,34.5,62,2.8,0.8505,26.1,0.02,0.0,0.0,3,0,0
21,33.3,64,3.0,0.84,25.5,0.0,0.0,0.0,3,0,0
22,32.6,64,2.4,0.8515,24.8,0.0,0.0,0.0,3,0,0
23,32.3,67,1.0,0.796,25.3,0.0,0.0,0.0,3,0,0
0,31.9,67,1.5,0.775,25.0,0.0,0.0,0.0,3,0,0
1,31.5,69,1.5,0.756,25.1,0.0,0.0,0.0,3,0,0
2,31.5,68,0.0,0.752,24.8,0.0,0.0,0.0,3,0,0
3,31.1,70,0.4,0.7245,24.9,0.0,0.0,0.0,3,0,0
4,31.1,54,1.9,1.0,20.6,0.0,0.0,0.0,3,0,0
5,30.7,57,0.9,1.0,21.1,0.0,0.0,0.0,3,0,0
6,30.4,54,1.3,1.0,20.0,0.01,0.0,0.0,3,0,0
7,30.5,53,1.1,1.0,19.8,0.22,0.0,0.0,3,0,0
8,31.6,50,1.1,0.9715,19.9,0.76,0.0,0.0,3,0,0
9,32.9,49,1.8,0.9215,20.7,1.53,0.0,0.0,3,0,0
10,34.4,46,2.0,0.94,21.1,1.94,0.0,0.0,3,0,0
11,35.3,45,1.7,0.9145,21.5,2.27,0.0,0.0,3,0,0
12,36.6,41,2.0,0.933,21.2,2.58,0.0,0.0,3,0,0
13,36.7,44,1.4,0.8825,22.4,1.9,0.0,0.0,3,0,0
14,37.3,40,1.8,0.833,21.4,1.52,0.0,0.0,3,0,0
15,36.6,44,1.5,0.8855,22.3,1.13,0.0,0.0,3,0,0
16,37.9,39,1.6,0.8785,21.5,1.76,0.0,0.0,3,0,0
17,37.4,44,2.3,0.9145,23.0,1.49,0.0,0.0,3,0,0
18,36.7,47,2.5,0.9015,23.5,0.99,0.0,0.0,3,0,0
19,35.2,52,2.3,0.877,23.8,0.44,0.0,0.0,3,0,0
20,33.9,58,2.4,0.7595,24.4,0.04,0.0,0.0,3,0,0
21,33.3,63,1.2,0.652,25.2,0.0,0.0,0.0,3,0,0
22,32.9,64,1.0,0.544,25.1,0.0,0.0,0.0,3,0,0
23,32.4,64,1.7,0.5765,24.7,0.0,0.0,0.0,3,0,0
0,32.1,67,1.1,0.5385,25.1,0.0,0.0,0.0,3,0,0
1,31.7,68,0.3,0.5515,25.0,0.0,0.0,0.0,3,0,0
2,31.5,68,0.3,0.5005,24.8,0.0,0.0,0.0,3,0,0
3,31.2,68,1.4,0.484,24.5,0.0,0.0,0.0,3,0,0
4,31.0,73,0.5,0.495,25.5,0.0,0.0,0.0,3,0,0
5,30.5,72,0.5,0.542,24.8,0.0,0.0,0.0,3,0,0
6,30.5,62,1.3,0.7915,22.3,0.01,0.0,0.0,3,0,0
7,30.8,58,1.6,0.8885,21.5,0.22,0.0,0.0,3,0,0
8,31.8,55,1.3,0.7685,21.6,0.78,0.0,0.0,3,0,0
9,33.0,50,1.7,0.861,21.1,1.49,0.0,0.0,3,0,0
10,34.3,48,2.5,0.911,21.7,2.12,0.0,0.0,3,0,0
11,35.7,42,1.6,0.8635,20.7,2.56,0.0,0.0,3,0,0
12,36.8,41,2.1,0.8795,21.3,2.53,0.0,0.0,3,0,0
13,36.8,44,1.8,0.8125,22.5,1.79,0.0,0.0,3,0,0
14,37.4,40,2.8,0.7595,21.5,2.03,0.0,0.0,3,0,0
15,37.4,44,3.2,0.7495,23.0,2.71,0.0,0.0,3,0,0
16,36.7,44,3.5,0.833,22.4,2.16,0.0,0.0,3,0,0
17,35.8,49,3.9,0.8165,23.4,1.52,0.0,0.0,3,0,0
18,34.4,53,3.3,0.825,23.4,0.8,0.0,0.0,3,0,0
19,33.5,54,2.7,0.9355,22.9,0.35,0.0,0.0,3,0,0
20,32.2,58,1.9,0.8365,22.8,0.02,0.0,0.0,3,0,0
21,31.2,63,1.7,0.7685,23.3,0.0,0.0,0.0,3,0,0
22,30.6,64,1.2,0.8525,23.0,0.0,0.0,0.0,3,0,0
23,30.2,62,0.8,0.854,22.1,0.0,0.0,0.0,3,0,0
0,30.0,61,1.7,0.897,21.6,0.0,0.0,0.0,3,0,1
1,29.9,61,1.1,0.8725,21.5,0.0,0.0,0.0,3,0,1
2,29.9,59,1.9,0.951,21.0,0.0,0.0,0.0,3,0,1
3,29.7,57,1.5,0.982,20.2,0.0,0.0,0.0,3,0,1
4,29.5,60,1.2,0.887,20.9,0.0,0.0,0.0,3,0,1
5,29.2,62,2.1,0.9175,21.1,0.0,0.0,0.0,3,0,1
6,29.1,63,1.6,0.909,21.3,0.0,0.0,0.0,3,0,1
7,29.4,62,1.9,0.879,21.3,0.24,0.0,0.0,3,0,1
8,30.2,61,1.8,0.781,21.8,0.65,0.0,0.0,3,0,1
9,31.3,58,1.9,0.799,22.0,1.24,0.0,0.0,3,0,1
10,32.3,56,1.7,0.8125,22.3,1.61,0.0,0.0,3,0,1
11,33.4,52,2.8,0.731,22.1,2.19,0.0,0.0,3,0,1
12,33.2,52,2.5,0.757,22.0,1.59,0.0,0.0,3,0,1
13,33.6,54,3.7,0.877,23.0,2.56,0.0,0.0,3,0,1
14,33.1,54,4.2,0.9395,22.5,2.09,0.0,0.0,3,0,1
15,34.7,48,3.6,0.9865,22.0,2.47,0.0,0.0,3,0,1
16,34.5,49,4.0,0.9625,22.2,2.35,0.0,0.0,3,0,1
17,34.3,48,3.4,1.0,21.7,1.82,0.0,0.0,3,0,1
18,33.2,52,3.7,0.993,22.0,1.14,0.0,0.0,3,0,1
19,32.0,57,2.9,1.0,22.4,0.48,0.0,0.0,3,0,1
20,30.2,66,2.8,1.0,23.1,0.02,0.0,0.0,3,0,1
21,29.2,73,1.9,0.9665,23.8,0.0,0.0,0.0,3,0,1
22,28.6,74,2.5,0.902,23.5,0.0,0.0,0.0,3,0,1
23,28.2,78,2.5,0.839,23.9,0.0,0.0,0.0,3,0,1
0,28.0,82,1.4,0.6105,24.6,0.0,0.0,0.0,3,0,1
1,27.7,83,2.7,0.564,24.5,0.0,0.0,0.0,3,0,1
2,27.5,83,2.7,0.559,24.3,0.0,0.0,0.0,3,0,1
3,27.3,84,1.7,0.5445,24.3,0.0,0.0,0.0,3,0,1
4,27.3,83,2.2,0.527,24.1,0.0,0.0,0.0,3,0,1
5,27.3,84,0.8,0.5335,24.3,0.0,0.0,0.0,3,0,1
6,27.3,83,1.4,0.54,24.1,0.0,0.0,0.0,3,0,1
7,27.5,86,1.8,0.2425,24.9,0.03,0.4,0.0,3,0,1
8,27.5,95,0.7,0.202,26.6,0.14,1.6,0.0,3,0,1
9,29.1,76,2.2,0.5205,24.4,1.38,0.0,0.0,3,0,1
10,29.5,78,2.0,0.5455,25.2,1.28,0.0,0.0,3,0,1
11,31.2,63,2.6,0.8475,23.3,1.99,0.0,0.0,3,0,1
12,32.5,59,3.4,0.89,23.4,2.33,0.0,0.0,3,0,1
13,33.0,56,3.5,0.9285,23.0,2.68,0.0,0.0,3,0,1
14,33.3,55,4.7,0.9605,23.0,3.05,0.0,0.0,3,0,1
15,33.7,55,3.7,0.9215,23.3,2.67,0.0,0.0,3,0,1
16,33.6,57,3.5,0.9505,23.8,2.19,0.0,0.0,3,0,1
17,32.8,61,4.0,0.939,24.2,1.46,0.0,0.0,3,0,1
18,31.8,63,4.0,0.9245,23.8,0.81,0.0,0.0,3,0,1
19,30.9,68,3.3,0.9105,24.2,0.52,0.0,0.0,3,0,1
20,30.0,72,3.5,0.8825,24.3,0.09,0.0,0.0,3,0,1
21,29.3,75,3.6,0.837,24.4,0.0,0.0,0.0,3,0,1
22,29.1,77,3.0,0.7795,24.6,0.0,0.0,0.0,3,0,1
23,28.8,79,1.3,0.742,24.7,0.0,0.0,0.0,3,0,1
0,28.7,79,2.2,0.7365,24.6,0.0,0.0,0.0,3,0,0
1,28.7,80,1.5,0.6475,24.8,0.0,0.0,0.0,3,0,0
2,28.6,80,1.2,0.5815,24.8,0.0,0.0,0.0,3,0,0
3,28.6,81,1.1,0.5525,25.0,0.0,0.0,0.0,3,0,0
4,28.4,82,0.5,0.572,25.0,0.0,0.0,0.0,3,0,0
5,28.3,83,1.7,0.4845,25.1,0.0,0.0,0.0,3,0,0
6,28.3,83,1.1,0.45,25.1,0.0,0.0,0.0,3,0,0
7,28.5,82,0.8,0.457,25.1,0.09,0.0,0.0,3,0,0
8,28.7,86,1.4,0.266,26.1,0.32,0.5,0.0,3,0,0
9,28.4,87,1.7,0.6565,26.0,0.56,4.0,0.0,3,0,0
10,29.8,76,1.4,0.425,25.1,1.52,0.0,0.0,3,0,0
11,31.3,70,1.0,0.6135,25.1,1.89,0.0,0.0,3,0,0
12,33.2,59,2.6,0.6445,24.0,2.37,0.0,0.0,3,0,0
13,34.3,54,2.2,0.77,23.6,2.93,0.0,0.0,3,0,0
14,34.0,59,3.2,0.59,24.8,1.98,0.0,0.0,3,0,0
15,33.6,58,3.6,0.724,24.1,1.98,0.0,0.0,3,0,0
16,34.6,55,2.5,0.825,24.2,2.01,0.0,0.0,3,0,0
17,35.0,53,1.5,0.809,23.9,1.78,0.0,0.0,3,0,0
18,32.8,63,1.3,0.8995,24.8,0.31,0.0,0.0,3,0,0
19,32.2,65,0.8,0.947,24.7,0.1,0.0,0.0,3,0,0
20,31.3,65,2.0,0.793,23.9,0.02,0.0,0.0,3,0,0
21,30.6,70,1.6,0.771,24.4,0.0,0.0,0.0,3,0,0
22,30.1,72,0.4,0.903,24.4,0.0,0.0,0.0,3,0,0
23,29.4,79,1.2,0.3885,25.3,0.0,2.0,0.0,3,0,0
0,28.8,72,0.8,1.0,23.2,0.0,0.0,0.0,3,0,0
1,28.2,68,0.9,1.0,21.7,0.0,0.0,0.0,3,0,0
2,27.9,68,0.9,1.0,21.4,0.0,0.0,0.0,3,0,0
3,27.6,69,0.9,1.0,21.3,0.0,0.0,0.0,3,0,0
4,27.3,68,0.7,1.0,20.8,0.0,0.0,0.0,3,0,0
5,27.1,69,0.9,1.0,20.9,0.0,0.0,0.0,3,0,0
6,26.8,70,0.7,1.0,20.8,0.0,0.0,0.0,3,0,0
7,27.0,69,0.8,1.0,20.8,0.23,0.0,0.0,3,0,0
8,28.5,64,2.0,1.0,21.0,0.89,0.0,0.0,3,0,0
9,29.3,66,1.1,1.0,22.2,1.07,0.0,0.0,3,0,0
10,30.1,65,1.2,1.0,22.7,1.11,0.0,0.0,3,0,0
11,31.4,59,0.8,1.0,22.4,1.3,0.0,0.0,3,0,0
12,31.9,57,0.9,0.9905,22.3,1.28,0.0,0.0,3,0,0
13,33.0,55,1.0,0.9835,22.7,1.49,0.0,0.0,3,0,0
14,34.0,50,1.2,0.872,22.1,1.68,0.0,0.0,3,0,0
15,34.3,49,1.0,0.8165,22.0,1.62,0.0,0.0,3,0,0
16,35.4,45,2.6,0.7645,21.6,1.84,0.0,0.0,3,0,0
17,35.6,44,2.4,0.93,21.4,1.69,0.0,0.0,3,0,0
18,34.6,50,3.1,0.9105,22.6,1.0,0.0,0.0,3,0,0
19,32.9,56,2.6,0.972,22.9,0.4,0.0,0.0,3,0,0
20,31.1,64,2.7,0.885,23.4,0.02,0.0,0.0,3,0,0
21,30.3,69,2.2,0.917,23.9,0.0,0.0,0.0,3,0,0
22,29.8,75,1.4,0.8045,24.8,0.0,0.0,0.0,3,0,0
23,29.5,78,1.4,0.7345,25.2,0.0,0.0,0.0,3,0,0
0,29.1,77,2.1,0.7325,24.6,0.0,0.0,0.0,3,0,0
1,28.5,80,1.5,0.653,24.7,0.0,0.0,0.0,3,0,0
2,28.3,84,2.1,0.5495,25.3,0.0,0.0,0.0,3,0,0
3,28.3,84,0.5,0.503,25.3,0.0,0.0,0.0,3,0,0
4,28.0,85,1.0,0.5395,25.2,0.0,0.0,0.0,3,0,0
5,27.9,84,0.0,0.586,24.9,0.0,0.0,0.0,3,0,0
6,27.6,84,1.2,0.5615,24.6,0.01,0.0,0.0,3,0,0
7,28.2,82,1.5,0.4925,24.8,0.19,0.0,0.0,3,0,0
8,28.6,80,1.6,0.354,24.8,0.49,0.0,0.0,3,0,0
9,30.2,66,1.4,0.5655,23.1,1.48,0.0,0.0,3,0,0
10,31.6,58,2.3,0.764,22.3,2.02,0.0,0.0,3,0,0
11,32.7,55,2.7,0.918,22.4,2.44,0.0,0.0,3,0,0
12,34.1,46,1.6,0.9425,20.8,2.72,0.0,0.0,3,0,0
13,34.4,48,2.1,0.9605,21.7,2.37,0.0,0.0,3,0,0
14,33.6,50,3.5,0.9965,21.7,1.15,0.0,0.0,3,0,0
15,34.5,47,3.2,0.979,21.5,2.32,0.0,0.0,3,0,0
16,35.1,40,2.6,0.9945,19.4,2.29,0.0,0.0,3,0,0
17,35.0,37,2.6,1.0,18.1,1.72,0.0,0.0,3,0,0
18,34.5,45,2.0,1.0,20.8,1.0,0.0,0.0,3,0,0
19,32.6,60,3.5,0.991,23.8,0.37,0.0,0.0,3,0,0
20,31.0,66,2.9,0.9285,23.8,0.02,0.0,0.0,3,0,0
21,29.7,71,3.2,0.967,23.8,0.0,0.0,0.0,3,0,0
22,29.5,73,0.9,0.968,24.1,0.0,0.0,0.0,3,0,0
23,29.1,77,0.4,0.776,24.6,0.0,0.0,0.0,3,0,0
0,28.9,75,1.6,0.973,24.0,0.0,0.0,0.0,3,0,0
1,28.8,75,2.1,0.9875,23.9,0.0,0.0,0.0,3,0,0
2,28.5,79,1.2,0.773,24.4,0.0,0.0,0.0,3,0,0
3,28.3,80,1.4,0.8085,24.5,0.0,0.0,0.0,3,0,0
4,28.1,81,1.5,0.8645,24.5,0.0,0.0,0.0,3,0,0
5,27.8,82,1.0,0.7995,24.4,0.0,0.0,0.0,3,0,0
6,27.7,84,1.4,0.718,24.7,0.0,0.0,0.0,3,0,0
7,27.9,81,1.8,0.7485,24.3,0.12,0.0,0.0,3,0,0
8,28.6,75,1.2,0.794,23.7,0.56,0.0,0.0,3,0,0
9,29.4,64,2.3,0.963,21.8,0.9,0.0,0.0,3,0,0
10,30.4,63,1.8,0.9415,22.5,1.32,0.0,0.0,3,0,0
11,30.8,63,2.4,0.9595,22.9,0.94,0.0,0.0,3,0,0
12,31.1,63,3.0,0.8975,23.2,1.14,0.0,0.0,3,0,0
13,29.7,80,1.7,0.656,25.8,0.73,0.4,0.0,3,0,0
14,30.8,69,1.8,0.609,24.4,1.58,0.0,0.0,3,0,0
15,31.2,67,2.7,0.684,24.3,1.39,0.0,0.0,3,0,0
16,31.6,73,3.0,0.5665,26.1,1.57,0.0,0.0,3,0,0
17,28.8,83,4.0,0.4845,25.6,0.39,1.1,0.0,3,0,0
18,28.1,86,2.3,0.622,25.5,0.28,0.5,0.0,3,0,0
19,28.2,82,0.4,0.916,24.8,0.16,0.0,0.0,3,0,0
20,27.9,78,0.6,0.9945,23.7,0.03,0.0,0.0,3,0,0
21,27.8,82,0.3,0.6985,24.4,0.0,0.0,0.0,3,0,0
22,27.5,82,0.4,0.614,24.1,0.0,0.0,0.0,3,0,0
23,27.3,81,0.0,0.6435,23.7,0.0,0.0,0.0,3,0,0
0,27.1,84,0.2,0.5805,24.1,0.0,0.0,0.0,3,0,0
1,26.9,84,0.2,0.5305,23.9,0.0,0.0,0.0,3,0,0
2,26.9,84,0.8,0.5035,23.9,0.0,0.0,0.0,3,0,0
3,26.7,84,0.4,0.497,23.7,0.0,0.0,0.0,3,0,0
4,26.3,85,0.4,0.608,23.5,0.0,0.0,0.0,3,0,0
5,26.1,83,0.3,0.8085,22.9,0.0,0.0,0.0,3,0,0
6,25.7,83,0.6,0.7415,22.5,0.0,0.0,0.0,3,0,0
7,26.0,78,0.7,0.994,21.8,0.16,0.0,0.0,3,0,0
8,27.2,69,1.8,0.9995,21.0,0.7,0.0,0.0,3,0,0
9,29.0,64,0.8,0.9935,21.4,1.45,0.0,0.0,3,0,0
10,30.5,58,0.6,0.9375,21.2,1.84,0.0,0.0,3,0,0
11,31.9,53,1.2,1.0,21.1,2.33,0.0,0.0,3,0,0
12,33.4,47,1.3,1.0,20.5,2.51,0.0,0.0,3,0,0
13,34.2,41,1.7,1.0,19.0,2.31,0.0,0.0,3,0,0
14,35.1,44,1.6,1.0,21.0,2.25,0.0,0.0,3,0,0
15,34.8,47,2.4,1.0,21.8,2.21,0.0,0.0,3,0,0
16,36.4,40,3.2,1.0,20.6,2.59,0.0,0.0,3,0,0
17,36.3,40,2.7,1.0,20.5,1.93,0.0,0.0,3,0,0
18,35.2,44,2.6,1.0,21.1,1.23,0.0,0.0,3,0,0
19,33.4,49,2.6,1.0,21.2,0.32,0.0,0.0,3,0,0
20,32.2,52,2.3,1.0,21.0,0.02,0.0,0.0,3,0,0
21,31.3,55,0.9,1.0,21.1,0.0,0.0,0.0,3,0,0
22,30.9,54,0.8,1.0,20.5,0.0,0.0,0.0,3,0,0
23,30.4,58,1.4,1.0,21.2,0.0,0.0,0.0,3,0,0
0,29.8,63,2.0,1.0,21.9,0.0,0.0,0.0,3,0,1
1,29.0,67,1.1,1.0,22.2,0.0,0.0,0.0,3,0,1
2,28.5,68,1.1,0.9195,22.0,0.0,0.0,0.0,3,0,1
3,27.9,69,0.8,1.0,21.6,0.0,0.0,0.0,3,0,1
4,27.4,69,1.0,1.0,21.2,0.0,0.0,0.0,3,0,1
5,26.9,69,0.7,1.0,20.7,0.0,0.0,0.0,3,0,1
6,26.5,69,0.8,1.0,20.3,0.0,0.0,0.0,3,0,1
7,26.7,67,0.8,1.0,20.0,0.13,0.0,0.0,3,0,1
8,28.0,60,1.0,1.0,19.5,0.91,0.0,0.0,3,0,1
9,29.7,58,1.3,0.9775,20.5,1.68,0.0,0.0,3,0,1
10,31.3,53,1.8,1.0,20.5,2.34,0.0,0.0,3,0,1
11,31.5,54,2.5,0.959,21.0,1.78,0.0,0.0,3,0,1
12,33.2,50,2.3,1.0,21.3,2.84,0.0,0.0,3,0,1
13,34.1,45,1.5,0.9965,20.4,2.57,0.0,0.0,3,0,1
14,34.5,43,2.6,1.0,20.0,2.37,0.0,0.0,3,0,1
15,35.0,41,1.5,1.0,19.7,2.4,0.0,0.0,3,0,1
16,35.6,39,2.7,1.0,19.5,1.81,0.0,0.0,3,0,1
17,35.8,36,2.2,1.0,18.3,1.58,0.0,0.0,3,0,1
18,34.4,40,1.8,1.0,18.8,0.65,0.0,0.0,3,0,1
19,33.8,44,2.2,1.0,19.8,0.3,0.0,0.0,3,0,1
20,32.8,47,1.9,1.0,19.9,0.01,0.0,0.0,3,0,1
21,31.6,63,1.2,0.99,23.6,0.0,0.0,0.0,3,0,1
22,31.3,53,2.3,1.0,20.5,0.0,0.0,0.0,3,0,1
23,30.7,55,1.5,1.0,20.6,0.0,0.0,0.0,3,0,1
0,29.9,56,2.0,1.0,20.1,0.0,0.0,0.0,3,0,1
1,29.4,58,1.5,1.0,20.2,0.0,0.0,0.0,3,0,1
2,29.0,60,1.4,1.0,20.4,0.0,0.0,0.0,3,0,1
3,28.5,62,1.6,1.0,20.5,0.0,0.0,0.0,3,0,1
4,28.1,63,0.8,1.0,20.3,0.0,0.0,0.0,3,0,1
5,27.7,65,1.4,1.0,20.5,0.0,0.0,0.0,3,0,1
6,27.2,66,0.9,1.0,20.2,0.0,0.0,0.0,3,0,1
7,27.4,61,0.6,1.0,19.2,0.17,0.0,0.0,3,0,1
8,28.6,54,1.1,1.0,18.3,0.82,0.0,0.0,3,0,1
9,29.7,55,1.6,1.0,19.6,1.44,0.0,0.0,3,0,1
10,31.6,51,2.3,0.9845,20.2,2.3,0.0,0.0,3,0,1
11,32.8,49,2.8,1.0,20.6,2.87,0.0,0.0,3,0,1
12,33.8,44,2.0,0.9495,19.8,2.72,0.0,0.0,3,0,1
13,34.0,47,1.4,1.0,21.0,2.24,0.0,0.0,3,0,1
14,35.0,45,2.2,0.9785,21.2,2.73,0.0,0.0,3,0,1
15,34.9,46,2.0,1.0,21.5,1.54,0.0,0.0,3,0,1
16,34.1,47,2.5,1.0,21.1,0.61,0.0,0.0,3,0,1
17,33.7,48,2.3,1.0,21.1,0.41,0.0,0.0,3,0,1
18,33.4,49,1.6,0.9855,21.2,0.25,0.0,0.0,3,0,1
19,32.0,76,2.1,0.346,27.2,0.1,1.0,0.0,3,0,1
20,29.4,86,1.1,0.597,26.8,0.03,4.0,0.0,3,0,1
21,28.9,83,0.3,0.7245,25.7,0.0,0.0,0.0,3,0,1
22,28.8,79,0.2,0.802,24.7,0.0,0.0,0.0,3,0,1
23,28.7,81,0.4,0.793,25.1,0.0,0.0,0.0,3,0,1
0,28.4,85,1.3,0.703,25.6,0.0,0.0,0.0,3,0,0
1,28.2,88,0.2,0.4645,26.0,0.0,1.0,0.0,3,0,0
2,28.1,78,0.9,0.5955,23.8,0.0,0.0,0.0,3,0,0
3,27.7,88,0.5,0.4165,25.5,0.0,0.0,0.0,3,0,0
4,27.1,91,0.9,0.2925,25.4,0.0,0.0,0.0,3,0,0
5,26.8,90,0.6,0.2955,25.0,0.0,0.0,0.0,3,0,0
6,26.7,89,0.6,0.3075,24.7,0.0,0.0,0.0,3,0,0
7,27.0,86,0.9,0.359,24.4,0.22,0.0,0.0,3,0,0
8,28.0,78,1.1,0.4325,23.7,0.74,0.0,0.0,3,0,0
9,29.4,74,2.0,0.4585,24.2,1.18,0.0,0.0,3,0,0
10,30.6,67,0.7,0.677,23.7,1.2,0.0,0.0,3,0,0
11,31.7,58,1.1,0.792,22.4,1.27,0.0,0.0,3,0,0
12,33.4,54,2.6,0.824,22.8,2.09,0.0,0.0,3,0,0
13,33.0,54,1.7,0.729,22.4,1.23,0.0,0.0,3,0,0
14,33.6,55,1.1,0.6875,23.3,0.94,0.0,0.0,3,0,0
15,34.0,51,1.8,0.754,22.4,0.98,0.0,0.0,3,0,0
16,33.5,52,2.2,0.902,22.2,0.91,0.0,0.0,3,0,0
17,33.2,55,2.7,0.8,22.9,0.55,0.0,0.0,3,0,0
18,33.1,59,3.1,0.863,24.0,0.72,0.0,0.0,3,0,0
19,32.1,60,2.3,0.9935,23.3,0.25,0.0,0.0,3,0,0
20,31.0,64,2.9,0.996,23.3,0.01,0.0,0.0,3,0,0
21,30.4,66,1.6,1.0,23.3,0.0,0.0,0.0,3,0,0
22,29.9,60,1.3,1.0,21.2,0.0,0.0,0.0,3,0,0
23,29.6,63,0.1,1.0,21.8,0.0,0.0,0.0,3,0,0
0,29.3,68,1.6,1.0,22.7,0.0,0.0,0.0,3,0,0
1,28.9,71,1.2,0.991,23.1,0.0,0.0,0.0,3,0,0
2,28.6,70,1.5,1.0,22.5,0.0,0.0,0.0,3,0,0
3,28.4,73,1.4,0.995,23.0,0.0,0.0,0.0,3,0,0
4,28.1,71,0.4,1.0,22.3,0.0,0.0,0.0,3,0,0
5,27.9,71,0.3,1.0,22.1,0.0,0.0,0.0,3,0,0
6,27.8,71,0.1,1.0,22.0,0.0,0.0,0.0,3,0,0
7,27.9,71,0.4,1.0,22.1,0.13,0.0,0.0,3,0,0
8,29.3,63,0.9,0.905,21.5,0.76,0.0,0.0,3,0,0
9,31.0,56,0.8,0.9725,21.1,1.32,0.0,0.0,3,0,0
10,31.7,57,1.3,0.9375,22.1,1.25,0.0,0.0,3,0,0
11,32.4,54,1.9,0.981,21.8,0.96,0.0,0.0,3,0,0
12,33.9,49,1.5,0.9205,21.6,1.91,0.0,0.0,3,0,0
13,35.7,38,2.4,0.9315,19.1,2.5,0.0,0.0,3,0,0
14,36.2,41,2.9,0.907,20.8,2.68,0.0,0.0,3,0,0
15,37.2,38,2.5,0.916,20.5,2.68,0.0,0.0,3,0,0
16,36.3,41,2.4,0.9785,20.9,1.85,0.0,0.0,3,0,0
17,34.7,51,3.0,1.0,23.0,1.22,0.0,0.0,3,0,0
18,33.7,53,2.4,1.0,22.7,0.78,0.0,0.0,3,0,0
19,32.7,56,2.2,1.0,22.7,0.33,0.0,0.0,3,0,0
20,31.8,59,0.9,1.0,22.7,0.0,0.0,0.0,3,0,0
21,31.3,59,0.3,1.0,22.3,0.0,0.0,0.0,3,0,0
22,30.9,63,0.7,1.0,23.0,0.0,0.0,0.0,3,0,0
23,30.3,65,0.4,1.0,22.9,0.0,0.0,0.0,3,0,0
0,30.0,67,0.8,0.993,23.1,0.0,0.0,0.0,3,1,0
1,29.6,69,0.4,0.971,23.3,0.0,0.0,0.0,3,1,0
2,29.5,68,0.4,0.9745,22.9,0.0,0.0,0.0,3,1,0
3,29.1,70,0.3,0.976,23.0,0.0,0.0,0.0,3,1,0
4,28.8,73,0.5,0.9175,23.4,0.0,0.0,0.0,3,1,0
5,28.6,73,0.8,0.904,23.2,0.0,0.0,0.0,3,1,0
6,28.4,74,1.0,0.85,23.3,0.0,0.0,0.0,3,1,0
7,28.6,71,0.6,0.8985,22.8,0.17,0.0,0.0,3,1,0
8,29.9,60,0.8,0.886,21.2,0.83,0.0,0.0,3,1,0
9,32.0,53,1.6,1.0,21.2,1.56,0.0,0.0,3,1,0
10,33.5,49,1.0,0.9685,21.3,2.09,0.0,0.0,3,1,0
11,35.4,44,1.2,0.9435,21.2,2.58,0.0,0.0,3,1,0
12,36.5,41,1.1,0.9035,21.1,2.73,0.0,0.0,3,1,0
13,36.9,39,1.5,1.0,20.6,2.46,0.0,0.0,3,1,0
14,37.2,38,0.9,0.988,20.5,1.96,0.0,0.0,3,1,0
15,37.4,38,1.4,1.0,20.6,1.72,0.0,0.0,3,1,0
16,36.6,39,0.7,1.0,20.3,0.44,0.0,0.0,3,1,0
17,33.6,55,3.9,0.9645,23.3,0.86,0.0,0.0,3,1,0
18,32.8,63,2.3,0.773,24.8,0.89,0.1,0.0,3,1,0
19,28.7,76,0.7,1.0,24.0,0.11,0.9,0.0,3,1,0
20,28.4,69,1.5,1.0,22.1,0.01,0.0,0.0,3,1,0
21,28.6,69,1.3,1.0,22.3,0.0,0.0,0.0,3,1,0
22,28.6,67,1.0,1.0,21.8,0.0,0.0,0.0,3,1,0
23,28.5,69,1.1,1.0,22.2,0.0,0.0,0.0,3,1,0
0,28.4,68,0.9,1.0,21.9,0.0,0.0,0.0,3,0,0
1,28.2,70,1.0,1.0,22.2,0.0,0.0,0.0,3,0,0
2,28.1,68,0.8,1.0,21.6,0.0,0.0,0.0,3,0,0
3,27.9,68,0.6,1.0,21.4,0.0,0.0,0.0,3,0,0
4,27.8,69,0.9,1.0,21.5,0.0,0.0,0.0,3,0,0
5,28.0,66,0.5,1.0,21.0,0.0,0.0,0.0,3,0,0
6,27.5,72,1.1,1.0,21.9,0.0,0.0,0.0,3,0,0
7,27.6,71,1.2,1.0,21.8,0.14,0.0,0.0,3,0,0
8,28.2,68,1.3,1.0,21.7,0.41,0.0,0.0,3,0,0
9,30.6,55,1.1,1.0,20.5,1.46,0.0,0.0,3,0,0
10,31.9,51,2.2,0.9695,20.4,2.04,0.0,0.0,3,0,0
11,33.5,48,2.4,0.984,20.9,2.71,0.0,0.0,3,0,0
12,34.5,44,2.2,1.0,20.4,3.19,0.0,0.0,3,0,0
13,35.1,39,2.0,1.0,19.0,3.45,0.0,0.0,3,0,0
14,35.3,40,2.0,1.0,19.6,3.17,0.0,0.0,3,0,0
15,35.0,38,2.0,1.0,18.5,2.8,0.0,0.0,3,0,0
16,34.5,37,1.9,1.0,17.6,2.36,0.0,0.0,3,0,0
17,33.8,37,2.2,1.0,17.0,1.74,0.0,0.0,3,0,0
18,32.4,40,2.1,1.0,17.0,1.04,0.0,0.0,3,0,0
19,29.8,45,2.5,1.0,16.5,0.36,0.0,0.0,3,0,0
20,27.9,47,1.9,1.0,15.5,0.01,0.0,0.0,3,0,0
21,26.8,46,2.0,1.0,14.2,0.0,0.0,0.0,3,0,0
22,25.9,45,2.1,1.0,13.0,0.0,0.0,0.0,3,0,0
23,25.0,44,2.2,1.0,11.8,0.0,0.0,0.0,3,0,0
0,24.1,45,2.0,1.0,11.4,0.0,0.0,0.0,3,0,0
1,23.4,47,2.1,1.0,11.4,0.0,0.0,0.0,3,0,0
2,22.8,50,1.4,1.0,11.8,0.0,0.0,0.0,3,0,0
3,22.4,52,1.3,1.0,12.0,0.0,0.0,0.0,3,0,0
4,22.1,54,1.6,1.0,12.3,0.0,0.0,0.0,3,0,0
5,21.8,55,1.9,1.0,12.3,0.0,0.0,0.0,3,0,0
6,21.8,51,2.0,1.0,11.2,0.0,0.0,0.0,3,0,0
7,22.0,49,1.7,1.0,10.7,0.23,0.0,0.0,3,0,0
8,23.5,44,1.7,0.972,10.5,0.98,0.0,0.0,3,0,0
9,25.5,40,2.6,0.995,10.8,1.7,0.0,0.0,3,0,0
10,27.0,36,2.2,0.9885,10.6,2.34,0.0,0.0,3,0,0
11,28.8,33,2.2,0.9755,10.9,2.85,0.0,0.0,3,0,0
12,30.3,30,1.9,0.9905,10.7,3.17,0.0,0.0,3,0,0
13,31.3,30,2.1,1.0,11.6,3.3,0.0,0.0,3,0,0
14,32.7,27,2.0,0.982,11.2,3.21,0.0,0.0,3,0,0
15,33.5,26,2.1,1.0,11.3,2.9,0.0,0.0,3,0,0
16,33.7,26,1.5,1.0,11.5,2.39,0.0,0.0,3,0,0
17,33.1,27,1.9,0.9875,11.5,1.76,0.0,0.0,3,0,0
18,32.5,28,1.4,1.0,11.6,1.06,0.0,0.0,3,0,0
19,31.0,31,1.5,1.0,11.8,0.34,0.0,0.0,3,0,0
20,28.4,40,1.7,0.9435,13.4,0.0,0.0,0.0,3,0,0
21,27.1,43,1.6,1.0,13.4,0.0,0.0,0.0,3,0,0
22,26.0,45,1.7,1.0,13.1,0.0,0.0,0.0,3,0,0
23,25.2,47,1.2,1.0,13.0,0.0,0.0,0.0,3,0,0
0,24.5,48,1.2,1.0,12.7,0.0,0.0,0.0,3,0,1
1,23.9,51,0.9,1.0,13.1,0.0,0.0,0.0,3,0,1
2,23.4,53,1.1,1.0,13.2,0.0,0.0,0.0,3,0,1
3,23.0,54,1.0,0.909,13.1,0.0,0.0,0.0,3,0,1
4,22.6,55,1.4,1.0,13.0,0.0,0.0,0.0,3,0,1
5,22.0,58,1.0,1.0,13.3,0.0,0.0,0.0,3,0,1
6,21.6,60,1.0,1.0,13.4,0.0,0.0,0.0,3,0,1
7,21.7,57,1.3,1.0,12.8,0.23,0.0,0.0,3,0,1
8,23.2,47,1.0,1.0,11.2,0.93,0.0,0.0,3,0,1
9,25.3,42,1.4,0.9605,11.4,1.7,0.0,0.0,3,0,1
10,27.0,37,1.2,0.981,11.0,2.32,0.0,0.0,3,0,1
11,28.4,35,1.6,1.0,11.4,2.82,0.0,0.0,3,0,1
12,29.8,33,1.5,0.968,11.7,3.14,0.0,0.0,3,0,1
13,31.1,30,1.5,1.0,11.4,3.24,0.0,0.0,3,0,1
14,31.0,31,1.8,0.9995,11.8,2.8,0.0,0.0,3,0,1
15,31.7,30,1.9,0.9715,11.9,2.23,0.0,0.0,3,0,1
16,31.8,33,2.1,1.0,13.5,1.88,0.0,0.0,3,0,1
17,29.9,39,2.9,1.0,14.4,0.86,0.0,0.0,3,0,1
18,30.1,37,2.1,1.0,13.8,0.88,0.0,0.0,3,0,1
19,28.5,45,1.6,1.0,15.4,0.23,0.0,0.0,3,0,1
20,27.6,46,1.2,1.0,14.9,0.01,0.0,0.0,3,0,1
21,26.8,48,0.9,1.0,14.8,0.0,0.0,0.0,3,0,1
22,26.3,48,0.8,1.0,14.4,0.0,0.0,0.0,3,0,1
23,25.9,52,1.3,1.0,15.2,0.0,0.0,0.0,3,0,1
0,25.3,53,2.4,1.0,15.0,0.0,0.0,0.0,3,0,1
1,25.0,57,0.9,1.0,15.8,0.0,0.0,0.0,3,0,1
2,24.5,59,0.3,1.0,15.9,0.0,0.0,0.0,3,0,1
3,24.0,59,0.6,1.0,15.4,0.0,0.0,0.0,3,0,1
4,23.6,61,0.3,1.0,15.6,0.0,0.0,0.0,3,0,1
5,23.4,63,0.3,1.0,15.9,0.0,0.0,0.0,3,0,1
6,23.1,64,0.6,1.0,15.9,0.0,0.0,0.0,3,0,1
7,23.3,64,1.0,1.0,16.0,0.1,0.0,0.0,3,0,1
8,24.4,58,0.8,1.0,15.5,0.45,0.0,0.0,3,0,1
9,26.3,50,0.7,0.99,15.0,1.28,0.0,0.0,3,0,1
10,27.3,49,0.9,0.984,15.6,1.17,0.0,0.0,3,0,1
11,28.4,43,1.0,0.957,14.6,1.52,0.0,0.0,3,0,1
12,30.9,37,1.8,0.929,14.5,2.98,0.0,0.0,3,0,1
13,32.4,33,2.7,0.9465,14.0,3.1,0.0,0.0,3,0,1
14,33.4,31,1.2,0.981,13.9,2.73,0.0,0.0,3,0,1
15,33.8,31,1.6,1.0,14.3,2.45,0.0,0.0,3,0,1
16,33.3,32,2.4,1.0,14.3,1.98,0.0,0.0,3,0,1
17,32.7,33,2.5,0.997,14.3,1.18,0.0,0.0,3,0,1
18,32.3,41,1.9,1.0,17.3,0.62,0.0,0.0,3,0,1
19,29.7,55,2.5,1.0,19.6,0.23,0.0,0.0,3,0,1
20,28.5,58,1.4,1.0,19.4,0.0,0.0,0.0,3,0,1
21,27.9,61,0.7,1.0,19.6,0.0,0.0,0.0,3,0,1
22,27.7,62,0.6,1.0,19.7,0.0,0.0,0.0,3,0,1
23,27.5,60,0.3,1.0,19.0,0.0,0.0,0.0,3,0,1
0,27.0,62,0.6,1.0,19.0,0.0,0.0,0.0,3,0,0
1,26.6,64,0.2,1.0,19.2,0.0,0.0,0.0,3,0,0
2,26.3,65,0.3,1.0,19.1,0.0,0.0,0.0,3,0,0
3,26.1,65,0.6,1.0,18.9,0.0,0.0,0.0,3,0,0
4,26.2,65,1.1,0.771,19.0,0.0,0.0,0.0,3,0,0
5,25.7,68,0.8,0.6975,19.3,0.0,0.0,0.0,3,0,0
6,25.3,67,1.5,0.725,18.7,0.0,0.0,0.0,3,0,0
7,25.4,60,1.4,0.9395,17.0,0.16,0.0,0.0,3,0,0
8,26.6,54,1.1,0.8695,16.5,0.75,0.0,0.0,3,0,0
9,27.5,54,1.0,0.9965,17.3,0.81,0.0,0.0,3,0,0
10,29.3,49,2.0,0.9375,17.4,1.65,0.0,0.0,3,0,0
11,31.2,45,1.9,0.905,17.8,2.72,0.0,0.0,3,0,0
12,31.7,45,2.5,0.907,18.3,1.96,0.0,0.0,3,0,0
13,31.6,46,2.7,0.932,18.5,1.77,0.0,0.0,3,0,0
14,32.1,45,2.8,0.983,18.6,1.51,0.0,0.0,3,0,0
15,32.9,45,1.9,0.9385,19.3,1.84,0.0,0.0,3,0,0
16,32.3,45,2.8,0.964,18.8,0.98,0.0,0.0,3,0,0
17,32.1,44,2.6,0.8655,18.3,0.6,0.0,0.0,3,0,0
18,31.6,47,2.1,0.9335,18.9,0.26,0.0,0.0,3,0,0
19,30.8,55,1.9,0.585,20.7,0.06,0.0,0.0,3,0,0
20,29.8,61,3.4,0.7625,21.4,0.0,0.0,0.0,3,0,0
21,29.3,63,3.1,0.8385,21.5,0.0,0.0,0.0,3,0,0
22,29.0,63,4.2,0.888,21.2,0.0,0.0,0.0,3,0,0
23,28.5,62,4.9,0.941,20.5,0.0,0.0,0.0,3,0,0
0,28.3,59,3.7,0.9725,19.5,0.0,0.0,0.0,3,0,0
1,28.0,61,3.9,0.945,19.7,0.0,0.0,0.0,3,0,0
2,27.6,60,4.3,0.927,19.1,0.0,0.0,0.0,3,0,0
3,26.8,62,4.5,0.871,18.9,0.0,0.1,0.0,3,0,0
4,25.3,70,6.9,0.4625,19.4,0.0,0.4,0.0,3,0,0
5,23.8,86,3.6,0.21,21.3,0.0,1.0,0.0,3,0,0
6,23.8,89,3.3,0.441,21.8,0.0,1.5,0.0,3,0,0
7,23.4,94,2.4,0.8865,22.3,0.02,2.0,0.0,3,0,0
8,24.0,84,3.5,0.9875,21.1,0.47,0.0,0.0,3,0,0
9,24.4,82,3.0,0.9235,21.1,0.6,0.0,0.0,3,0,0
10,24.8,82,3.2,0.866,21.5,0.34,0.0,0.0,3,0,0
11,24.7,85,2.3,0.719,22.0,0.27,0.0,0.0,3,0,0
12,25.7,74,3.4,0.9755,20.7,1.16,0.0,0.0,3,0,0
13,27.1,66,2.6,0.9475,20.1,1.54,0.0,0.0,3,0,0
14,28.5,58,2.6,0.9825,19.4,1.93,0.0,0.0,3,0,0
15,29.5,57,2.0,1.0,20.0,2.1,0.0,0.0,3,0,0
16,30.4,53,2.0,0.995,19.7,1.82,0.0,0.0,3,0,0
17,30.8,52,2.3,0.9765,19.8,1.49,0.0,0.0,3,0,0
18,30.3,56,1.7,1.0,20.5,0.8,0.0,0.0,3,0,0
19,29.2,62,1.7,1.0,21.1,0.31,0.0,0.0,3,0,0
20,27.7,69,1.6,0.996,21.4,0.01,0.0,0.0,3,0,0
21,26.8,72,0.4,0.9925,21.3,0.0,0.0,0.0,3,0,0
22,26.1,76,1.2,0.9335,21.5,0.0,0.0,0.0,3,0,0
23,25.6,75,0.1,0.946,20.8,0.0,0.0,0.0,3,0,0
0,25.1,79,0.5,0.9455,21.1,0.0,0.0,0.0,3,0,0
1,24.6,79,0.6,0.942,20.7,0.0,0.0,0.0,3,0,0
2,24.2,79,0.6,0.941,20.3,0.0,0.0,0.0,3,0,0
3,24.1,80,0.8,0.96,20.4,0.0,0.0,0.0,3,0,0
4,23.6,81,0.8,0.9715,20.1,0.0,0.0,0.0,3,0,0
5,23.4,82,0.4,1.0,20.1,0.0,0.0,0.0,3,0,0
6,23.7,78,0.3,1.0,19.6,0.0,0.0,0.0,3,0,0
7,24.3,74,0.6,0.9995,19.3,0.1,0.0,0.0,3,0,0
8,25.7,66,0.9,0.988,18.8,0.64,0.0,0.0,3,0,0
9,28.0,56,1.5,0.991,18.3,1.57,0.0,0.0,3,0,0
10,30.2,52,1.4,0.9615,19.2,2.13,0.0,0.0,3,0,0
11,32.1,49,1.6,0.937,20.0,2.63,0.0,0.0,3,0,0
12,33.9,45,1.4,0.9615,20.2,2.95,0.0,0.0,3,0,0
13,35.3,41,2.1,0.9625,20.0,3.1,0.0,0.0,3,0,0
14,36.2,36,1.5,0.9925,18.7,2.87,0.0,0.0,3,0,0
15,36.8,36,1.0,1.0,19.2,2.46,0.0,0.0,3,0,0
16,37.4,35,1.3,1.0,19.3,2.0,0.0,0.0,3,0,0
17,36.4,39,1.2,1.0,20.2,1.15,0.0,0.0,3,0,0
18,35.4,40,1.0,1.0,19.7,0.34,0.0,0.0,3,0,0
19,35.2,41,0.5,1.0,19.9,0.31,0.0,0.0,3,0,0
20,33.2,51,1.0,1.0,21.6,0.02,0.0,0.0,3,0,0
21,33.1,46,2.7,1.0,19.9,0.0,0.0,0.0,3,0,0
22,32.1,47,2.0,1.0,19.3,0.0,0.0,0.0,3,0,0
23,31.2,50,1.8,1.0,19.5,0.0,0.0,0.0,3,0,0
0,23.2,83,0.5,0.9435,20.1,0.0,0.0,0.0,4,0,1
1,22.7,83,0.1,0.97,19.6,0.0,0.0,0.0,4,0,1
2,22.0,86,0.4,0.8515,19.5,0.0,0.0,0.0,4,0,1
3,21.6,87,0.3,0.7895,19.3,0.0,0.0,0.0,4,0,1
4,21.2,88,0.9,0.5915,19.1,0.0,0.0,0.0,4,0,1
5,21.1,87,0.6,0.558,18.8,0.0,0.0,0.0,4,0,1
6,20.9,87,0.7,0.599,18.6,0.0,0.0,0.0,4,0,1
7,21.1,81,1.0,0.869,17.7,0.14,0.0,0.0,4,0,1
8,22.3,64,1.7,1.0,15.1,0.75,0.0,0.0,4,0,1
9,24.1,56,2.1,0.978,14.7,1.46,0.0,0.0,4,0,1
10,26.0,54,1.5,1.0,15.9,2.13,0.0,0.0,4,0,1
11,27.6,47,1.2,1.0,15.2,2.63,0.0,0.0,4,0,1
12,28.9,46,1.6,0.983,16.1,2.96,0.0,0.0,4,0,1
13,29.4,48,1.9,0.971,17.2,2.88,0.0,0.0,4,0,1
14,29.7,42,1.4,1.0,15.4,2.37,0.0,0.0,4,0,1
15,30.0,45,0.9,1.0,16.7,2.1,0.0,0.0,4,0,1
16,30.5,41,1.4,0.965,15.7,1.95,0.0,0.0,4,0,1
17,29.6,42,1.3,1.0,15.3,0.98,0.0,0.0,4,0,1
18,28.8,46,1.3,1.0,16.0,0.58,0.0,0.0,4,0,1
19,27.8,48,1.1,1.0,15.7,0.08,0.0,0.0,4,0,1
20,26.9,49,2.1,1.0,15.2,0.0,0.0,0.0,4,0,1
21,26.0,52,1.4,1.0,15.3,0.0,0.0,0.0,4,0,1
22,25.1,53,2.0,1.0,14.8,0.0,0.0,0.0,4,0,1
23,24.4,54,1.6,1.0,14.4,0.0,0.0,0.0,4,0,1
0,23.5,56,1.5,1.0,14.2,0.0,0.0,0.0,4,0,1
1,22.8,59,1.5,1.0,14.3,0.0,0.0,0.0,4,0,1
2,22.0,60,1.2,1.0,13.8,0.0,0.0,0.0,4,0,1
3,21.5,61,1.3,1.0,13.6,0.0,0.0,0.0,4,0,1
4,21.1,62,1.8,1.0,13.5,0.0,0.0,0.0,4,0,1
5,20.6,65,1.1,1.0,13.7,0.0,0.0,0.0,4,0,1
6,20.2,66,1.0,1.0,13.6,0.0,0.0,0.0,4,0,1
7,20.2,65,1.4,1.0,13.4,0.16,0.0,0.0,4,0,1
8,21.3,57,1.3,1.0,12.4,0.81,0.0,0.0,4,0,1
9,23.4,52,1.3,0.9985,12.9,1.53,0.0,0.0,4,0,1
10,25.0,47,1.5,1.0,12.8,2.17,0.0,0.0,4,0,1
11,26.5,44,1.4,0.979,13.2,2.62,0.0,0.0,4,0,1
12,27.5,43,1.4,0.9795,13.7,2.75,0.0,0.0,4,0,1
13,28.5,42,1.7,0.995,14.3,2.94,0.0,0.0,4,0,1
14,29.1,43,1.4,1.0,15.2,2.39,0.0,0.0,4,0,1
15,29.3,43,1.5,0.979,15.4,2.4,0.0,0.0,4,0,1
16,29.3,44,1.4,0.9985,15.7,1.32,0.0,0.0,4,0,1
17,28.8,47,2.0,0.999,16.3,1.0,0.0,0.0,4,0,1
18,27.9,52,1.7,1.0,17.1,0.2,0.0,0.0,4,0,1
19,27.3,54,1.5,1.0,17.1,0.05,0.0,0.0,4,0,1
20,26.9,56,1.6,1.0,17.3,0.0,0.0,0.0,4,0,1
21,26.2,62,2.3,1.0,18.3,0.0,0.0,0.0,4,0,1
22,25.7,64,1.1,1.0,18.3,0.0,0.0,0.0,4,0,1
23,25.1,65,2.2,1.0,18.0,0.0,0.0,0.0,4,0,1
0,24.7,67,1.2,1.0,18.1,0.0,0.0,0.0,4,0,0
1,24.5,68,0.5,1.0,18.1,0.0,0.0,0.0,4,0,0
2,24.3,68,1.0,1.0,18.0,0.0,0.0,0.0,4,0,0
3,24.2,70,0.3,1.0,18.3,0.0,0.0,0.0,4,0,0
4,24.0,70,1.2,1.0,18.1,0.0,0.0,0.0,4,0,0
5,23.9,70,1.5,1.0,18.0,0.0,0.0,0.0,4,0,0
6,23.8,71,1.2,1.0,18.2,0.0,0.0,0.0,4,0,0
7,23.9,71,0.4,1.0,18.3,0.02,0.0,0.0,4,0,0
8,24.2,70,1.4,1.0,18.3,0.16,0.0,0.0,4,0,0
9,23.6,86,1.2,0.168,21.1,0.14,2.0,0.0,4,0,0
10,23.3,89,0.7,0.858,21.3,0.2,0.5,0.0,4,0,0
11,23.7,86,0.6,0.899,21.2,0.31,0.0,0.0,4,0,0
12,23.9,83,1.1,0.9505,20.8,0.27,0.0,0.0,4,0,0
13,24.9,78,1.5,0.955,20.7,0.72,0.0,0.0,4,0,0
14,25.6,77,0.8,0.965,21.2,0.78,0.0,0.0,4,0,0
15,25.7,81,0.7,0.9125,22.1,0.43,0.0,0.0,4,0,0
16,25.5,91,1.3,0.2015,23.9,0.23,3.5,0.0,4,0,0
17,22.7,96,4.9,0.226,22.0,0.07,13.0,0.0,4,0,0
18,21.9,97,1.8,0.3785,21.3,0.02,13.0,0.0,4,0,0
19,21.7,97,0.2,0.577,21.1,0.01,1.0,0.0,4,0,0
20,21.5,97,0.3,1.0,20.9,0.0,0.5,0.0,4,0,0
21,21.6,97,0.5,0.323,21.0,0.0,0.5,0.0,4,0,0
22,21.7,97,0.4,0.22,21.1,0.0,0.5,0.0,4,0,0
23,21.7,97,0.8,0.419,21.1,0.0,0.0,0.0,4,0,0
0,21.4,97,0.1,0.202,20.8,0.0,0.0,0.0,4,0,0
1,21.3,97,1.1,0.285,20.7,0.0,0.0,0.0,4,0,0
2,20.9,96,0.4,0.485,20.2,0.0,0.0,0.0,4,0,0
3,20.6,97,0.2,0.25,20.1,0.0,0.0,0.0,4,0,0
4,20.4,97,2.7,0.352,19.9,0.0,0.0,0.0,4,0,0
5,20.2,97,1.2,0.264,19.7,0.0,0.0,0.0,4,0,0
6,20.0,97,0.0,0.3235,19.5,0.0,0.0,0.0,4,0,0
7,20.1,97,1.9,0.2215,19.6,0.03,0.0,0.0,4,0,0
8,20.5,90,1.9,0.245,18.7,0.53,0.0,0.0,4,0,0
9,21.6,81,2.3,0.8345,18.1,1.2,0.0,0.0,4,0,0
10,23.1,73,3.1,1.0,17.9,2.24,0.0,0.0,4,0,0
11,24.5,64,2.7,1.0,17.2,2.7,0.0,0.0,4,0,0
12,25.8,57,2.8,1.0,16.6,3.02,0.0,0.0,4,0,0
13,26.5,58,2.8,1.0,17.5,2.87,0.0,0.0,4,0,0
14,27.4,52,3.8,0.999,16.6,2.67,0.0,0.0,4,0,0
15,26.7,51,3.4,1.0,15.7,2.09,0.0,0.0,4,0,0
16,27.1,47,4.3,1.0,14.8,1.82,0.0,0.0,4,0,0
17,27.6,47,3.3,1.0,15.2,1.49,0.0,0.0,4,0,0
18,26.8,53,2.6,1.0,16.4,0.8,0.0,0.0,4,0,0
19,25.1,49,3.1,1.0,13.6,0.18,0.0,0.0,4,0,0
20,23.7,49,3.3,1.0,12.3,0.0,0.0,0.0,4,0,0
21,22.9,55,3.0,1.0,13.3,0.0,0.0,0.0,4,0,0
22,22.2,58,1.5,1.0,13.5,0.0,0.0,0.0,4,0,0
23,21.7,60,0.5,1.0,13.5,0.0,0.0,0.0,4,0,0
0,21.1,64,1.5,1.0,14.0,0.0,0.0,0.0,4,0,0
1,20.9,66,1.1,1.0,14.3,0.0,0.0,0.0,4,0,0
2,20.6,72,0.9,1.0,15.3,0.0,0.0,0.0,4,0,0
3,20.2,77,0.4,1.0,16.0,0.0,0.0,0.0,4,0,0
4,19.9,81,0.2,1.0,16.5,0.0,0.0,0.0,4,0,0
5,19.7,82,0.5,1.0,16.5,0.0,0.0,0.0,4,0,0
6,19.8,82,0.5,1.0,16.6,0.0,0.0,0.0,4,0,0
7,19.8,79,0.9,1.0,16.0,0.13,0.0,0.0,4,0,0
8,21.2,69,1.9,1.0,15.2,0.74,0.0,0.0,4,0,0
9,23.4,59,3.0,0.987,14.9,1.46,0.0,0.0,4,0,0
10,25.4,49,3.9,0.998,13.9,2.13,0.0,0.0,4,0,0
11,26.4,47,2.9,1.0,14.1,2.38,0.0,0.0,4,0,0
12,27.1,44,5.0,1.0,13.7,2.8,0.0,0.0,4,0,0
13,27.3,46,4.8,0.9915,14.6,2.92,0.0,0.0,4,0,0
14,27.9,42,5.0,0.957,13.7,2.79,0.0,0.0,4,0,0
15,28.1,43,5.1,0.9645,14.3,2.65,0.0,0.0,4,0,0
16,28.2,37,4.0,0.9935,12.1,2.03,0.0,0.0,4,0,0
17,27.7,40,5.0,1.0,12.8,1.51,0.0,0.0,4,0,0
18,27.0,45,2.4,1.0,14.0,0.77,0.0,0.0,4,0,0
19,25.4,55,3.2,1.0,15.6,0.15,0.0,0.0,4,0,0
20,24.5,64,2.0,1.0,17.2,0.0,0.0,0.0,4,0,0
21,23.9,75,2.3,0.9875,19.1,0.0,0.0,0.0,4,0,0
22,23.6,82,1.8,0.8365,20.3,0.0,0.0,0.0,4,0,0
23,23.0,83,1.8,0.7345,19.9,0.0,0.0,0.0,4,0,0
0,22.5,83,0.5,0.7965,19.4,0.0,0.0,0.0,4,0,0
1,21.9,85,0.2,0.705,19.2,0.0,0.0,0.0,4,0,0
2,21.6,86,0.2,0.6765,19.1,0.0,0.0,0.0,4,0,0
3,21.5,85,0.1,0.641,18.8,0.0,0.0,0.0,4,0,0
4,21.6,87,0.4,0.4755,19.3,0.0,0.0,0.0,4,0,0
5,21.7,87,0.6,0.423,19.4,0.0,0.0,0.0,4,0,0
6,21.4,84,0.8,0.753,18.5,0.0,0.0,0.0,4,0,0
7,20.9,83,0.4,0.694,17.8,0.09,0.0,0.0,4,0,0
8,21.8,77,0.9,0.7095,17.5,0.43,0.0,0.0,4,0,0
9,23.5,72,0.5,0.7425,18.1,0.95,0.0,0.0,4,0,0
10,24.6,70,1.2,0.727,18.7,0.96,0.0,0.0,4,0,0
11,25.9,63,2.5,0.8465,18.3,1.32,0.0,0.0,4,0,0
12,26.9,60,2.3,0.796,18.4,1.67,0.0,0.0,4,0,0
13,28.0,52,2.3,0.821,17.2,1.85,0.0,0.0,4,0,0
14,27.9,47,3.2,0.9345,15.5,1.65,0.0,0.0,4,0,0
15,27.8,48,3.0,0.94,15.7,0.93,0.0,0.0,4,0,0
16,26.9,55,3.9,0.9545,17.0,0.54,0.0,0.0,4,0,0
17,26.6,63,3.0,1.0,18.9,0.43,0.0,0.0,4,0,0
18,25.8,58,2.9,1.0,16.9,0.16,0.0,0.0,4,0,0
19,25.3,71,3.3,1.0,19.6,0.05,0.0,0.0,4,0,0
20,25.1,71,3.6,1.0,19.4,0.0,0.0,0.0,4,0,0
21,24.6,70,2.5,1.0,18.7,0.0,0.0,0.0,4,0,0
22,24.3,71,2.5,0.996,18.6,0.0,0.0,0.0,4,0,0
23,23.9,71,4.7,0.991,18.3,0.0,0.0,0.0,4,0,0
0,21.3,82,3.5,0.9665,18.0,0.0,1.0,0.0,4,0,0
1,21.6,77,2.6,0.8885,17.3,0.0,0.0,0.0,4,0,0
2,21.3,76,2.2,0.7795,16.8,0.0,0.5,0.0,4,0,0
3,21.1,75,1.8,0.7755,16.4,0.0,0.0,0.0,4,0,0
4,20.8,66,1.5,0.8595,14.2,0.0,0.0,0.0,4,0,0
5,20.5,67,1.2,0.8245,14.1,0.0,0.0,0.0,4,0,0
6,20.2,70,1.6,0.845,14.5,0.0,0.0,0.0,4,0,0
7,20.3,74,1.8,0.686,15.5,0.07,0.0,0.0,4,0,0
8,20.5,78,2.5,0.625,16.5,0.32,0.0,0.0,4,0,0
9,21.3,63,2.7,0.9845,13.9,1.15,0.0,0.0,4,0,0
10,22.6,58,1.8,0.981,13.9,2.02,0.0,0.0,4,0,0
11,23.8,51,3.5,0.985,13.0,2.62,0.0,0.0,4,0,0
12,24.2,50,3.8,1.0,13.1,2.85,0.0,0.0,4,0,0
13,24.3,50,2.9,1.0,13.2,2.37,0.0,0.0,4,0,0
14,25.2,43,3.2,0.9905,11.7,2.59,0.0,0.0,4,0,0
15,24.7,44,4.2,1.0,11.6,1.92,0.0,0.0,4,0,0
16,25.2,39,2.8,0.9935,10.2,1.65,0.0,0.0,4,0,0
17,24.5,37,3.2,1.0,8.8,1.04,0.0,0.0,4,0,0
18,24.4,34,2.4,1.0,7.5,0.84,0.0,0.0,4,0,0
19,22.6,39,2.8,1.0,7.9,0.14,0.0,0.0,4,0,0
20,21.6,43,1.4,1.0,8.4,0.0,0.0,0.0,4,0,0
21,20.6,48,2.1,1.0,9.1,0.0,0.0,0.0,4,0,0
22,19.8,51,1.2,1.0,9.3,0.0,0.0,0.0,4,0,0
23,19.4,50,2.8,1.0,8.6,0.0,0.0,0.0,4,0,0
0,19.2,53,3.7,1.0,9.3,0.0,0.0,0.0,4,0,1
1,18.9,55,2.3,1.0,9.6,0.0,0.0,0.0,4,0,1
2,18.5,57,2.3,1.0,9.8,0.0,0.0,0.0,4,0,1
3,17.8,60,0.2,1.0,9.9,0.0,0.0,0.0,4,0,1
4,17.2,66,0.6,1.0,10.7,0.0,0.0,0.0,4,0,1
5,16.7,70,0.8,1.0,11.1,0.0,0.0,0.0,4,0,1
6,16.2,70,0.3,1.0,10.7,0.0,0.0,0.0,4,0,1
7,16.0,70,1.1,1.0,10.5,0.11,0.0,0.0,4,0,1
8,17.1,57,1.0,0.9895,8.5,0.76,0.0,0.0,4,0,1
9,19.9,51,0.6,0.953,9.4,1.46,0.0,0.0,4,0,1
10,22.2,43,0.9,0.9455,9.0,2.09,0.0,0.0,4,0,1
11,24.2,41,1.5,0.909,10.1,2.62,0.0,0.0,4,0,1
12,25.2,36,2.4,0.9975,9.0,2.93,0.0,0.0,4,0,1
13,26.1,32,3.0,0.9925,8.1,3.06,0.0,0.0,4,0,1
14,26.8,31,2.8,1.0,8.2,2.96,0.0,0.0,4,0,1
15,26.9,33,2.9,0.9985,9.2,2.65,0.0,0.0,4,0,1
16,27.7,32,1.4,1.0,9.4,2.05,0.0,0.0,4,0,1
17,27.2,35,1.7,1.0,10.3,1.32,0.0,0.0,4,0,1
18,25.7,38,1.5,1.0,10.3,0.64,0.0,0.0,4,0,1
19,24.0,41,1.9,1.0,9.9,0.1,0.0,0.0,4,0,1
20,22.8,45,2.0,1.0,10.2,0.0,0.0,0.0,4,0,1
21,22.1,49,1.7,1.0,10.8,0.0,0.0,0.0,4,0,1
22,21.5,51,2.0,1.0,10.9,0.0,0.0,0.0,4,0,1
23,20.7,52,1.4,1.0,10.4,0.0,0.0,0.0,4,0,1
0,19.6,53,1.5,1.0,9.7,0.0,0.0,0.0,4,0,1
1,18.8,54,0.1,1.0,9.2,0.0,0.0,0.0,4,0,1
2,18.1,57,0.3,1.0,9.4,0.0,0.0,0.0,4,0,1
3,17.4,57,0.6,1.0,8.7,0.0,0.0,0.0,4,0,1
4,17.0,59,0.0,1.0,8.9,0.0,0.0,0.0,4,0,1
5,16.3,66,0.5,1.0,9.9,0.0,0.0,0.0,4,0,1
6,15.8,69,0.9,1.0,10.1,0.0,0.0,0.0,4,0,1
7,15.7,68,0.9,1.0,9.8,0.05,0.0,0.0,4,0,1
8,17.4,56,0.8,1.0,8.5,0.49,0.0,0.0,4,0,1
9,20.4,51,1.8,1.0,9.9,1.43,0.0,0.0,4,0,1
10,22.9,45,1.5,1.0,10.3,2.1,0.0,0.0,4,0,1
11,24.4,41,1.3,0.991,10.2,2.61,0.0,0.0,4,0,1
12,25.9,39,1.2,0.975,10.8,2.89,0.0,0.0,4,0,1
13,27.2,32,1.7,1.0,9.0,3.12,0.0,0.0,4,0,1
14,28.2,29,2.0,1.0,8.4,3.09,0.0,0.0,4,0,1
15,28.9,27,1.8,1.0,8.0,2.9,0.0,0.0,4,0,1
16,27.1,35,0.9,1.0,10.3,1.27,0.0,0.0,4,0,1
17,27.7,33,1.1,1.0,9.9,1.21,0.0,0.0,4,0,1
18,26.0,35,0.3,1.0,9.3,0.2,0.0,0.0,4,0,1
19,24.1,56,2.5,1.0,14.7,0.04,0.0,0.0,4,0,1
20,22.9,58,2.6,1.0,14.1,0.0,0.0,0.0,4,0,1
21,22.2,57,1.2,1.0,13.2,0.0,0.0,0.0,4,0,1
22,21.8,54,1.6,1.0,12.0,0.0,0.0,0.0,4,0,1
23,21.2,56,2.5,1.0,12.0,0.0,0.0,0.0,4,0,1
0,20.7,57,1.8,1.0,11.8,0.0,0.0,0.0,4,0,0
1,20.5,58,1.7,1.0,11.9,0.0,0.0,0.0,4,0,0
2,20.0,59,1.5,1.0,11.7,0.0,0.0,0.0,4,0,0
3,19.7,60,1.9,1.0,11.7,0.0,0.0,0.0,4,0,0
4,19.4,61,1.6,1.0,11.6,0.0,0.0,0.0,4,0,0
5,19.1,62,1.6,1.0,11.6,0.0,0.0,0.0,4,0,0
6,18.7,64,0.9,1.0,11.7,0.0,0.0,0.0,4,0,0
7,18.9,63,1.8,1.0,11.6,0.09,0.0,0.0,4,0,0
8,20.1,57,1.6,1.0,11.3,0.73,0.0,0.0,4,0,0
9,22.3,52,1.9,1.0,11.9,1.43,0.0,0.0,4,0,0
10,24.0,47,1.6,0.998,11.9,2.08,0.0,0.0,4,0,0
11,25.3,44,1.2,0.974,12.1,2.59,0.0,0.0,4,0,0
12,26.7,40,1.4,1.0,11.9,2.92,0.0,0.0,4,0,0
13,27.1,38,1.7,1.0,11.5,2.56,0.0,0.0,4,0,0
14,27.8,37,1.4,0.9915,11.7,2.67,0.0,0.0,4,0,0
15,27.6,38,1.4,1.0,11.9,2.09,0.0,0.0,4,0,0
16,27.5,39,1.5,1.0,12.3,1.46,0.0,0.0,4,0,0
17,26.6,40,1.4,1.0,11.8,0.69,0.0,0.0,4,0,0
18,25.9,42,1.1,1.0,11.9,0.48,0.0,0.0,4,0,0
19,24.4,47,2.0,1.0,12.3,0.05,0.0,0.0,4,0,0
20,23.4,48,1.8,1.0,11.7,0.0,0.0,0.0,4,0,0
21,22.5,48,1.4,1.0,10.9,0.0,0.0,0.0,4,0,0
22,21.7,50,1.6,1.0,10.8,0.0,0.0,0.0,4,0,0
23,20.8,51,1.7,1.0,10.2,0.0,0.0,0.0,4,0,0
0,20.1,52,1.5,1.0,9.9,0.0,0.0,0.0,4,0,0
1,19.5,52,1.3,1.0,9.3,0.0,0.0,0.0,4,0,0
2,18.9,52,1.1,1.0,8.8,0.0,0.0,0.0,4,0,0
3,18.2,52,1.5,1.0,8.1,0.0,0.0,0.0,4,0,0
4,17.7,52,1.5,1.0,7.7,0.0,0.0,0.0,4,0,0
5,17.2,54,1.3,1.0,7.7,0.0,0.0,0.0,4,0,0
6,17.0,55,1.2,1.0,7.8,0.0,0.0,0.0,4,0,0
7,16.9,55,1.4,1.0,7.7,0.07,0.0,0.0,4,0,0
8,17.8,53,1.4,1.0,8.0,0.51,0.0,0.0,4,0,0
9,19.8,49,1.9,1.0,8.7,1.24,0.0,0.0,4,0,0
10,21.9,43,1.1,1.0,8.7,1.89,0.0,0.0,4,0,0
11,23.7,40,2.0,1.0,9.2,2.6,0.0,0.0,4,0,0
12,24.5,40,1.3,0.9865,10.0,2.64,0.0,0.0,4,0,0
13,25.7,40,2.2,0.9985,11.0,2.98,0.0,0.0,4,0,0
14,25.8,37,1.5,0.9975,9.9,2.22,0.0,0.0,4,0,0
15,26.0,40,1.9,1.0,11.3,1.53,0.0,0.0,4,0,0
16,25.5,44,1.4,1.0,12.3,1.0,0.0,0.0,4,0,0
17,25.4,44,1.2,1.0,12.2,0.84,0.0,0.0,4,0,0
18,24.7,45,0.7,1.0,11.9,0.3,0.0,0.0,4,0,0
19,23.7,49,1.8,1.0,12.3,0.03,0.0,0.0,4,0,0
20,22.9,48,1.2,1.0,11.2,0.0,0.0,0.0,4,0,0
21,22.2,50,1.3,1.0,11.2,0.0,0.0,0.0,4,0,0
22,21.6,52,1.9,1.0,11.3,0.0,0.0,0.0,4,0,0
23,20.9,53,1.8,1.0,10.9,0.0,0.0,0.0,4,0,0
0,20.2,54,1.2,1.0,10.5,0.0,0.0,0.0,4,0,0
1,19.6,56,1.2,1.0,10.5,0.0,0.0,0.0,4,0,0
2,19.0,56,0.9,1.0,10.0,0.0,0.0,0.0,4,0,0
3,18.4,57,1.3,1.0,9.7,0.0,0.0,0.0,4,0,0
4,18.0,59,1.5,1.0,9.8,0.0,0.0,0.0,4,0,0
5,17.5,60,1.6,1.0,9.6,0.0,0.0,0.0,4,0,0
6,17.0,63,1.3,1.0,9.8,0.0,0.0,0.0,4,0,0
7,16.8,61,1.3,1.0,9.2,0.06,0.0,0.0,4,0,0
8,18.2,56,1.5,0.997,9.2,0.62,0.0,0.0,4,0,0
9,20.8,48,1.1,1.0,9.3,1.38,0.0,0.0,4,0,0
10,22.7,45,1.5,1.0,10.1,2.08,0.0,0.0,4,0,0
11,24.8,44,2.1,0.9775,11.7,2.55,0.0,0.0,4,0,0
12,26.3,44,1.2,0.983,13.0,2.91,0.0,0.0,4,0,0
13,26.8,45,1.8,0.992,13.8,2.6,0.0,0.0,4,0,0
14,26.9,45,1.6,1.0,13.9,2.27,0.0,0.0,4,0,0
15,27.7,41,1.6,0.9845,13.2,1.98,0.0,0.0,4,0,0
16,27.8,42,1.7,0.987,13.7,1.98,0.0,0.0,4,0,0
17,27.8,41,1.9,0.9995,13.3,1.27,0.0,0.0,4,0,0
18,27.0,44,1.4,1.0,13.6,0.62,0.0,0.0,4,0,0
19,25.4,50,0.6,1.0,14.2,0.07,0.0,0.0,4,0,0
20,24.0,56,0.5,0.945,14.6,0.0,0.0,0.0,4,0,0
21,23.2,57,1.1,1.0,14.2,0.0,0.0,0.0,4,0,0
22,22.6,60,1.0,1.0,14.4,0.0,0.0,0.0,4,0,0
23,22.2,62,0.8,1.0,14.5,0.0,0.0,0.0,4,0,0
0,21.9,62,1.0,0.911,14.2,0.0,0.0,0.0,4,0,0
1,21.5,65,1.0,1.0,14.6,0.0,0.0,0.0,4,0,0
2,21.2,66,0.8,1.0,14.5,0.0,0.0,0.0,4,0,0
3,20.9,68,1.7,1.0,14.7,0.0,0.0,0.0,4,0,0
4,20.7,69,1.3,1.0,14.8,0.0,0.0,0.0,4,0,0
5,20.5,70,1.2,1.0,14.8,0.0,0.0,0.0,4,0,0
6,20.3,71,1.6,1.0,14.8,0.0,0.0,0.0,4,0,0
7,20.5,69,1.4,1.0,14.6,0.03,0.0,0.0,4,0,0
8,20.9,68,1.3,1.0,14.7,0.18,0.0,0.0,4,0,0
9,21.8,64,1.6,1.0,14.6,0.52,0.0,0.0,4,0,0
10,22.7,61,0.9,1.0,14.7,0.82,0.0,0.0,4,0,0
11,23.5,61,1.2,1.0,15.5,0.95,0.0,0.0,4,0,0
12,24.3,59,1.5,1.0,15.7,1.12,0.0,0.0,4,0,0
13,25.1,56,2.0,0.982,15.6,1.41,0.0,0.0,4,0,0
14,27.2,49,1.5,0.9725,15.5,2.54,0.0,0.0,4,0,0
15,27.8,49,1.4,0.9815,16.1,1.97,0.0,0.0,4,0,0
16,28.2,48,1.4,0.9975,16.1,1.7,0.0,0.0,4,0,0
17,27.9,51,1.4,1.0,16.8,1.19,0.0,0.0,4,0,0
18,26.7,56,1.8,1.0,17.1,0.47,0.0,0.0,4,0,0
19,25.4,61,0.6,1.0,17.3,0.03,0.0,0.0,4,0,0
20,24.6,62,0.9,1.0,16.8,0.0,0.0,0.0,4,0,0
21,23.8,67,0.6,1.0,17.2,0.0,0.0,0.0,4,0,0
22,22.8,70,1.0,1.0,17.0,0.0,0.0,0.0,4,0,0
23,22.4,73,0.3,0.99,17.3,0.0,0.0,0.0,4,0,0
0,22.1,74,1.1,0.981,17.2,0.0,0.0,0.0,4,0,0
1,21.6,75,1.1,0.8355,16.9,0.0,0.0,0.0,4,0,0
2,21.3,75,1.1,1.0,16.6,0.0,0.0,0.0,4,0,0
3,21.0,76,0.7,0.9975,16.6,0.0,0.0,0.0,4,0,0
4,20.7,76,1.0,1.0,16.3,0.0,0.0,0.0,4,0,0
5,20.7,77,0.9,1.0,16.5,0.0,0.0,0.0,4,0,0
6,20.4,78,1.0,1.0,16.4,0.0,0.0,0.0,4,0,0
7,20.5,76,1.3,1.0,16.1,0.06,0.0,0.0,4,0,0
8,21.4,70,1.5,0.993,15.6,0.38,0.0,0.0,4,0,0
9,22.3,69,1.3,1.0,16.3,0.61,0.0,0.0,4,0,0
10,23.3,65,1.4,0.998,16.3,0.76,0.0,0.0,4,0,0
11,24.0,64,1.3,1.0,16.7,0.95,0.0,0.0,4,0,0
12,25.3,56,1.2,0.98,15.8,1.35,0.0,0.0,4,0,0
13,26.4,57,1.2,1.0,17.1,1.8,0.0,0.0,4,0,0
14,26.3,58,1.5,0.993,17.3,1.37,0.0,0.0,4,0,0
15,26.6,55,1.8,1.0,16.8,1.1,0.0,0.0,4,0,0
16,26.3,57,1.6,1.0,17.0,0.72,0.0,0.0,4,0,0
17,25.9,56,1.7,1.0,16.4,0.42,0.0,0.0,4,0,0
18,25.7,57,1.5,1.0,16.5,0.24,0.0,0.0,4,0,0
19,25.3,60,1.2,1.0,16.9,0.04,0.0,0.0,4,0,0
20,25.0,61,1.1,1.0,16.9,0.0,0.0,0.0,4,0,0
21,24.7,61,1.6,1.0,16.6,0.0,0.0,0.0,4,0,0
22,24.0,73,2.1,0.7705,18.8,0.0,0.0,0.0,4,0,0
23,22.3,87,1.1,0.905,20.0,0.0,0.5,0.0,4,0,0
0,21.8,83,1.5,1.0,18.7,0.0,0.0,0.0,4,0,1
1,21.8,79,1.4,1.0,17.9,0.0,0.0,0.0,4,0,1
2,21.7,78,1.0,1.0,17.6,0.0,0.0,0.0,4,0,1
3,21.6,80,1.2,1.0,17.9,0.0,0.0,0.0,4,0,1
4,21.2,83,0.6,1.0,18.1,0.0,0.1,0.0,4,0,1
5,21.1,82,0.8,1.0,17.8,0.0,0.0,0.0,4,0,1
6,21.0,84,0.9,1.0,18.1,0.0,0.1,0.0,4,0,1
7,21.2,84,0.3,1.0,18.3,0.05,0.0,0.0,4,0,1
8,21.7,78,0.3,1.0,17.6,0.21,0.0,0.0,4,0,1
9,22.7,72,1.2,1.0,17.3,0.59,0.0,0.0,4,0,1
10,24.4,65,1.6,0.986,17.3,1.42,0.0,0.0,4,0,1
11,25.2,64,1.2,0.969,17.8,1.31,0.0,0.0,4,0,1
12,25.4,63,0.9,1.0,17.8,1.01,0.0,0.0,4,0,1
13,25.8,65,1.0,0.998,18.7,1.12,0.0,0.0,4,0,1
14,25.7,67,1.2,1.0,19.1,0.9,0.0,0.0,4,0,1
15,25.2,71,0.2,1.0,19.5,0.41,0.0,0.0,4,0,1
16,24.4,74,0.6,0.998,19.4,0.13,0.0,0.0,4,0,1
17,24.4,75,0.6,1.0,19.6,0.17,0.0,0.0,4,0,1
18,24.2,76,1.2,1.0,19.6,0.12,0.0,0.0,4,0,1
19,23.8,78,2.2,0.9955,19.7,0.0,0.0,0.0,4,0,1
20,23.5,80,1.7,0.8105,19.8,0.0,0.0,0.0,4,0,1
21,23.3,80,0.7,0.9385,19.6,0.0,0.0,0.0,4,0,1
22,23.1,79,0.6,0.9455,19.2,0.0,0.0,0.0,4,0,1
23,22.9,81,0.9,0.775,19.4,0.0,0.0,0.0,4,0,1
0,22.8,82,1.5,0.4675,19.5,0.0,0.0,0.0,4,0,1
1,22.8,84,0.9,0.4135,19.9,0.0,0.0,0.0,4,0,1
2,22.8,85,0.8,0.354,20.1,0.0,0.0,0.0,4,0,1
3,22.6,89,0.6,0.289,20.6,0.0,0.2,0.0,4,0,1
4,22.5,89,0.7,0.222,20.5,0.0,0.3,0.0,4,0,1
5,22.2,90,1.4,0.257,20.4,0.0,0.0,0.0,4,0,1
6,22.0,90,1.3,0.2355,20.2,0.0,0.0,0.0,4,0,1
7,21.9,95,1.3,0.212,21.0,0.02,0.0,0.0,4,0,1
8,21.9,88,1.6,0.3005,19.8,0.17,0.0,0.0,4,0,1
9,22.3,84,1.9,0.3755,19.4,0.47,0.0,0.0,4,0,1
10,22.9,74,1.3,0.581,18.0,0.84,0.0,0.0,4,0,1
11,23.4,61,2.1,0.982,15.4,0.91,0.0,0.0,4,0,1
12,23.7,64,1.9,0.737,16.4,0.79,0.0,0.0,4,0,1
13,23.6,66,2.1,0.8445,16.8,0.87,0.0,0.0,4,0,1
14,23.4,72,2.2,0.341,18.0,0.73,0.0,0.0,4,0,1
15,23.2,83,1.5,0.1745,20.1,0.77,0.5,0.0,4,0,1
16,22.5,86,2.5,0.171,20.0,0.47,0.0,0.0,4,0,1
17,22.0,89,2.2,0.1425,20.0,0.21,1.0,0.0,4,0,1
18,21.5,89,3.0,0.175,19.6,0.18,0.0,0.0,4,0,1
19,21.2,87,2.7,0.2395,18.9,0.01,0.0,0.0,4,0,1
20,21.1,88,1.7,0.202,19.0,0.0,0.0,0.0,4,0,1
21,21.2,88,1.7,0.1865,19.1,0.0,0.0,0.0,4,0,1
22,21.4,87,2.4,0.27,19.1,0.0,0.0,0.0,4,0,1
23,21.3,80,2.6,0.6015,17.7,0.0,0.0,0.0,4,0,1
0,21.0,82,1.8,0.479,17.8,0.0,0.0,0.0,4,0,0
1,20.5,73,1.9,0.8465,15.4,0.0,0.0,0.0,4,0,0
2,20.3,81,1.9,0.617,16.9,0.0,0.1,0.0,4,0,0
3,20.2,82,1.4,0.601,17.0,0.0,0.0,0.0,4,0,0
4,20.0,81,2.0,0.6565,16.6,0.0,0.0,0.0,4,0,0
5,19.4,84,1.6,0.626,16.6,0.0,0.0,0.0,4,0,0
6,18.8,88,1.2,0.399,16.7,0.0,0.0,0.0,4,0,0
7,18.5,88,1.4,0.3475,16.4,0.08,0.0,0.0,4,0,0
8,18.9,77,0.6,0.5545,14.7,0.56,0.0,0.0,4,0,0
9,20.5,66,1.1,0.8555,13.9,1.12,0.0,0.0,4,0,0
10,21.7,60,1.7,0.77,13.5,1.44,0.0,0.0,4,0,0
11,23.8,54,2.1,0.813,13.9,2.55,0.0,0.0,4,0,0
12,25.2,50,1.7,0.855,14.0,2.83,0.0,0.0,4,0,0
13,25.6,50,3.8,0.938,14.3,2.82,0.0,0.0,4,0,0
14,26.7,40,3.3,0.911,11.9,2.8,0.0,0.0,4,0,0
15,27.4,33,2.7,0.9775,9.6,2.5,0.0,0.0,4,0,0
16,27.6,37,2.8,0.9675,11.5,1.9,0.0,0.0,4,0,0
17,27.3,43,2.6,1.0,13.6,1.25,0.0,0.0,4,0,0
18,25.3,56,2.8,0.996,15.8,0.54,0.0,0.0,4,0,0
19,23.0,63,3.1,1.0,15.5,0.03,0.0,0.0,4,0,0
20,21.9,65,2.5,0.993,15.0,0.0,0.0,0.0,4,0,0
21,21.3,66,2.3,0.9945,14.6,0.0,0.0,0.0,4,0,0
22,20.8,65,0.9,1.0,13.9,0.0,0.0,0.0,4,0,0
23,20.2,68,1.2,0.9815,14.0,0.0,0.0,0.0,4,0,0
0,19.5,73,1.2,0.958,14.5,0.0,0.0,0.0,4,0,0
1,19.3,71,0.4,0.956,13.9,0.0,0.0,0.0,4,0,0
2,18.8,74,0.2,0.933,14.0,0.0,0.0,0.0,4,0,0
3,18.7,76,0.5,0.958,14.3,0.0,0.0,0.0,4,0,0
4,18.3,78,0.4,0.953,14.3,0.0,0.0,0.0,4,0,0
5,17.9,77,0.5,0.829,13.8,0.0,0.0,0.0,4,0,0
6,17.7,77,0.2,0.8785,13.6,0.0,0.0,0.0,4,0,0
7,17.8,76,0.5,0.8645,13.5,0.08,0.0,0.0,4,0,0
8,18.7,73,0.9,0.7505,13.7,0.34,0.0,0.0,4,0,0
9,20.8,64,1.1,0.6025,13.7,1.13,0.0,0.0,4,0,0
10,22.7,54,1.0,0.8095,12.9,1.74,0.0,0.0,4,0,0
11,24.1,46,2.1,0.839,11.7,2.03,0.0,0.0,4,0,0
12,24.7,43,1.8,0.9045,11.2,1.75,0.0,0.0,4,0,0
13,25.6,40,2.5,0.852,10.9,2.18,0.0,0.0,4,0,0
14,26.1,37,2.3,0.8745,10.2,1.92,0.0,0.0,4,0,0
15,26.1,43,2.8,0.8925,12.5,1.62,0.0,0.0,4,0,0
16,26.4,34,2.5,0.9765,9.2,1.6,0.0,0.0,4,0,0
17,25.5,38,2.9,0.9985,10.1,0.92,0.0,0.0,4,0,0
18,24.8,48,1.4,1.0,13.0,0.51,0.0,0.0,4,0,0
19,23.2,57,2.2,1.0,14.2,0.03,0.0,0.0,4,0,0
20,22.6,58,1.4,1.0,13.9,0.0,0.0,0.0,4,0,0
21,22.1,61,1.5,1.0,14.2,0.0,0.0,0.0,4,0,0
22,21.8,65,0.3,1.0,14.9,0.0,0.0,0.0,4,0,0
23,21.2,69,1.3,0.9995,15.2,0.0,0.0,0.0,4,0,0
0,21.0,66,0.4,1.0,14.3,0.0,0.0,0.0,4,0,0
1,20.5,64,0.4,1.0,13.4,0.0,0.0,0.0,4,0,0
2,20.0,70,0.2,1.0,14.3,0.0,0.0,0.0,4,0,0
3,19.7,70,0.5,1.0,14.0,0.0,0.0,0.0,4,0,0
4,19.5,70,0.5,1.0,13.8,0.0,0.0,0.0,4,0,0
5,19.3,73,0.9,0.891,14.3,0.0,0.0,0.0,4,0,0
6,19.0,76,0.3,0.744,14.6,0.0,0.0,0.0,4,0,0
7,19.0,74,0.8,0.825,14.2,0.03,0.0,0.0,4,0,0
8,19.8,71,1.1,0.767,14.3,0.26,0.0,0.0,4,0,0
9,21.5,61,0.8,0.887,13.6,0.92,0.0,0.0,4,0,0
10,22.9,59,1.1,0.9095,14.4,1.49,0.0,0.0,4,0,0
11,23.6,55,0.6,0.8615,14.0,1.01,0.0,0.0,4,0,0
12,24.9,51,1.2,0.8095,14.0,1.56,0.0,0.0,4,0,0
13,26.5,39,1.7,0.78,11.4,2.15,0.0,0.0,4,0,0
14,26.1,40,1.2,0.92,11.4,1.21,0.0,0.0,4,0,0
15,25.9,39,1.4,0.918,10.8,0.9,0.0,0.0,4,0,0
16,25.6,41,1.2,0.797,11.3,0.65,0.0,0.0,4,0,0
17,25.0,44,1.3,0.9415,11.8,0.36,0.0,0.0,4,0,0
18,24.0,55,2.2,0.8455,14.3,0.12,0.0,0.0,4,0,0
19,23.5,58,0.4,0.918,14.7,0.0,0.0,0.0,4,0,0
20,22.6,67,0.3,0.8685,16.1,0.0,0.0,0.0,4,0,0
21,21.7,63,1.8,0.539,14.3,0.0,0.1,0.0,4,0,0
22,20.9,71,1.6,0.5285,15.4,0.0,0.1,0.0,4,0,0
23,20.4,57,0.9,1.0,11.5,0.0,0.0,0.0,4,0,0
0,20.1,58,0.3,1.0,11.5,0.0,0.0,0.0,4,0,0
1,20.0,59,1.1,0.9995,11.7,0.0,0.0,0.0,4,0,0
2,19.9,64,1.5,0.8775,12.8,0.0,0.0,0.0,4,0,0
3,19.6,72,1.7,0.57,14.4,0.0,0.0,0.0,4,0,0
4,19.6,74,1.4,0.4235,14.8,0.0,0.0,0.0,4,0,0
5,19.5,74,1.8,0.7105,14.7,0.0,0.0,0.0,4,0,0
6,18.8,85,1.4,0.206,16.2,0.0,0.5,0.0,4,0,0
7,18.0,95,1.6,0.1875,17.1,0.0,1.5,0.0,4,0,0
8,18.0,91,1.3,0.448,16.5,0.11,0.5,0.0,4,0,0
9,18.2,93,1.4,0.286,17.0,0.18,1.0,0.0,4,0,0
10,18.4,91,1.2,0.197,16.8,0.25,0.5,0.0,4,0,0
11,18.8,95,1.5,0.2985,17.9,0.46,0.0,0.0,4,0,0
12,19.0,91,1.7,0.4825,17.4,0.67,0.5,0.0,4,0,0
13,18.9,89,2.6,0.293,17.0,0.58,0.0,0.0,4,0,0
14,19.3,83,2.3,1.0,16.3,0.83,0.5,0.0,4,0,0
15,19.4,79,1.4,1.0,15.6,0.33,0.0,0.0,4,0,0
16,19.5,75,2.1,1.0,14.9,0.38,0.0,0.0,4,0,0
17,19.3,76,2.1,1.0,14.9,0.21,0.0,0.0,4,0,0
18,19.1,77,2.5,1.0,14.9,0.08,0.0,0.0,4,0,0
19,18.9,78,2.2,1.0,14.9,0.0,0.0,0.0,4,0,0
20,19.1,77,2.2,0.917,14.9,0.0,0.0,0.0,4,0,0
21,18.7,84,2.7,0.872,15.9,0.0,0.0,0.0,4,0,0
22,18.4,85,2.1,0.886,15.8,0.0,0.0,0.0,4,0,0
23,18.7,80,1.7,1.0,15.1,0.0,0.0,0.0,4,0,0
0,18.9,78,2.1,1.0,14.9,0.0,0.0,0.0,4,0,0
1,19.0,78,1.6,1.0,15.0,0.0,0.0,0.0,4,0,0
2,19.1,78,1.3,1.0,15.1,0.0,0.0,0.0,4,0,0
3,18.5,88,1.2,0.3295,16.4,0.0,1.5,0.0,4,0,0
4,17.9,95,1.7,0.649,17.0,0.0,2.5,0.0,4,0,0
5,17.8,93,1.8,1.0,16.6,0.0,0.5,0.0,4,0,0
6,17.6,95,1.7,0.487,16.7,0.0,1.5,0.0,4,0,0
7,17.6,96,1.7,0.155,16.9,0.0,5.0,0.0,4,0,0
8,17.8,97,2.0,0.642,17.3,0.09,4.0,0.0,4,0,0
9,18.2,96,1.3,0.6255,17.5,0.21,1.0,0.0,4,0,0
10,18.4,96,2.0,0.562,17.7,0.32,1.0,0.0,4,0,0
11,18.9,91,1.8,0.969,17.3,0.64,0.5,0.0,4,0,0
12,19.1,91,2.0,0.9855,17.5,0.63,0.0,0.0,4,0,0
13,19.8,88,0.9,0.898,17.7,0.65,0.0,0.0,4,0,0
14,21.4,76,1.4,1.0,16.9,1.5,0.5,0.0,4,0,0
15,21.8,76,1.4,1.0,17.3,1.2,0.0,0.0,4,0,0
16,21.5,78,1.2,1.0,17.4,0.51,0.0,0.0,4,0,0
17,21.2,77,1.2,1.0,16.9,0.31,0.0,0.0,4,0,0
18,20.9,77,0.6,1.0,16.7,0.23,0.0,0.0,4,0,0
19,20.3,81,1.0,1.0,16.9,0.02,0.0,0.0,4,0,0
20,20.0,82,0.4,1.0,16.8,0.0,0.0,0.0,4,0,0
21,19.9,82,0.6,1.0,16.7,0.0,0.0,0.0,4,0,0
22,19.7,82,0.5,1.0,16.5,0.0,0.0,0.0,4,0,0
23,19.5,82,0.6,1.0,16.3,0.0,0.0,0.0,4,0,0
0,19.5,81,1.1,1.0,16.1,0.0,0.0,0.0,4,0,1
1,19.5,83,1.5,0.7295,16.5,0.0,0.0,0.0,4,0,1
2,19.4,85,0.0,0.7665,16.8,0.0,0.0,0.0,4,0,1
3,18.8,90,1.0,0.5955,17.1,0.0,0.0,0.0,4,0,1
4,18.9,88,0.8,0.613,16.8,0.0,0.0,0.0,4,0,1
5,18.8,96,0.2,0.4865,18.1,0.0,6.5,0.0,4,0,1
6,18.4,95,0.1,0.376,17.5,0.0,0.0,0.0,4,0,1
7,18.1,96,0.9,0.2785,17.4,0.04,0.0,0.0,4,0,1
8,18.2,86,0.0,0.429,15.8,0.48,0.0,0.0,4,0,1
9,19.7,78,1.3,0.37,15.7,1.17,0.0,0.0,4,0,1
10,21.8,67,1.9,0.439,15.3,1.88,0.0,0.0,4,0,1
11,22.7,55,2.7,0.6485,13.1,1.86,0.0,0.0,4,0,1
12,24.2,43,2.2,0.899,10.8,2.31,0.0,0.0,4,0,1
13,24.9,32,3.9,1.0,7.0,2.57,0.0,0.0,4,0,1
14,25.2,28,4.4,1.0,5.3,2.76,0.0,0.0,4,0,1
15,25.4,32,3.8,0.99,7.4,2.42,0.0,0.0,4,0,1
16,25.3,38,3.0,1.0,9.9,1.88,0.0,0.0,4,0,1
17,24.6,35,3.6,0.995,8.1,1.2,0.0,0.0,4,0,1
18,23.2,36,2.8,1.0,7.2,0.47,0.0,0.0,4,0,1
19,21.3,43,2.8,1.0,8.2,0.02,0.0,0.0,4,0,1
20,20.4,52,1.2,1.0,10.2,0.0,0.0,0.0,4,0,1
21,19.4,55,0.8,1.0,10.1,0.0,0.0,0.0,4,0,1
22,18.6,62,0.6,1.0,11.1,0.0,0.0,0.0,4,0,1
23,17.9,66,1.0,1.0,11.4,0.0,0.0,0.0,4,0,1
0,17.2,69,0.6,1.0,11.4,0.0,0.0,0.0,4,1,1
1,16.4,66,0.1,1.0,10.0,0.0,0.0,0.0,4,1,1
2,16.0,72,1.3,1.0,10.9,0.0,0.0,0.0,4,1,1
3,15.8,70,0.8,1.0,10.3,0.0,0.0,0.0,4,1,1
4,16.2,69,0.7,1.0,10.4,0.0,0.0,0.0,4,1,1
5,16.3,67,0.8,1.0,10.1,0.0,0.0,0.0,4,1,1
6,16.5,73,1.2,1.0,11.6,0.0,0.0,0.0,4,1,1
7,16.5,74,0.4,1.0,11.8,0.0,0.0,0.0,4,1,1
8,17.0,69,1.2,1.0,11.2,0.3,0.0,0.0,4,1,1
9,18.4,59,1.0,0.9755,10.2,0.86,0.0,0.0,4,1,1
10,19.3,59,0.2,1.0,11.0,0.94,0.0,0.0,4,1,1
11,20.1,57,3.0,0.9645,11.3,1.29,0.0,0.0,4,1,1
12,20.8,52,1.2,0.992,10.5,1.25,0.0,0.0,4,1,1
13,22.7,44,1.4,0.9565,9.8,1.77,0.0,0.0,4,1,1
14,24.2,40,1.2,0.9765,9.7,2.62,0.0,0.0,4,1,1
15,25.0,28,2.2,1.0,5.2,2.39,0.0,0.0,4,1,1
16,24.6,29,4.0,0.994,5.3,1.73,0.0,0.0,4,1,1
17,24.1,41,2.4,1.0,10.0,1.17,0.0,0.0,4,1,1
18,22.3,53,2.7,1.0,12.2,0.44,0.0,0.0,4,1,1
19,21.0,54,2.9,1.0,11.3,0.01,0.0,0.0,4,1,1
20,20.2,48,3.3,1.0,8.8,0.0,0.0,0.0,4,1,1
21,19.1,38,2.1,1.0,4.4,0.0,0.0,0.0,4,1,1
22,18.5,40,2.5,1.0,4.6,0.0,0.0,0.0,4,1,1
23,17.7,45,1.1,1.0,5.6,0.0,0.0,0.0,4,1,1
0,17.2,50,1.7,1.0,6.6,0.0,0.0,0.0,4,1,0
1,16.8,53,2.0,1.0,7.1,0.0,0.0,0.0,4,1,0
2,16.1,57,0.7,1.0,7.5,0.0,0.0,0.0,4,1,0
3,15.5,63,0.3,1.0,8.4,0.0,0.0,0.0,4,1,0
4,14.9,68,0.9,1.0,9.0,0.0,0.0,0.0,4,1,0
5,14.4,66,0.3,1.0,8.1,0.0,0.0,0.0,4,1,0
6,14.3,66,0.5,1.0,8.0,0.0,0.0,0.0,4,1,0
7,14.7,61,2.1,1.0,7.2,0.02,0.0,0.0,4,1,0
8,15.4,52,2.2,0.9925,5.5,0.49,0.0,0.0,4,1,0
9,17.0,43,2.1,0.9965,4.3,1.36,0.0,0.0,4,1,0
10,18.5,38,3.3,1.0,3.8,2.02,0.0,0.0,4,1,0
11,19.4,31,4.1,0.983,1.8,2.55,0.0,0.0,4,1,0
12,20.3,34,2.6,1.0,3.9,2.85,0.0,0.0,4,1,0
13,20.9,30,3.5,1.0,2.6,2.93,0.0,0.0,4,1,0
14,21.3,30,4.3,1.0,3.0,2.78,0.0,0.0,4,1,0
15,21.8,32,3.3,1.0,4.3,2.42,0.0,0.0,4,1,0
16,22.0,31,2.7,1.0,4.0,1.87,0.0,0.0,4,1,0
17,21.6,32,3.1,1.0,4.1,1.2,0.0,0.0,4,1,0
18,20.3,35,2.4,1.0,4.3,0.46,0.0,0.0,4,1,0
19,18.6,54,2.7,1.0,9.0,0.01,0.0,0.0,4,1,0
20,17.6,57,1.4,1.0,8.9,0.0,0.0,0.0,4,1,0
21,16.8,58,1.2,1.0,8.4,0.0,0.0,0.0,4,1,0
22,16.6,47,3.9,1.0,5.2,0.0,0.0,0.0,4,1,0
23,15.7,51,0.4,1.0,5.5,0.0,0.0,0.0,4,1,0
0,14.7,55,1.6,1.0,5.7,0.0,0.0,0.0,4,1,0
1,13.8,60,0.8,1.0,6.1,0.0,0.0,0.0,4,1,0
2,13.4,62,0.2,1.0,6.2,0.0,0.0,0.0,4,1,0
3,12.7,67,0.5,1.0,6.7,0.0,0.0,0.0,4,1,0
4,12.0,69,0.5,1.0,6.4,0.0,0.0,0.0,4,1,0
5,11.5,70,0.5,1.0,6.2,0.0,0.0,0.0,4,1,0
6,11.2,70,0.9,1.0,5.9,0.0,0.0,0.0,4,1,0
7,10.8,72,0.9,1.0,5.9,0.03,0.0,0.0,4,1,0
8,12.0,61,1.3,0.994,4.6,0.6,0.0,0.0,4,1,0
9,15.3,49,1.0,1.0,4.6,1.34,0.0,0.0,4,1,0
10,18.0,44,1.3,0.992,5.5,1.99,0.0,0.0,4,1,0
11,20.1,40,1.6,0.9925,6.0,2.47,0.0,0.0,4,1,0
12,21.7,36,2.0,1.0,5.9,2.78,0.0,0.0,4,1,0
13,22.9,30,2.0,1.0,4.3,2.9,0.0,0.0,4,1,0
14,23.7,28,1.4,1.0,4.0,2.77,0.0,0.0,4,1,0
15,24.1,26,1.6,1.0,3.3,2.38,0.0,0.0,4,1,0
16,24.2,28,1.7,1.0,4.5,1.86,0.0,0.0,4,1,0
17,22.9,33,1.4,1.0,5.7,0.83,0.0,0.0,4,1,0
18,21.6,37,1.0,1.0,6.2,0.24,0.0,0.0,4,1,0
19,20.3,39,0.6,1.0,5.8,0.0,0.0,0.0,4,1,0
20,19.3,45,0.4,1.0,7.0,0.0,0.0,0.0,4,1,0
21,18.5,48,1.0,1.0,7.2,0.0,0.0,0.0,4,1,0
22,17.7,52,1.0,1.0,7.7,0.0,0.0,0.0,4,1,0
23,17.4,49,1.2,1.0,6.5,0.0,0.0,0.0,4,1,0
0,17.0,51,1.5,1.0,6.7,0.0,0.0,0.0,4,0,0
1,16.6,53,1.7,1.0,6.9,0.0,0.0,0.0,4,0,0
2,16.6,54,1.5,1.0,7.2,0.0,0.0,0.0,4,0,0
3,16.5,57,1.6,1.0,7.9,0.0,0.0,0.0,4,0,0
4,16.4,59,1.7,1.0,8.3,0.0,0.0,0.0,4,0,0
5,16.3,61,1.5,1.0,8.7,0.0,0.0,0.0,4,0,0
6,16.3,62,2.1,1.0,8.9,0.0,0.0,0.0,4,0,0
7,16.3,62,2.0,1.0,8.9,0.01,0.0,0.0,4,0,0
8,16.7,60,2.0,1.0,8.8,0.2,0.0,0.0,4,0,0
9,17.7,54,1.8,1.0,8.2,0.63,0.0,0.0,4,0,0
10,19.4,47,2.3,1.0,7.7,1.45,0.0,0.0,4,0,0
11,20.5,42,2.1,0.9905,7.1,1.59,0.0,0.0,4,0,0
12,22.5,37,1.8,1.0,7.0,2.5,0.0,0.0,4,0,0
13,23.4,34,2.1,1.0,6.6,2.84,0.0,0.0,4,0,0
14,24.1,33,1.3,1.0,6.8,2.52,0.0,0.0,4,0,0
15,24.7,35,1.2,1.0,8.1,2.28,0.0,0.0,4,0,0
16,24.4,35,1.8,1.0,7.9,1.71,0.0,0.0,4,0,0
17,23.6,38,1.4,1.0,8.4,1.04,0.0,0.0,4,0,0
18,22.1,45,1.5,1.0,9.6,0.27,0.0,0.0,4,0,0
19,20.7,46,1.0,1.0,8.6,0.02,0.0,0.0,4,0,0
20,20.0,46,2.0,1.0,8.0,0.0,0.0,0.0,4,0,0
21,18.9,43,2.0,1.0,6.0,0.0,0.0,0.0,4,0,0
22,18.1,43,1.7,1.0,5.3,0.0,0.0,0.0,4,0,0
23,17.4,46,2.1,1.0,5.6,0.0,0.0,0.0,4,0,0
0,16.7,50,1.7,1.0,6.2,0.0,0.0,0.0,4,0,0
1,16.1,53,1.4,1.0,6.5,0.0,0.0,0.0,4,0,0
2,15.7,53,1.4,1.0,6.1,0.0,0.0,0.0,4,0,0
3,14.9,57,1.1,1.0,6.4,0.0,0.0,0.0,4,0,0
4,14.4,58,1.1,1.0,6.2,0.0,0.0,0.0,4,0,0
5,13.9,60,0.6,1.0,6.2,0.0,0.0,0.0,4,0,0
6,13.4,61,0.8,1.0,6.0,0.0,0.0,0.0,4,0,0
7,13.2,60,0.5,1.0,5.5,0.02,0.0,0.0,4,0,0
8,14.8,51,1.1,1.0,4.7,0.59,0.0,0.0,4,0,0
9,17.7,48,1.5,1.0,6.5,1.3,0.0,0.0,4,0,0
10,19.9,47,1.8,0.9945,8.2,1.93,0.0,0.0,4,0,0
11,21.3,43,1.7,0.999,8.2,2.42,0.0,0.0,4,0,0
12,23.2,42,1.4,1.0,9.5,2.73,0.0,0.0,4,0,0
13,23.0,39,1.7,1.0,8.2,2.28,0.0,0.0,4,0,0
14,24.6,34,1.5,1.0,7.6,2.74,0.0,0.0,4,0,0
15,23.4,35,1.4,1.0,7.0,1.39,0.0,0.0,4,0,0
16,23.6,31,1.1,1.0,5.4,1.37,0.0,0.0,4,0,0
17,24.3,31,1.5,1.0,6.0,1.17,0.0,0.0,4,0,0
18,22.5,38,0.8,1.0,7.4,0.31,0.0,0.0,4,0,0
19,20.6,44,0.7,1.0,7.9,0.01,0.0,0.0,4,0,0
20,19.5,47,1.2,1.0,7.8,0.0,0.0,0.0,4,0,0
21,18.7,48,1.3,1.0,7.4,0.0,0.0,0.0,4,0,0
22,17.9,50,1.0,1.0,7.3,0.0,0.0,0.0,4,0,0
23,17.7,51,1.4,1.0,7.4,0.0,0.0,0.0,4,0,0
0,17.1,52,1.4,1.0,7.1,0.0,0.0,0.0,4,0,0
1,16.5,53,1.5,1.0,6.8,0.0,0.0,0.0,4,0,0
2,16.0,56,1.5,1.0,7.2,0.0,0.0,0.0,4,0,0
3,15.3,59,1.6,1.0,7.3,0.0,0.0,0.0,4,0,0
4,14.7,62,1.5,1.0,7.4,0.0,0.0,0.0,4,0,0
5,14.5,60,1.4,1.0,6.8,0.0,0.0,0.0,4,0,0
6,14.4,61,1.2,1.0,6.9,0.0,0.0,0.0,4,0,0
7,14.5,62,1.5,1.0,7.2,0.03,0.0,0.0,4,0,0
8,15.2,58,1.7,1.0,6.9,0.29,0.0,0.0,4,0,0
9,16.5,50,1.2,1.0,6.0,0.66,0.0,0.0,4,0,0
10,17.4,51,1.3,0.9945,7.1,0.81,0.0,0.0,4,0,0
11,17.9,54,1.4,1.0,8.4,0.73,0.0,0.0,4,0,0
12,19.0,52,1.2,1.0,8.9,0.98,0.0,0.0,4,0,0
13,19.1,53,1.4,1.0,9.2,0.76,0.0,0.0,4,0,0
14,19.4,53,1.4,1.0,9.5,0.68,0.0,0.0,4,0,0
15,20.3,52,1.3,1.0,10.1,1.15,0.0,0.0,4,0,0
16,21.9,46,1.2,0.9975,9.7,1.67,0.0,0.0,4,0,0
17,21.7,52,1.1,1.0,11.4,0.79,0.0,0.0,4,0,0
18,20.4,56,1.7,1.0,11.3,0.2,0.0,0.0,4,0,0
19,19.3,61,0.8,1.0,11.5,0.01,0.0,0.0,4,0,0
20,18.0,67,0.7,1.0,11.7,0.0,0.0,0.0,4,0,0
21,17.8,66,1.1,1.0,11.3,0.0,0.0,0.0,4,0,0
22,17.1,70,1.0,1.0,11.5,0.0,0.0,0.0,4,0,0
23,16.6,69,1.0,1.0,10.8,0.0,0.0,0.0,4,0,0
0,16.6,69,1.0,1.0,10.8,0.0,0.0,0.0,4,0,1
1,16.2,71,0.9,1.0,10.9,0.0,0.0,0.0,4,0,1
2,15.8,71,1.1,1.0,10.5,0.0,0.0,0.0,4,0,1
3,15.5,73,1.0,1.0,10.6,0.0,0.0,0.0,4,0,1
4,15.4,74,0.9,1.0,10.7,0.0,0.0,0.0,4,0,1
5,15.0,77,0.5,1.0,10.9,0.0,0.0,0.0,4,0,1
6,14.6,81,1.0,1.0,11.3,0.0,0.0,0.0,4,0,1
7,14.7,76,0.8,1.0,10.5,0.02,0.0,0.0,4,0,1
8,15.7,65,1.2,1.0,9.1,0.54,0.0,0.0,4,0,1
9,18.3,58,1.4,0.979,9.8,1.24,0.0,0.0,4,0,1
10,20.8,52,1.5,1.0,10.5,1.88,0.0,0.0,4,0,1
11,22.3,50,1.3,1.0,11.3,2.36,0.0,0.0,4,0,1
12,23.8,44,1.7,1.0,10.8,2.66,0.0,0.0,4,0,1
13,24.9,40,1.4,1.0,10.3,2.75,0.0,0.0,4,0,1
14,26.2,33,1.8,1.0,8.6,2.62,0.0,0.0,4,0,1
15,26.5,33,1.4,1.0,8.9,2.25,0.0,0.0,4,0,1
16,26.6,34,1.3,1.0,9.4,1.69,0.0,0.0,4,0,1
17,26.3,31,1.0,1.0,7.8,1.03,0.0,0.0,4,0,1
18,24.8,41,0.5,1.0,10.6,0.33,0.0,0.0,4,0,1
19,22.5,43,0.4,1.0,9.2,0.0,0.0,0.0,4,0,1
20,21.3,46,0.1,1.0,9.2,0.0,0.0,0.0,4,0,1
21,20.1,54,1.2,1.0,10.4,0.0,0.0,0.0,4,0,1
22,19.3,55,0.5,1.0,10.0,0.0,0.0,0.0,4,0,1
23,18.6,59,0.7,1.0,10.4,0.0,0.0,0.0,4,0,1
0,18.1,60,0.2,1.0,10.2,0.0,0.0,0.0,4,0,1
1,17.5,66,0.5,1.0,11.0,0.0,0.0,0.0,4,0,1
2,17.3,68,0.7,1.0,11.3,0.0,0.0,0.0,4,0,1
3,17.0,70,0.9,1.0,11.4,0.0,0.0,0.0,4,0,1
4,16.6,73,0.3,1.0,11.7,0.0,0.0,0.0,4,0,1
5,16.1,78,0.4,1.0,12.2,0.0,0.0,0.0,4,0,1
6,15.5,80,0.4,1.0,12.0,0.0,0.0,0.0,4,0,1
7,15.1,81,0.8,0.9695,11.8,0.03,0.0,0.0,4,0,1
8,16.2,69,1.1,1.0,10.4,0.54,0.0,0.0,4,0,1
9,18.5,62,0.5,0.9235,11.0,1.0,0.0,0.0,4,0,1
10,20.7,62,1.3,0.8395,13.1,1.41,0.0,0.0,4,0,1
11,20.2,63,2.8,0.5975,12.9,1.25,0.0,0.0,4,0,1
12,20.8,47,3.1,0.8325,9.0,2.0,0.0,0.0,4,0,1
13,21.1,42,4.6,0.977,7.6,2.74,0.0,0.0,4,0,1
14,21.1,32,4.4,0.9995,3.7,2.48,0.0,0.0,4,0,1
15,21.3,32,3.8,1.0,3.9,2.31,0.0,0.0,4,0,1
16,21.2,28,3.2,1.0,1.9,1.77,0.0,0.0,4,0,1
17,20.4,31,3.2,1.0,2.6,1.06,0.0,0.0,4,0,1
18,18.3,34,3.3,1.0,2.1,0.36,0.0,0.0,4,0,1
19,17.1,35,2.9,1.0,1.4,0.0,0.0,0.0,4,0,1
20,16.0,39,2.9,1.0,2.0,0.0,0.0,0.0,4,0,1
21,15.2,40,3.0,1.0,1.6,0.0,0.0,0.0,4,0,1
22,14.6,46,2.2,1.0,3.0,0.0,0.0,0.0,4,0,1
23,14.1,53,2.1,1.0,4.6,0.0,0.0,0.0,4,0,1
0,14.1,55,2.6,1.0,5.1,0.0,0.0,0.0,4,0,0
1,13.9,57,2.0,1.0,5.5,0.0,0.0,0.0,4,0,0
2,13.9,56,2.4,1.0,5.2,0.0,0.0,0.0,4,0,0
3,13.6,56,1.6,1.0,4.9,0.0,0.0,0.0,4,0,0
4,13.7,56,1.9,1.0,5.0,0.0,0.0,0.0,4,0,0
5,13.7,57,1.8,0.9995,5.3,0.0,0.0,0.0,4,0,0
6,13.3,56,2.3,1.0,4.6,0.0,0.0,0.0,4,0,0
7,13.1,58,2.1,0.9985,5.0,0.03,0.0,0.0,4,0,0
8,13.7,54,2.4,0.98,4.5,0.39,0.0,0.0,4,0,0
9,14.9,50,3.4,0.9945,4.5,1.08,0.0,0.0,4,0,0
10,16.3,47,3.6,0.9075,4.9,1.93,0.0,0.0,4,0,0
11,17.0,45,4.5,0.983,4.9,2.04,0.0,0.0,4,0,0
12,18.4,40,3.5,0.979,4.5,2.28,0.0,0.0,4,0,0
13,17.6,49,4.7,1.0,6.7,1.89,0.0,0.0,4,0,0
14,19.3,36,3.5,0.993,3.8,2.28,0.0,0.0,4,0,0
15,19.0,40,3.8,0.9915,5.0,1.96,0.0,0.0,4,0,0
16,17.7,47,3.4,1.0,6.2,0.81,0.0,0.0,4,0,0
17,17.2,53,2.9,1.0,7.5,0.25,0.0,0.0,4,0,0
18,16.6,61,2.9,1.0,9.0,0.16,0.0,0.0,4,0,0
19,16.2,62,2.2,1.0,8.9,0.0,0.0,0.0,4,0,0
20,15.4,63,2.1,1.0,8.3,0.0,0.0,0.0,4,0,0
21,14.6,66,4.0,1.0,8.3,0.0,0.0,0.0,4,0,0
22,13.9,69,0.5,1.0,8.2,0.0,0.0,0.0,4,0,0
23,13.4,69,3.7,1.0,7.8,0.0,0.0,0.0,4,0,0
0,13.0,72,1.8,0.9935,8.0,0.0,0.0,0.0,4,0,0
1,12.5,74,1.9,0.996,7.9,0.0,0.0,0.0,4,0,0
2,12.3,75,1.6,0.92,7.9,0.0,0.0,0.0,4,0,0
3,11.8,78,0.3,0.9215,8.0,0.0,0.0,0.0,4,0,0
4,11.2,80,0.3,0.618,7.8,0.0,0.0,0.0,4,0,0
5,10.8,82,0.3,0.889,7.8,0.0,0.0,0.0,4,0,0
6,10.6,81,0.0,0.899,7.4,0.0,0.0,0.0,4,0,0
7,10.4,81,0.3,0.978,7.2,0.02,0.0,0.0,4,0,0
8,11.2,69,0.9,0.857,5.7,0.49,0.0,0.0,4,0,0
9,13.9,66,1.6,0.7135,7.6,1.11,0.0,0.0,4,0,0
10,16.7,58,2.4,0.777,8.3,1.81,0.0,0.0,4,0,0
11,18.3,44,3.0,0.939,5.8,2.35,0.0,0.0,4,0,0
12,19.4,41,3.1,0.978,5.7,2.67,0.0,0.0,4,0,0
13,20.4,36,2.6,0.888,4.8,2.71,0.0,0.0,4,0,0
14,21.5,39,2.5,0.8455,6.9,2.56,0.0,0.0,4,0,0
15,21.8,38,2.6,0.9565,6.8,2.22,0.0,0.0,4,0,0
16,21.7,36,3.2,0.9645,5.9,1.64,0.0,0.0,4,0,0
17,21.2,40,2.4,1.0,7.0,0.98,0.0,0.0,4,0,0
18,19.2,48,2.2,1.0,7.9,0.28,0.0,0.0,4,0,0
19,17.6,57,1.7,1.0,8.9,0.0,0.0,0.0,4,0,0
20,16.8,62,2.0,1.0,9.4,0.0,0.0,0.0,4,0,0
21,16.2,65,1.5,1.0,9.6,0.0,0.0,0.0,4,0,0
22,15.5,69,0.8,0.9935,9.8,0.0,0.0,0.0,4,0,0
23,14.8,68,0.1,0.997,8.9,0.0,0.0,0.0,4,0,0
0,14.5,74,0.4,1.0,9.9,0.0,0.0,0.0,4,1,0
1,13.8,75,0.5,1.0,9.4,0.0,0.0,0.0,4,1,0
2,13.2,77,1.2,0.986,9.2,0.0,0.0,0.0,4,1,0
3,12.6,78,0.6,0.9535,8.8,0.0,0.0,0.0,4,1,0
4,12.1,80,1.2,0.917,8.7,0.0,0.0,0.0,4,1,0
5,11.8,82,1.1,0.939,8.8,0.0,0.0,0.0,4,1,0
6,11.4,84,0.3,0.871,8.7,0.0,0.0,0.0,4,1,0
7,11.2,85,0.3,0.7965,8.7,0.02,0.0,0.0,4,1,0
8,11.8,73,1.0,0.8245,7.1,0.49,0.0,0.0,4,1,0
9,14.4,61,0.7,0.67,6.9,1.21,0.0,0.0,4,1,0
10,17.3,53,0.7,0.703,7.6,1.83,0.0,0.0,4,1,0
11,20.3,46,1.6,0.7045,8.2,2.29,0.0,0.0,4,1,0
12,21.4,40,1.4,0.9865,7.2,2.53,0.0,0.0,4,1,0
13,22.5,40,2.6,0.927,8.2,2.64,0.0,0.0,4,1,0
14,23.4,35,1.6,0.986,7.0,2.51,0.0,0.0,4,1,0
15,24.1,34,2.0,0.998,7.2,2.14,0.0,0.0,4,1,0
16,24.0,34,2.7,1.0,7.1,1.62,0.0,0.0,4,1,0
17,23.3,36,1.7,0.98,7.3,0.95,0.0,0.0,4,1,0
18,21.5,43,1.8,1.0,8.3,0.26,0.0,0.0,4,1,0
19,20.0,49,1.5,1.0,8.9,0.0,0.0,0.0,4,1,0
20,18.6,55,1.5,1.0,9.3,0.0,0.0,0.0,4,1,0
21,17.6,59,1.6,1.0,9.4,0.0,0.0,0.0,4,1,0
22,16.9,63,0.2,1.0,9.8,0.0,0.0,0.0,4,1,0
23,16.1,63,0.6,1.0,9.0,0.0,0.0,0.0,4,1,0
0,15.5,65,0.8,1.0,8.9,0.0,0.0,0.0,4,0,0
1,14.7,69,0.6,1.0,9.0,0.0,0.0,0.0,4,0,0
2,14.0,73,0.5,0.996,9.2,0.0,0.0,0.0,4,0,0
3,13.6,75,0.8,0.98,9.2,0.0,0.0,0.0,4,0,0
4,13.3,75,0.4,0.896,8.9,0.0,0.0,0.0,4,0,0
5,13.2,73,0.9,0.9285,8.4,0.0,0.0,0.0,4,0,0
6,13.2,73,1.1,0.95,8.4,0.0,0.0,0.0,4,0,0
7,13.2,75,0.8,0.89,8.8,0.01,0.0,0.0,4,0,0
8,13.9,68,0.9,0.956,8.0,0.34,0.0,0.0,4,0,0
9,16.7,58,1.8,0.9105,8.3,1.22,0.0,0.0,4,0,0
10,19.0,49,1.7,0.99,8.0,1.73,0.0,0.0,4,0,0
11,21.3,41,1.9,0.9815,7.5,2.36,0.0,0.0,4,0,0
12,23.2,38,1.7,0.995,8.0,2.44,0.0,0.0,4,0,0
13,23.4,39,1.4,1.0,8.6,1.72,0.0,0.0,4,0,0
14,24.3,39,1.7,1.0,9.4,2.18,0.0,0.0,4,0,0
15,25.3,39,1.6,1.0,10.3,1.88,0.0,0.0,4,0,0
16,25.1,41,1.0,1.0,10.9,1.22,0.0,0.0,4,0,0
17,24.2,44,1.5,1.0,11.1,0.58,0.0,0.0,4,0,0
18,23.1,48,1.3,1.0,11.4,0.2,0.0,0.0,4,0,0
19,22.3,50,1.4,1.0,11.3,0.0,0.0,0.0,4,0,0
20,21.3,53,1.8,1.0,11.3,0.0,0.0,0.0,4,0,0
21,20.5,57,2.0,1.0,11.6,0.0,0.0,0.0,4,0,0
22,19.8,60,1.6,1.0,11.8,0.0,0.0,0.0,4,0,0
23,19.4,62,1.7,1.0,11.9,0.0,0.0,0.0,4,0,0
0,19.0,64,1.9,1.0,12.0,0.0,0.0,0.0,4,0,0
1,18.6,66,1.7,1.0,12.1,0.0,0.0,0.0,4,0,0
2,18.2,64,2.0,1.0,11.2,0.0,0.0,0.0,4,0,0
3,18.0,61,1.8,1.0,10.3,0.0,0.0,0.0,4,0,0
4,17.7,57,1.3,1.0,9.0,0.0,0.0,0.0,4,0,0
5,17.6,57,1.1,1.0,8.9,0.0,0.0,0.0,4,0,0
6,17.7,55,1.5,1.0,8.5,0.0,0.0,0.0,4,0,0
7,17.7,56,1.3,1.0,8.8,0.0,0.0,0.0,4,0,0
8,16.9,72,1.3,1.0,11.8,0.04,0.3,0.0,4,0,0
9,16.3,85,1.8,0.471,13.7,0.13,1.2,0.0,4,0,0
10,15.8,89,1.8,0.371,13.9,0.18,1.5,0.0,4,0,0
11,16.1,89,2.4,0.556,14.2,0.4,1.5,0.0,4,0,0
12,16.6,90,1.7,0.259,14.9,0.51,2.0,0.0,4,0,0
13,16.9,95,1.6,0.1625,16.0,0.48,4.0,0.0,4,0,0
14,17.2,95,1.6,0.2765,16.3,0.48,2.5,0.0,4,0,0
15,17.2,96,0.6,0.1065,16.5,0.26,4.0,0.0,4,0,0
16,17.1,97,1.7,0.191,16.6,0.15,6.0,0.0,4,0,0
17,16.9,97,2.1,0.364,16.4,0.08,5.5,0.0,4,0,0
18,16.7,96,1.6,0.7305,16.0,0.03,1.0,0.0,4,0,0
19,16.6,96,2.4,0.536,15.9,0.0,1.5,0.0,4,0,0
20,16.5,96,2.7,0.5235,15.8,0.0,1.0,0.0,4,0,0
21,16.5,96,2.2,0.4815,15.8,0.0,1.5,0.0,4,0,0
22,16.2,92,2.6,0.8855,14.8,0.0,1.5,0.0,4,0,0
23,16.3,91,1.8,0.9055,14.8,0.0,0.5,0.0,4,0,0
0,16.4,94,1.8,0.872,15.4,0.0,1.0,0.0,4,0,1
1,16.7,89,2.4,0.907,14.8,0.0,1.0,0.0,4,0,1
2,16.9,88,2.5,1.0,14.8,0.0,1.5,0.0,4,0,1
3,16.8,90,3.3,0.8005,15.1,0.0,2.0,0.0,4,0,1
4,16.9,89,2.7,0.7885,15.0,0.0,2.5,0.0,4,0,1
5,16.7,93,2.8,0.18,15.5,0.0,4.5,0.0,4,0,1
6,16.5,96,2.3,0.2085,15.8,0.0,8.5,0.0,4,0,1
7,16.5,97,2.3,0.182,16.0,0.0,9.5,0.0,4,0,1
8,16.6,97,2.0,0.2285,16.1,0.01,9.0,0.0,4,0,1
9,16.7,97,2.9,0.275,16.2,0.05,6.0,0.0,4,0,1
10,17.0,97,1.5,0.338,16.5,0.15,6.0,0.0,4,0,1
11,17.5,95,2.0,0.607,16.6,0.35,3.5,0.0,4,0,1
12,18.0,92,2.9,0.9995,16.6,0.45,1.0,0.0,4,0,1
13,17.7,89,5.0,1.0,15.8,0.62,0.5,0.0,4,0,1
14,19.3,79,3.6,1.0,15.5,1.36,0.0,0.0,4,0,1
15,21.0,67,4.1,1.0,14.6,2.05,0.0,0.0,4,0,1
16,21.5,62,3.4,1.0,13.9,1.26,0.0,0.0,4,0,1
17,21.1,64,1.2,1.0,14.0,0.4,0.0,0.0,4,0,1
18,20.5,66,1.2,1.0,13.9,0.16,0.0,0.0,4,0,1
19,19.7,72,0.6,1.0,14.5,0.0,0.0,0.0,4,0,1
20,19.4,67,0.8,1.0,13.1,0.0,0.0,0.0,4,0,1
21,18.5,78,0.1,1.0,14.5,0.0,0.0,0.0,4,0,1
22,17.7,78,0.3,1.0,13.8,0.0,0.0,0.0,4,0,1
23,16.9,84,0.9,1.0,14.1,0.0,0.0,0.0,4,0,1
0,16.3,86,0.3,1.0,13.9,0.0,0.0,0.0,4,0,1
1,16.0,88,1.2,1.0,14.0,0.0,0.0,0.0,4,0,1
2,15.7,88,0.4,1.0,13.7,0.0,0.0,0.0,4,0,1
3,15.5,88,1.7,0.999,13.5,0.0,0.0,0.0,4,0,1
4,15.1,90,1.2,0.425,13.4,0.0,0.0,0.0,4,0,1
5,15.1,89,1.1,0.8075,13.2,0.0,0.0,0.0,4,0,1
6,14.8,89,0.2,0.745,12.9,0.0,0.0,0.0,4,0,1
7,14.3,89,0.6,0.5825,12.5,0.03,0.0,0.0,4,0,1
8,14.6,71,1.0,0.948,9.3,0.43,0.0,0.0,4,0,1
9,16.2,60,1.9,0.9495,8.4,1.16,0.0,0.0,4,0,1
10,18.1,56,2.6,0.86,9.1,1.79,0.0,0.0,4,0,1
11,19.1,56,2.4,0.901,10.1,2.15,0.0,0.0,4,0,1
12,19.8,46,2.5,0.9185,7.8,2.3,0.0,0.0,4,0,1
13,20.1,41,3.0,0.9815,6.4,2.34,0.0,0.0,4,0,1
14,20.2,42,2.8,0.916,6.8,1.87,0.0,0.0,4,0,1
15,20.4,36,2.8,1.0,4.8,1.56,0.0,0.0,4,0,1
16,20.7,34,2.0,1.0,4.2,1.23,0.0,0.0,4,0,1
17,19.4,32,3.2,1.0,2.2,0.63,0.0,0.0,4,0,1
18,17.9,29,2.8,1.0,-0.4,0.16,0.0,0.0,4,0,1
19,16.6,36,1.4,1.0,1.4,0.0,0.0,0.0,4,0,1
20,15.5,37,1.9,1.0,0.8,0.0,0.0,0.0,4,0,1
21,14.4,36,1.0,1.0,-0.5,0.0,0.0,0.0,4,0,1
22,13.6,38,1.5,1.0,-0.4,0.0,0.0,0.0,4,0,1
23,12.9,38,1.5,1.0,-1.1,0.0,0.0,0.0,4,0,1
0,12.3,44,0.8,1.0,0.3,0.0,0.0,0.0,4,0,0
1,11.7,52,1.1,1.0,2.1,0.0,0.0,0.0,4,0,0
2,11.1,56,1.4,1.0,2.6,0.0,0.0,0.0,4,0,0
3,10.8,59,0.5,1.0,3.0,0.0,0.0,0.0,4,0,0
4,10.4,61,0.6,1.0,3.1,0.0,0.0,0.0,4,0,0
5,9.8,63,0.5,1.0,3.0,0.0,0.0,0.0,4,0,0
6,9.5,68,0.9,1.0,3.8,0.0,0.0,0.0,4,0,0
7,9.2,72,1.0,1.0,4.4,0.01,0.0,0.0,4,0,0
8,9.9,66,1.2,1.0,3.8,0.35,0.0,0.0,4,0,0
9,12.2,51,0.7,0.959,2.3,1.02,0.0,0.0,4,0,0
10,15.0,44,0.5,0.9195,2.8,1.48,0.0,0.0,4,0,0
11,17.9,39,1.3,0.9365,3.7,2.06,0.0,0.0,4,0,0
12,19.2,31,0.5,0.997,1.6,2.4,0.0,0.0,4,0,0
13,20.2,28,1.3,1.0,1.0,2.25,0.0,0.0,4,0,0
14,20.2,24,1.5,1.0,-1.0,1.8,0.0,0.0,4,0,0
15,20.6,26,1.2,1.0,0.4,1.76,0.0,0.0,4,0,0
16,20.3,25,1.8,1.0,-0.3,1.15,0.0,0.0,4,0,0
17,20.0,28,0.7,1.0,0.9,0.79,0.0,0.0,4,0,0
18,18.1,39,1.0,1.0,3.9,0.21,0.0,0.0,4,0,0
19,16.4,42,1.8,1.0,3.4,0.0,0.0,0.0,4,0,0
20,15.5,45,2.2,1.0,3.6,0.0,0.0,0.0,4,0,0
21,15.1,48,2.6,1.0,4.1,0.0,0.0,0.0,4,0,0
22,14.4,49,1.1,1.0,3.8,0.0,0.0,0.0,4,0,0
23,13.5,55,0.5,1.0,4.6,0.0,0.0,0.0,4,0,0
0,12.6,54,0.2,1.0,3.5,0.0,0.0,0.0,4,1,0
1,12.0,58,0.7,1.0,3.9,0.0,0.0,0.0,4,1,0
2,11.4,65,1.1,1.0,5.0,0.0,0.0,0.0,4,1,0
3,11.0,66,0.9,1.0,4.8,0.0,0.0,0.0,4,1,0
4,11.0,63,0.8,1.0,4.2,0.0,0.0,0.0,4,1,0
5,10.8,64,0.8,1.0,4.2,0.0,0.0,0.0,4,1,0
6,10.8,69,0.8,1.0,5.3,0.0,0.0,0.0,4,1,0
7,10.9,70,0.7,1.0,5.6,0.0,0.0,0.0,4,1,0
8,11.4,66,0.8,0.9955,5.2,0.18,0.0,0.0,4,1,0
9,12.8,57,1.2,0.919,4.4,0.55,0.0,0.0,4,1,0
10,14.8,51,1.0,0.999,4.7,1.07,0.0,0.0,4,1,0
11,16.4,45,0.7,1.0,4.4,1.22,0.0,0.0,4,1,0
12,18.3,40,0.6,0.9975,4.4,1.82,0.0,0.0,4,1,0
13,19.2,39,1.0,1.0,4.8,1.66,0.0,0.0,4,1,0
14,18.8,39,1.6,1.0,4.5,0.67,0.0,0.0,4,1,0
15,18.3,40,1.2,1.0,4.4,0.33,0.0,0.0,4,1,0
16,19.0,39,1.4,1.0,4.7,0.89,0.0,0.0,4,1,0
17,18.4,39,2.1,1.0,4.1,0.45,0.0,0.0,4,1,0
18,17.7,43,1.5,1.0,4.9,0.05,0.0,0.0,4,1,0
19,17.3,47,2.2,1.0,5.8,0.0,0.0,0.0,4,1,0
20,17.0,49,1.4,1.0,6.1,0.0,0.0,0.0,4,1,0
21,16.8,52,1.6,1.0,6.8,0.0,0.0,0.0,4,1,0
22,16.7,55,1.9,1.0,7.6,0.0,0.0,0.0,4,1,0
23,16.6,53,1.1,1.0,6.9,0.0,0.0,0.0,4,1,0
0,16.6,53,0.9,1.0,6.9,0.0,0.0,0.0,4,0,0
1,16.6,57,1.5,1.0,8.0,0.0,0.0,0.0,4,0,0
2,14.4,91,0.4,0.201,12.9,0.0,4.5,0.0,4,0,0
3,14.3,95,1.0,0.4835,13.5,0.0,2.5,0.0,4,0,0
4,14.3,92,2.0,0.357,13.0,0.0,0.0,0.0,4,0,0
5,13.6,89,2.7,0.495,11.8,0.0,0.0,0.0,4,0,0
6,12.6,86,1.9,0.715,10.3,0.0,0.0,0.0,4,0,0
7,12.3,84,3.2,0.61,9.6,0.0,0.0,0.0,4,0,0
8,11.8,80,3.7,0.759,8.4,0.16,0.0,0.0,4,0,0
9,12.0,72,3.3,0.825,7.0,0.68,0.0,0.0,4,0,0
10,12.0,61,4.1,0.9905,4.6,0.86,0.0,0.0,4,0,0
11,12.7,50,3.3,0.9995,2.5,1.61,0.0,0.0,4,0,0
12,13.7,43,3.4,0.99,1.3,1.65,0.0,0.0,4,0,0
13,14.3,43,3.6,0.9975,1.8,1.86,0.0,0.0,4,0,0
14,14.0,43,2.8,1.0,1.5,1.13,0.0,0.0,4,0,0
15,13.7,44,3.9,1.0,1.6,0.83,0.0,0.0,4,0,0
16,13.8,43,3.7,1.0,1.4,0.74,0.0,0.0,4,0,0
17,13.1,45,3.1,1.0,1.4,0.62,0.0,0.0,4,0,0
18,12.2,45,3.1,1.0,0.5,0.16,0.0,0.0,4,0,0
19,11.3,50,1.1,1.0,1.2,0.0,0.0,0.0,4,0,0
20,10.6,48,2.0,1.0,0.0,0.0,0.0,0.0,4,0,0
21,9.9,50,1.2,1.0,0.0,0.0,0.0,0.0,4,0,0
22,9.2,55,0.9,1.0,0.6,0.0,0.0,0.0,4,0,0
23,8.5,52,0.6,1.0,-0.8,0.0,0.0,0.0,4,0,0
0,7.9,53,0.9,1.0,-1.1,0.0,0.0,0.0,4,0,0
1,7.3,59,0.1,1.0,-0.1,0.0,0.0,0.0,4,0,0
2,7.1,64,0.9,1.0,0.7,0.0,0.0,0.0,4,0,0
3,6.7,71,1.0,1.0,1.8,0.0,0.0,0.0,4,0,0
4,6.6,69,0.9,1.0,1.3,0.0,0.0,0.0,4,0,0
5,6.6,73,1.1,1.0,2.0,0.0,0.0,0.0,4,0,0
6,6.6,65,1.6,1.0,0.4,0.0,0.0,0.0,4,0,0
7,6.3,65,1.0,1.0,0.1,0.01,0.0,0.0,4,0,0
8,7.0,56,3.1,0.9855,-1.1,0.44,0.0,0.0,4,0,0
9,8.4,49,2.6,1.0,-1.7,1.17,0.0,0.0,4,0,0
10,10.2,44,2.3,0.993,-1.5,1.8,0.0,0.0,4,0,0
11,11.7,36,4.3,1.0,-2.9,2.28,0.0,0.0,4,0,0
12,13.2,31,3.8,1.0,-3.5,2.58,0.0,0.0,4,0,0
13,13.5,32,5.0,0.995,-2.9,2.56,0.0,0.0,4,0,0
14,13.4,32,4.9,1.0,-2.9,1.78,0.0,0.0,4,0,0
15,13.0,39,3.7,1.0,-0.6,1.09,0.0,0.0,4,0,0
16,13.8,36,2.9,1.0,-1.0,0.98,0.0,0.0,4,0,0
17,13.2,36,3.6,1.0,-1.5,0.55,0.0,0.0,4,0,0
18,12.1,40,2.4,0.927,-1.1,0.18,0.0,0.0,4,0,0
19,11.1,43,2.0,1.0,-1.0,0.0,0.0,0.0,4,0,0
20,10.2,46,0.2,1.0,-0.9,0.0,0.0,0.0,4,0,0
21,9.3,52,1.5,1.0,0.0,0.0,0.0,0.0,4,0,0
22,8.8,55,1.6,1.0,0.2,0.0,0.0,0.0,4,0,0
23,8.4,60,1.5,1.0,1.0,0.0,0.0,0.0,4,0,0
0,8.2,61,1.3,1.0,1.1,0.0,0.0,0.0,4,0,0
1,7.6,63,1.2,1.0,0.9,0.0,0.0,0.0,4,0,0
2,7.1,61,0.6,1.0,0.0,0.0,0.0,0.0,4,0,0
3,6.5,69,0.3,0.9905,1.2,0.0,0.0,0.0,4,0,0
4,6.2,71,1.1,1.0,1.3,0.0,0.0,0.0,4,0,0
5,6.0,72,1.3,1.0,1.3,0.0,0.0,0.0,4,0,0
6,5.8,67,1.1,1.0,0.1,0.0,0.0,0.0,4,0,0
7,5.3,73,0.7,1.0,0.8,0.01,0.0,0.0,4,0,0
8,6.0,64,1.1,0.96,-0.3,0.42,0.0,0.0,4,0,0
9,8.6,50,0.8,0.8925,-1.2,1.13,0.0,0.0,4,0,0
10,11.6,40,1.7,0.9955,-1.5,1.77,0.0,0.0,4,0,0
11,13.0,38,2.7,1.0,-1.0,2.3,0.0,0.0,4,0,0
12,14.7,38,1.0,0.942,0.5,2.55,0.0,0.0,4,0,0
13,15.8,36,1.5,0.944,0.7,2.59,0.0,0.0,4,0,0
14,16.5,32,1.4,0.9205,-0.2,2.43,0.0,0.0,4,0,0
15,17.1,33,2.1,0.9645,0.6,2.04,0.0,0.0,4,0,0
16,16.9,34,1.2,0.971,0.9,1.47,0.0,0.0,4,0,0
17,16.3,39,1.7,0.9845,2.3,0.8,0.0,0.0,4,0,0
18,14.3,46,1.3,1.0,2.8,0.16,0.0,0.0,4,0,0
19,12.9,50,1.4,1.0,2.7,0.0,0.0,0.0,4,0,0
20,11.8,53,1.5,1.0,2.5,0.0,0.0,0.0,4,0,0
21,11.0,60,1.1,0.9975,3.5,0.0,0.0,0.0,4,0,0
22,10.5,62,1.2,1.0,3.5,0.0,0.0,0.0,4,0,0
23,9.8,66,0.5,0.9895,3.7,0.0,0.0,0.0,4,0,0
0,9.1,69,0.9,0.9425,3.7,0.0,0.0,0.0,4,0,1
1,8.5,70,0.2,0.928,3.3,0.0,0.0,0.0,4,0,1
2,8.0,74,0.5,0.893,3.6,0.0,0.0,0.0,4,0,1
3,7.6,78,0.7,0.807,4.0,0.0,0.0,0.0,4,0,1
4,7.1,79,1.2,0.7835,3.6,0.0,0.0,0.0,4,0,1
5,6.7,81,1.1,0.7335,3.6,0.0,0.0,0.0,4,0,1
6,6.6,80,1.0,0.712,3.3,0.0,0.0,0.0,4,0,1
7,6.2,83,0.8,0.55,3.5,0.01,0.0,0.0,4,0,1
8,7.4,70,0.5,0.6865,2.2,0.36,0.0,0.0,4,0,1
9,10.0,56,1.0,0.8805,1.6,1.03,0.0,0.0,4,0,1
10,12.6,50,1.4,0.856,2.4,1.68,0.0,0.0,4,0,1
11,15.2,44,1.2,0.6505,3.0,2.16,0.0,0.0,4,0,1
12,16.6,36,0.7,0.721,1.4,2.45,0.0,0.0,4,0,1
13,18.3,33,1.9,0.662,1.7,2.53,0.0,0.0,4,0,1
14,19.3,27,1.3,0.692,-0.1,2.38,0.0,0.0,4,0,1
15,19.8,29,2.0,0.623,1.2,1.97,0.0,0.0,4,0,1
16,19.4,29,1.2,0.577,0.8,1.37,0.0,0.0,4,0,1
17,18.7,33,1.1,0.582,2.0,0.7,0.0,0.0,4,0,1
18,16.5,38,1.6,0.623,2.1,0.14,0.0,0.0,4,0,1
19,14.8,47,1.3,0.5555,3.5,0.0,0.0,0.0,4,0,1
20,13.8,52,1.6,0.544,4.0,0.0,0.0,0.0,4,0,1
21,12.6,56,1.1,0.5265,4.0,0.0,0.0,0.0,4,0,1
22,11.7,60,0.5,0.501,4.1,0.0,0.0,0.0,4,0,1
23,11.0,62,0.3,0.473,3.9,0.0,0.0,0.0,4,0,1
0,10.4,59,0.0,0.4855,2.7,0.0,0.0,0.0,4,0,1
1,9.5,65,0.9,0.495,3.2,0.0,0.0,0.0,4,0,1
2,9.1,68,0.3,0.4605,3.4,0.0,0.0,0.0,4,0,1
3,8.4,73,0.4,0.41,3.8,0.0,0.0,0.0,4,0,1
4,7.9,76,1.3,0.3855,3.9,0.0,0.0,0.0,4,0,1
5,7.6,79,0.3,0.3825,4.1,0.0,0.0,0.0,4,0,1
6,7.2,80,0.7,0.3645,3.9,0.0,0.0,0.0,4,0,1
7,6.9,81,0.8,0.3325,3.8,0.01,0.0,0.0,4,0,1
8,7.5,72,1.1,0.3485,2.7,0.34,0.0,0.0,4,0,1
9,10.1,60,0.8,0.363,2.6,1.02,0.0,0.0,4,0,1
10,13.3,47,0.5,0.409,2.2,1.67,0.0,0.0,4,0,1
11,16.2,41,1.0,0.439,2.9,2.11,0.0,0.0,4,0,1
12,17.2,33,1.1,0.629,0.7,2.28,0.0,0.0,4,0,1
13,18.1,32,1.5,0.842,1.1,2.21,0.0,0.0,4,0,1
14,18.9,31,2.6,0.968,1.3,2.37,0.0,0.0,4,0,1
15,20.1,32,2.4,0.9465,2.8,2.0,0.0,0.0,4,0,1
16,19.1,31,2.1,0.98,1.5,1.27,0.0,0.0,4,0,1
17,18.2,43,2.3,0.9625,5.4,0.68,0.0,0.0,4,0,1
18,16.2,58,2.4,0.9955,7.9,0.12,0.0,0.0,4,0,1
19,15.1,60,2.9,0.9895,7.3,0.0,0.0,0.0,4,0,1
20,14.4,61,2.3,0.9725,6.9,0.0,0.0,0.0,4,0,1
21,13.8,66,2.4,0.9485,7.5,0.0,0.0,0.0,4,0,1
22,13.5,71,1.7,0.8555,8.3,0.0,0.0,0.0,4,0,1
23,13.2,73,1.2,0.8195,8.4,0.0,0.0,0.0,4,0,1
0,12.6,78,1.3,0.7135,8.8,0.0,0.0,0.0,4,0,0
1,12.2,80,1.4,0.6415,8.8,0.0,0.0,0.0,4,0,0
2,11.8,82,0.7,0.631,8.8,0.0,0.0,0.0,4,0,0
3,11.3,85,0.0,0.4535,8.8,0.0,0.0,0.0,4,0,0
4,11.0,82,0.1,0.4755,8.0,0.0,0.0,0.0,4,0,0
5,11.1,79,0.3,0.57,7.5,0.0,0.0,0.0,4,0,0
6,11.2,81,0.2,0.5355,8.0,0.0,0.0,0.0,4,0,0
7,11.5,81,0.8,0.48,8.3,0.0,0.0,0.0,4,0,0
8,12.0,77,0.4,0.4455,8.0,0.12,0.0,0.0,4,0,0
9,12.8,74,0.5,0.4155,8.2,0.31,0.0,0.0,4,0,0
10,14.1,66,0.6,0.4135,7.8,0.58,0.0,0.0,4,0,0
11,16.7,65,1.5,0.3375,10.0,1.42,0.0,0.0,4,0,0
12,19.0,60,1.8,0.2565,11.0,2.11,0.0,0.0,4,0,0
13,19.7,52,2.1,0.256,9.5,1.83,0.0,0.0,4,0,0
14,20.0,48,2.1,0.293,8.6,1.72,0.0,0.0,4,0,0
15,20.4,43,1.7,0.345,7.3,1.43,0.0,0.0,4,0,0
16,20.3,44,2.2,0.3965,7.6,1.09,0.0,0.0,4,0,0
17,19.3,49,2.8,0.483,8.3,0.55,0.0,0.0,4,0,0
18,18.0,66,2.3,0.277,11.5,0.1,0.0,0.0,4,0,0
19,16.9,74,1.8,0.183,12.2,0.0,0.0,0.0,4,0,0
20,15.9,81,2.8,0.125,12.6,0.0,0.0,0.0,4,0,0
21,15.5,86,1.3,0.089,13.1,0.0,0.0,0.0,4,0,0
22,14.8,83,1.5,0.1135,11.9,0.0,0.0,0.0,4,0,0
23,14.1,74,1.5,0.243,9.5,0.0,0.0,0.0,4,0,0
0,13.3,64,1.7,0.43,6.6,0.0,0.0,0.0,4,0,0
1,12.4,65,1.1,0.5495,5.9,0.0,0.0,0.0,4,0,0
2,11.7,70,1.0,0.506,6.4,0.0,0.0,0.0,4,0,0
3,11.5,61,1.4,0.6995,4.2,0.0,0.0,0.0,4,0,0
4,11.0,69,0.6,0.755,5.5,0.0,0.0,0.0,4,0,0
5,10.2,70,1.5,0.7595,4.9,0.0,0.0,0.0,4,0,0
6,10.1,71,0.2,0.737,5.0,0.0,0.0,0.0,4,0,0
7,10.2,68,0.4,0.7465,4.5,0.0,0.0,0.0,4,0,0
8,10.4,63,0.6,0.6835,3.6,0.19,0.0,0.0,4,0,0
9,11.8,55,0.7,0.591,3.0,0.55,0.0,0.0,4,0,0
10,14.4,45,0.6,0.603,2.6,1.28,0.0,0.0,4,0,0
11,16.5,39,0.7,0.6755,2.4,1.68,0.0,0.0,4,0,0
12,18.8,35,1.2,0.5285,2.9,2.06,0.0,0.0,4,0,0
13,19.4,31,2.0,0.931,1.8,2.02,0.0,0.0,4,0,0
14,19.9,29,1.9,0.9165,1.3,2.09,0.0,0.0,4,0,0
15,19.9,31,2.0,0.8065,2.2,1.57,0.0,0.0,4,0,0
16,19.5,32,2.1,0.718,2.3,1.1,0.0,0.0,4,0,0
17,18.4,38,1.8,0.7825,3.8,0.5,0.0,0.0,4,0,0
18,16.9,47,1.4,0.8185,5.5,0.11,0.0,0.0,4,0,0
19,15.5,63,1.7,0.887,8.4,0.0,0.0,0.0,4,0,0
20,14.8,68,2.0,0.751,8.9,0.0,0.0,0.0,4,0,0
21,14.3,72,1.0,0.687,9.3,0.0,0.0,0.0,4,0,0
22,13.6,71,0.6,0.7285,8.4,0.0,0.0,0.0,4,0,0
23,12.9,78,0.6,0.6005,9.1,0.0,0.0,0.0,4,0,0
0,12.3,75,1.2,0.666,7.9,0.0,0.0,0.0,4,0,0
1,11.5,74,1.2,0.6525,7.0,0.0,0.0,0.0,4,0,0
2,10.8,77,0.3,0.634,6.9,0.0,0.0,0.0,4,0,0
3,10.2,80,0.3,0.5955,6.8,0.0,0.0,0.0,4,0,0
4,9.7,76,0.0,0.654,5.6,0.0,0.0,0.0,4,0,0
5,9.2,77,0.0,0.639,5.3,0.0,0.0,0.0,4,0,0
6,8.8,77,0.2,0.5385,4.9,0.0,0.0,0.0,4,0,0
7,8.6,77,0.7,0.4825,4.7,0.0,0.0,0.0,4,0,0
8,9.2,68,0.2,0.476,3.5,0.28,0.0,0.0,4,0,0
9,11.2,63,1.1,0.328,4.4,0.88,0.0,0.0,4,0,0
10,14.0,58,1.6,0.4205,5.8,1.53,0.0,0.0,4,0,0
11,15.5,25,2.5,0.8635,-4.4,2.1,0.0,0.0,4,0,0
12,16.2,29,2.5,0.9675,-1.8,2.45,0.0,0.0,4,0,0
13,17.7,25,2.1,0.9585,-2.6,2.48,0.0,0.0,4,0,0
14,18.3,24,1.7,0.9915,-2.6,2.4,0.0,0.0,4,0,0
15,18.3,21,2.7,1.0,-4.4,2.02,0.0,0.0,4,0,0
16,18.0,26,2.1,1.0,-1.8,1.45,0.0,0.0,4,0,0
17,16.9,34,2.5,1.0,0.9,0.74,0.0,0.0,4,0,0
18,14.6,39,2.3,1.0,0.7,0.11,0.0,0.0,4,0,0
19,13.2,42,1.3,1.0,0.5,0.0,0.0,0.0,4,0,0
20,12.2,47,1.1,1.0,1.2,0.0,0.0,0.0,4,0,0
21,10.8,53,0.9,1.0,1.5,0.0,0.0,0.0,4,0,0
22,9.9,50,0.1,1.0,0.0,0.0,0.0,0.0,4,0,0
23,9.7,56,0.7,1.0,1.3,0.0,0.0,0.0,4,0,0
0,9.2,64,0.7,1.0,2.7,0.0,0.0,0.0,4,0,0
1,9.0,66,0.7,1.0,2.9,0.0,0.0,0.0,4,0,0
2,8.7,71,0.8,1.0,3.7,0.0,0.0,0.0,4,0,0
3,8.6,74,0.6,0.9925,4.2,0.0,0.0,0.0,4,0,0
4,8.1,78,0.6,1.0,4.4,0.0,0.0,0.0,4,0,0
5,7.8,81,1.1,1.0,4.7,0.0,0.0,0.0,4,0,0
6,7.6,82,0.3,0.9665,4.7,0.0,0.0,0.0,4,0,0
7,7.7,81,0.4,0.996,4.6,0.0,0.0,0.0,4,0,0
8,8.5,77,0.5,0.9975,4.6,0.21,0.0,0.0,4,0,0
9,10.9,60,0.9,0.9985,3.4,0.93,0.0,0.0,4,0,0
10,13.7,57,1.2,1.0,5.3,1.33,0.0,0.0,4,0,0
11,15.0,52,1.4,1.0,5.2,1.5,0.0,0.0,4,0,0
12,16.8,50,1.6,1.0,6.3,1.94,0.0,0.0,4,0,0
13,18.1,43,2.2,1.0,5.3,2.3,0.0,0.0,4,0,0
14,18.7,39,1.3,1.0,4.4,1.66,0.0,0.0,4,0,0
15,19.0,38,1.9,1.0,4.3,1.72,0.0,0.0,4,0,0
16,18.5,40,1.8,1.0,4.6,1.28,0.0,0.0,4,0,0
17,16.9,44,1.6,1.0,4.5,0.44,0.0,0.0,4,0,0
18,15.7,45,2.5,1.0,3.7,0.06,0.0,0.0,4,0,0
19,14.9,49,2.1,1.0,4.2,0.0,0.0,0.0,4,0,0
20,13.8,56,1.9,1.0,5.1,0.0,0.0,0.0,4,0,0
21,12.6,60,0.5,1.0,5.0,0.0,0.0,0.0,4,0,0
22,11.6,61,0.2,1.0,4.3,0.0,0.0,0.0,4,0,0
23,10.9,64,0.2,1.0,4.3,0.0,0.0,0.0,4,0,0
0,10.3,67,1.5,1.0,4.4,0.0,0.0,0.0,4,0,0
1,9.8,68,1.7,1.0,4.1,0.0,0.0,0.0,4,0,0
2,9.2,72,1.5,1.0,4.4,0.0,0.0,0.0,4,0,0
3,8.5,74,1.3,1.0,4.1,0.0,0.0,0.0,4,0,0
4,8.1,76,0.3,1.0,4.1,0.0,0.0,0.0,4,0,0
5,7.7,73,0.0,1.0,3.1,0.0,0.0,0.0,4,0,0
6,7.2,77,0.5,1.0,3.4,0.0,0.0,0.0,4,0,0
7,7.3,72,0.4,1.0,2.5,0.0,0.0,0.0,4,0,0
8,7.9,63,0.6,1.0,1.2,0.3,0.0,0.0,4,0,0
9,11.1,53,1.0,1.0,1.8,1.05,0.0,0.0,4,0,0
10,13.8,44,1.5,0.9765,1.7,1.66,0.0,0.0,4,0,0
11,16.4,35,1.1,1.0,0.8,2.13,0.0,0.0,4,0,0
12,17.4,33,1.1,1.0,0.9,2.39,0.0,0.0,4,0,0
13,18.9,33,1.8,1.0,2.2,2.43,0.0,0.0,4,0,0
14,19.8,32,2.3,0.989,2.6,2.25,0.0,0.0,4,0,0
15,19.7,30,3.0,0.9855,1.6,1.89,0.0,0.0,4,0,0
16,19.3,29,2.8,1.0,0.7,1.34,0.0,0.0,4,0,0
17,18.5,35,2.2,1.0,2.7,0.68,0.0,0.0,4,0,0
18,16.6,40,2.4,1.0,2.9,0.11,0.0,0.0,4,0,0
19,15.3,53,2.4,1.0,5.7,0.0,0.0,0.0,4,0,0
20,14.2,56,1.8,1.0,5.5,0.0,0.0,0.0,4,0,0
21,13.3,56,1.1,1.0,4.6,0.0,0.0,0.0,4,0,0
22,12.3,65,1.7,1.0,5.8,0.0,0.0,0.0,4,0,0
23,11.7,70,1.7,1.0,6.4,0.0,0.0,0.0,4,0,0
0,11.3,71,1.2,0.9985,6.2,0.0,0.0,0.0,4,0,1
1,10.9,72,0.0,0.983,6.0,0.0,0.0,0.0,4,0,1
2,10.1,78,0.1,0.9435,6.4,0.0,0.0,0.0,4,0,1
3,9.5,77,0.4,0.8055,5.6,0.0,0.0,0.0,4,0,1
4,8.9,75,0.4,0.9385,4.7,0.0,0.0,0.0,4,0,1
5,8.1,76,0.6,0.6545,4.1,0.0,0.0,0.0,4,0,1
6,7.5,79,0.6,0.5125,4.0,0.0,0.0,0.0,4,0,1
7,7.0,82,0.5,0.4335,4.1,0.0,0.0,0.0,4,0,1
8,7.8,70,1.4,0.517,2.6,0.29,0.0,0.0,4,0,1
9,10.4,60,1.3,0.663,2.9,0.99,0.0,0.0,4,0,1
10,13.0,49,0.5,0.8425,2.5,1.61,0.0,0.0,4,0,1
11,16.2,39,1.6,0.79,2.2,2.05,0.0,0.0,4,0,1
12,17.7,33,2.2,0.778,1.2,2.37,0.0,0.0,4,0,1
13,19.4,26,1.1,0.971,-0.6,2.45,0.0,0.0,4,0,1
14,20.0,22,1.6,0.975,-2.3,2.29,0.0,0.0,4,0,1
15,21.3,24,1.5,0.916,-0.1,1.91,0.0,0.0,4,0,1
16,20.9,20,2.0,0.988,-2.9,1.35,0.0,0.0,4,0,1
17,19.2,23,1.5,1.0,-2.4,0.62,0.0,0.0,4,0,1
18,16.6,41,2.4,0.9055,3.2,0.04,0.0,0.0,4,0,1
19,14.6,48,1.9,0.999,3.6,0.0,0.0,0.0,4,0,1
20,13.7,51,1.0,0.977,3.7,0.0,0.0,0.0,4,0,1
21,13.3,55,2.0,0.777,4.4,0.0,0.0,0.0,4,0,1
22,12.7,58,0.0,0.74,4.6,0.0,0.0,0.0,4,0,1
23,11.7,58,0.0,0.7835,3.6,0.0,0.0,0.0,4,0,1
0,11.2,62,0.0,0.8065,4.1,0.0,0.0,0.0,4,0,1
1,10.6,60,0.5,0.821,3.1,0.0,0.0,0.0,4,0,1
2,9.8,63,0.6,0.7955,3.0,0.0,0.0,0.0,4,0,1
3,9.2,68,0.4,0.769,3.5,0.0,0.0,0.0,4,0,1
4,8.8,71,0.9,0.758,3.8,0.0,0.0,0.0,4,0,1
5,8.2,73,1.3,0.6525,3.6,0.0,0.0,0.0,4,0,1
6,7.6,75,0.6,0.5905,3.4,0.0,0.0,0.0,4,0,1
7,7.2,76,0.5,0.5565,3.2,0.0,0.0,0.0,4,0,1
8,7.9,67,1.1,0.605,2.1,0.28,0.0,0.0,4,0,1
9,10.5,56,1.2,0.8705,2.0,0.98,0.0,0.0,4,0,1
10,13.4,46,0.8,0.859,1.9,1.61,0.0,0.0,4,0,1
11,16.8,38,1.5,0.663,2.3,2.07,0.0,0.0,4,0,1
12,18.4,28,1.9,0.845,-0.4,2.33,0.0,0.0,4,0,1
13,19.3,24,1.5,0.8725,-1.8,2.4,0.0,0.0,4,0,1
14,20.1,23,2.3,0.948,-1.7,2.23,0.0,0.0,4,0,1
15,20.9,23,1.5,0.946,-1.0,1.87,0.0,0.0,4,0,1
16,20.2,24,2.5,0.9405,-1.0,1.31,0.0,0.0,4,0,1
17,18.8,24,2.1,1.0,-2.2,0.63,0.0,0.0,4,0,1
18,16.2,41,1.4,0.9535,2.9,0.06,0.0,0.0,4,0,1
19,14.9,46,1.4,0.7275,3.3,0.0,0.0,0.0,4,0,1
20,13.8,52,1.6,0.6705,4.0,0.0,0.0,0.0,4,0,1
21,13.0,49,1.0,0.851,2.5,0.0,0.0,0.0,4,0,1
22,12.2,57,0.0,0.772,3.9,0.0,0.0,0.0,4,0,1
23,11.8,56,0.0,0.8275,3.2,0.0,0.0,0.0,4,0,1
0,11.4,56,0.2,0.889,2.9,0.0,0.0,0.0,4,0,0
1,10.7,57,0.9,0.914,2.5,0.0,0.0,0.0,4,0,0
2,10.5,57,0.2,0.9185,2.3,0.0,0.0,0.0,4,0,0
3,10.2,60,1.0,0.898,2.7,0.0,0.0,0.0,4,0,0
4,10.0,62,0.6,0.8795,3.0,0.0,0.0,0.0,4,0,0
5,9.4,65,0.8,0.8295,3.1,0.0,0.0,0.0,4,0,0
6,9.2,65,0.8,0.8445,2.9,0.0,0.0,0.0,4,0,0
7,8.9,67,0.8,0.7785,3.0,0.0,0.0,0.0,4,0,0
8,9.7,58,0.6,0.7795,1.8,0.22,0.0,0.0,4,0,0
9,11.9,50,1.1,0.7645,1.7,0.75,0.0,0.0,4,0,0
10,14.6,43,0.7,0.6695,2.1,1.35,0.0,0.0,4,0,0
11,16.7,37,0.7,0.537,1.9,1.74,0.0,0.0,4,0,0
12,18.2,34,1.0,0.379,2.0,2.03,0.0,0.0,4,0,0
13,19.4,35,1.2,0.339,3.5,1.73,0.0,0.0,4,0,0
14,20.6,30,2.2,0.4195,2.3,1.69,0.0,0.0,4,0,0
15,20.2,31,1.6,0.4275,2.5,1.25,0.0,0.0,4,0,0
16,19.7,34,1.6,0.344,3.3,0.88,0.0,0.0,4,0,0
17,18.9,35,1.7,0.36,3.0,0.41,0.0,0.0,4,0,0
18,17.3,43,0.9,0.3915,4.5,0.08,0.0,0.0,4,0,0
19,15.6,44,1.5,0.414,3.3,0.0,0.0,0.0,4,0,0
20,14.5,51,1.4,0.3755,4.4,0.0,0.0,0.0,4,0,0
21,13.4,56,0.7,0.379,4.7,0.0,0.0,0.0,4,0,0
22,12.7,60,0.0,0.34,5.1,0.0,0.0,0.0,4,0,0
23,12.0,59,0.4,0.3425,4.2,0.0,0.0,0.0,4,0,0
0,11.6,61,0.7,0.3365,4.3,0.0,0.0,0.0,4,0,0
1,11.1,62,0.2,0.333,4.0,0.0,0.0,0.0,4,0,0
2,10.6,68,0.9,0.3015,4.9,0.0,0.0,0.0,4,0,0
3,10.1,70,1.1,0.303,4.8,0.0,0.0,0.0,4,0,0
4,10.0,73,0.9,0.311,5.3,0.0,0.0,0.0,4,0,0
5,10.0,73,0.5,0.2965,5.3,0.0,0.0,0.0,4,0,0
6,9.9,75,1.0,0.28,5.6,0.0,0.0,0.0,4,0,0
7,10.4,71,0.6,0.2785,5.3,0.0,0.0,0.0,4,0,0
8,11.0,78,0.8,0.206,7.3,0.03,0.0,0.0,4,0,0
9,11.7,77,0.8,0.197,7.7,0.25,0.0,0.0,4,0,0
10,13.8,65,1.1,0.2375,7.3,1.06,0.0,0.0,4,0,0
11,13.0,70,5.0,0.4945,7.6,0.5,0.0,0.0,4,0,0
12,11.5,90,1.2,0.4865,9.9,0.06,5.0,0.0,4,0,0
13,13.5,82,0.8,0.481,10.4,1.33,0.0,0.0,4,0,0
14,15.1,71,0.9,0.4865,9.8,1.62,0.0,0.0,4,0,0
15,16.6,68,1.5,0.4775,10.6,1.55,0.0,0.0,4,0,0
16,16.1,70,1.3,0.449,10.6,0.83,0.0,0.0,4,0,0
17,15.7,63,3.2,0.559,8.6,0.39,0.0,0.0,4,0,0
18,14.5,71,2.1,0.6175,9.2,0.06,0.0,0.0,4,0,0
19,14.0,70,1.6,0.6325,8.6,0.0,0.0,0.0,4,0,0
20,13.6,70,1.4,0.696,8.2,0.0,0.0,0.0,4,0,0
21,12.6,70,1.2,0.7125,7.2,0.0,0.0,0.0,4,0,0
22,12.3,73,0.9,0.696,7.5,0.0,0.0,0.0,4,0,0
23,11.2,78,0.5,0.401,7.4,0.0,0.0,0.0,4,0,0
0,10.8,80,1.0,0.5755,7.4,0.0,0.0,0.0,4,0,0
1,10.2,84,1.2,0.518,7.6,0.0,0.0,0.0,4,0,0
2,9.5,87,1.0,0.4595,7.4,0.0,0.0,0.0,4,0,0
3,9.4,85,1.6,0.4915,6.9,0.0,0.0,0.0,4,0,0
4,9.0,87,0.6,0.486,6.9,0.0,0.0,0.0,4,0,0
5,8.5,87,1.2,0.523,6.4,0.0,0.0,0.0,4,0,0
6,8.1,88,0.9,0.4155,6.2,0.0,0.0,0.0,4,0,0
7,7.8,90,0.6,0.3815,6.2,0.0,0.0,0.0,4,0,0
8,8.1,85,1.2,0.386,5.7,0.26,0.0,0.0,4,0,0
9,10.1,72,1.1,0.364,5.2,0.9,0.0,0.0,4,0,0
10,13.0,63,0.9,0.427,6.1,1.5,0.0,0.0,4,0,0
11,15.7,53,1.0,0.586,6.1,1.99,0.0,0.0,4,0,0
12,16.8,48,1.6,0.8365,5.7,2.1,0.0,0.0,4,0,0
13,17.2,43,2.3,0.9175,4.4,1.68,0.0,0.0,4,0,0
14,17.6,39,2.5,0.982,3.4,1.63,0.0,0.0,4,0,0
15,18.0,40,3.0,0.904,4.1,1.71,0.0,0.0,4,0,0
16,18.2,42,1.3,0.988,5.0,1.22,0.0,0.0,4,0,0
17,17.0,47,2.2,0.9945,5.5,0.59,0.0,0.0,4,0,0
18,15.1,53,1.7,1.0,5.5,0.06,0.0,0.0,4,0,0
19,13.9,61,1.9,1.0,6.4,0.0,0.0,0.0,4,0,0
20,13.1,63,0.4,1.0,6.2,0.0,0.0,0.0,4,0,0
21,12.1,67,1.0,0.9885,6.1,0.0,0.0,0.0,4,0,0
22,11.6,71,0.2,0.929,6.5,0.0,0.0,0.0,4,0,0
23,11.0,74,0.1,0.9085,6.5,0.0,0.0,0.0,4,0,0
0,10.5,75,0.3,0.9,6.2,0.0,0.0,0.0,4,0,0
1,10.0,78,0.4,0.8345,6.3,0.0,0.0,0.0,4,0,0
2,9.1,79,0.5,0.8125,5.6,0.0,0.0,0.0,4,0,0
3,9.1,79,0.2,0.8445,5.6,0.0,0.0,0.0,4,0,0
4,8.5,83,1.2,0.7885,5.7,0.0,0.0,0.0,4,0,0
5,7.8,85,0.9,0.771,5.4,0.0,0.0,0.0,4,0,0
6,7.5,86,1.3,0.6505,5.3,0.0,0.0,0.0,4,0,0
7,7.3,85,1.4,0.5195,4.9,0.0,0.0,0.0,4,0,0
8,7.9,76,1.2,0.645,3.9,0.25,0.0,0.0,4,0,0
9,10.3,64,1.0,0.772,3.7,0.91,0.0,0.0,4,0,0
10,13.4,53,1.1,0.884,4.0,1.53,0.0,0.0,4,0,0
11,16.4,43,0.7,0.8565,3.7,1.96,0.0,0.0,4,0,0
12,18.2,37,1.4,0.9305,3.2,2.25,0.0,0.0,4,0,0
13,19.4,32,1.1,0.8935,2.2,2.31,0.0,0.0,4,0,0
14,20.6,31,1.4,0.781,2.8,1.7,0.0,0.0,4,0,0
15,20.6,32,1.4,0.8255,3.3,1.4,0.0,0.0,4,0,0
16,20.4,32,0.9,0.86,3.1,0.84,0.0,0.0,4,0,0
17,19.2,36,0.7,0.8215,3.7,0.38,0.0,0.0,4,0,0
18,17.3,39,1.3,0.8205,3.1,0.03,0.0,0.0,4,0,0
19,16.4,47,1.0,0.847,5.0,0.0,0.0,0.0,4,0,0
20,15.3,50,0.5,0.8235,4.9,0.0,0.0,0.0,4,0,0
21,14.5,50,0.7,0.8705,4.1,0.0,0.0,0.0,4,0,0
22,13.6,56,1.0,0.8055,4.9,0.0,0.0,0.0,4,0,0
23,12.5,59,0.8,0.801,4.6,0.0,0.0,0.0,4,0,0
0,12.5,57,0.9,0.9385,4.1,0.0,0.0,0.0,4,0,0
1,12.7,56,1.2,0.976,4.1,0.0,0.0,0.0,4,0,0
2,12.8,59,0.9,0.902,4.9,0.0,0.0,0.0,4,0,0
3,12.8,57,0.5,0.8575,4.4,0.0,0.0,0.0,4,0,0
4,12.6,60,0.6,0.824,5.0,0.0,0.0,0.0,4,0,0
5,12.4,60,0.8,0.7815,4.8,0.0,0.0,0.0,4,0,0
6,12.6,64,1.3,0.674,5.9,0.0,0.0,0.0,4,0,0
7,12.6,63,0.8,0.6325,5.7,0.0,0.0,0.0,4,0,0
8,12.1,81,0.8,0.353,8.9,0.0,0.5,0.0,4,0,0
9,12.0,86,0.8,0.2025,9.7,0.07,0.5,0.0,4,0,0
10,12.9,84,1.0,0.267,10.2,0.27,0.0,0.0,4,0,0
11,12.4,87,1.0,0.1585,10.2,0.24,1.0,0.0,4,0,0
12,12.4,90,1.1,0.1485,10.7,0.19,1.0,0.0,4,0,0
13,12.6,87,2.3,0.2695,10.4,0.13,1.5,0.0,4,0,0
14,12.7,95,1.9,0.1275,11.9,0.09,5.5,0.0,4,0,0
15,14.0,87,1.2,0.741,11.8,0.68,1.0,0.0,4,0,0
16,14.5,81,1.8,0.794,11.2,0.78,0.0,0.0,4,0,0
17,14.3,77,2.9,0.983,10.3,0.5,0.0,0.0,4,0,0
18,13.1,74,1.6,0.9945,8.5,0.05,0.0,0.0,4,0,0
19,12.9,66,2.5,0.9985,6.6,0.0,0.0,0.0,4,0,0
20,12.2,67,5.4,0.978,6.2,0.0,0.0,0.0,4,0,0
21,10.6,70,2.4,1.0,5.3,0.0,0.0,0.0,4,0,0
22,10.5,72,2.4,1.0,5.6,0.0,0.0,0.0,4,0,0
23,10.2,64,3.9,1.0,3.6,0.0,0.0,0.0,4,0,0
0,9.9,65,3.2,1.0,3.6,0.0,0.0,0.0,4,0,1
1,9.9,62,3.5,1.0,2.9,0.0,0.0,0.0,4,0,1
2,9.5,58,3.0,1.0,1.6,0.0,0.0,0.0,4,0,1
3,9.1,60,2.8,1.0,1.7,0.0,0.0,0.0,4,0,1
4,8.8,61,2.8,1.0,1.6,0.0,0.0,0.0,4,0,1
5,8.0,65,1.6,1.0,1.8,0.0,0.0,0.0,4,0,1
6,7.4,66,2.3,1.0,1.4,0.0,0.0,0.0,4,0,1
7,7.3,65,3.2,1.0,1.1,0.0,0.0,0.0,4,0,1
8,7.7,62,2.4,0.9925,0.8,0.23,0.0,0.0,4,0,1
9,8.3,55,4.0,0.9265,-0.2,0.89,0.0,0.0,4,0,1
10,9.5,46,3.7,0.9355,-1.5,1.49,0.0,0.0,4,0,1
11,10.4,42,4.1,0.994,-1.9,2.01,0.0,0.0,4,0,1
12,10.4,41,4.9,0.983,-2.3,1.33,0.0,0.0,4,0,1
13,10.6,38,4.6,1.0,-3.1,1.63,0.0,0.0,4,0,1
14,10.8,37,4.4,1.0,-3.3,1.29,0.0,0.0,4,0,1
15,11.4,32,3.8,1.0,-4.7,1.21,0.0,0.0,4,0,1
16,10.6,35,3.3,1.0,-4.2,1.02,0.0,0.0,4,0,1
17,9.5,34,5.7,1.0,-5.6,0.45,0.0,0.0,4,0,1
18,8.9,39,3.5,1.0,-4.3,0.05,0.0,0.0,4,0,1
19,8.0,42,2.9,1.0,-4.1,0.0,0.0,0.0,4,0,1
20,7.6,44,4.2,1.0,-3.8,0.0,0.0,0.0,4,0,1
21,7.3,49,3.4,1.0,-2.7,0.0,0.0,0.0,4,0,1
22,6.6,51,1.8,1.0,-2.8,0.0,0.0,0.0,4,0,1
23,6.3,52,1.8,1.0,-2.8,0.0,0.0,0.0,4,0,1
0,6.7,55,1.5,1.0,-1.7,0.0,0.0,0.0,4,0,1
1,6.9,55,1.8,1.0,-1.5,0.0,0.0,0.0,4,0,1
2,6.6,59,0.4,1.0,-0.8,0.0,0.0,0.0,4,0,1
3,6.2,59,0.6,1.0,-1.2,0.0,0.0,0.0,4,0,1
4,6.8,65,1.1,1.0,0.6,0.0,0.0,0.0,4,0,1
5,7.2,68,2.5,0.87,1.6,0.0,0.0,0.0,4,0,1
6,6.9,86,1.7,0.994,4.7,0.0,1.5,0.0,4,0,1
7,6.9,88,0.9,0.9955,5.0,0.0,0.0,0.0,4,0,1
8,6.8,89,1.4,0.928,5.1,0.05,0.0,0.0,4,0,1
9,7.3,90,1.1,0.9445,5.7,0.12,2.5,0.0,4,0,1
10,8.2,89,0.4,0.6825,6.4,0.39,0.0,0.0,4,0,1
11,9.4,86,1.2,0.61,7.1,0.75,0.0,0.0,4,0,1
12,11.9,74,1.6,0.9005,7.4,1.84,0.0,0.0,4,0,1
13,12.1,75,1.2,0.8875,7.7,0.99,0.0,0.0,4,0,1
14,12.4,72,1.9,0.93,7.4,1.06,0.0,0.0,4,0,1
15,12.2,67,3.3,1.0,6.2,0.86,0.0,0.0,4,0,1
16,12.2,65,1.9,1.0,5.8,0.52,0.0,0.0,4,0,1
17,9.4,85,1.2,1.0,6.9,0.07,1.5,0.0,4,0,1
18,8.9,85,1.8,1.0,6.5,0.01,0.0,0.0,4,0,1
19,8.4,85,1.2,1.0,6.0,0.0,0.0,0.0,4,0,1
20,8.2,82,2.8,1.0,5.3,0.0,0.0,0.0,4,0,1
21,7.6,75,1.1,1.0,3.4,0.0,0.0,0.0,4,0,1
22,6.7,76,0.6,1.0,2.7,0.0,0.0,0.0,4,0,1
23,6.0,74,1.1,1.0,1.7,0.0,0.0,0.0,4,0,1
0,5.3,81,1.7,0.9965,2.2,0.0,0.0,0.0,4,0,0
1,5.1,83,1.1,0.9945,2.4,0.0,0.0,0.0,4,0,0
2,4.7,81,1.0,0.959,1.7,0.0,0.0,0.0,4,0,0
3,5.0,67,0.8,1.0,-0.6,0.0,0.0,0.0,4,0,0
4,5.6,66,0.7,1.0,-0.2,0.0,0.0,0.0,4,0,0
5,5.1,76,0.7,1.0,1.2,0.0,0.0,0.0,4,0,0
6,4.7,76,0.6,1.0,0.8,0.0,0.0,0.0,4,0,0
7,4.6,76,0.7,1.0,0.7,0.0,0.0,0.0,4,0,0
8,5.1,67,0.3,0.9905,-0.5,0.24,0.0,0.0,4,0,0
9,7.5,53,1.6,0.9905,-1.4,1.01,0.0,0.0,4,0,0
10,9.6,43,1.8,0.965,-2.3,1.49,0.0,0.0,4,0,0
11,11.0,46,2.6,0.973,-0.1,1.97,0.0,0.0,4,0,0
12,10.8,49,2.7,1.0,0.4,1.45,0.0,0.0,4,0,0
13,10.4,49,2.7,1.0,0.1,0.54,0.0,0.0,4,0,0
14,11.3,39,3.7,1.0,-2.1,1.18,0.0,0.0,4,0,0
15,11.0,46,3.4,1.0,-0.1,0.57,0.0,0.0,4,0,0
16,11.3,41,3.6,1.0,-1.4,0.94,0.0,0.0,4,0,0
17,10.0,43,4.9,1.0,-2.0,0.43,0.0,0.0,4,0,0
18,9.4,51,3.4,1.0,-0.2,0.02,0.0,0.0,4,0,0
19,8.1,53,3.7,1.0,-0.9,0.0,0.0,0.0,4,0,0
20,6.8,59,3.2,1.0,-0.6,0.0,0.0,0.0,4,0,0
21,5.7,61,2.3,1.0,-1.2,0.0,0.0,0.0,4,0,0
22,5.1,58,2.2,1.0,-2.4,0.0,0.0,0.0,4,0,0
23,4.3,58,1.4,1.0,-3.2,0.0,0.0,0.0,4,0,0
0,3.4,55,1.5,1.0,-4.8,0.0,0.0,0.0,4,0,0
1,3.0,55,1.0,1.0,-5.1,0.0,0.0,0.0,4,0,0
2,2.1,56,0.5,1.0,-5.7,0.0,0.0,0.0,4,0,0
3,1.7,59,0.5,1.0,-5.4,0.0,0.0,0.0,4,0,0
4,1.6,63,0.3,1.0,-4.6,0.0,0.0,0.0,4,0,0
5,1.1,68,0.6,1.0,-4.1,0.0,0.0,0.0,4,0,0
6,0.8,69,1.4,1.0,-4.2,0.0,0.0,0.0,4,0,0
7,1.3,65,1.2,1.0,-4.5,0.0,0.0,0.0,4,0,0
8,1.4,58,0.9,0.9415,-5.9,0.15,0.0,0.0,4,0,0
9,3.7,49,1.9,0.9805,-6.0,0.89,0.0,0.0,4,0,0
10,6.1,38,2.5,0.957,-7.1,1.51,0.0,0.0,4,0,0
11,7.5,36,1.4,0.9965,-6.6,1.98,0.0,0.0,4,0,0
12,8.5,34,1.5,0.946,-6.4,2.21,0.0,0.0,4,0,0
13,9.8,33,1.8,0.9685,-5.7,2.3,0.0,0.0,4,0,0
14,10.7,33,1.7,1.0,-4.9,2.12,0.0,0.0,4,0,0
15,10.9,33,2.6,0.9815,-4.7,1.73,0.0,0.0,4,0,0
16,11.0,34,2.3,0.9995,-4.2,1.16,0.0,0.0,4,0,0
17,9.9,40,2.6,1.0,-3.0,0.47,0.0,0.0,4,0,0
18,8.4,52,2.6,1.0,-0.9,0.03,0.0,0.0,4,0,0
19,8.0,52,2.1,1.0,-1.2,0.0,0.0,0.0,4,0,0
20,7.6,59,1.1,1.0,0.0,0.0,0.0,0.0,4,0,0
21,7.6,55,2.0,1.0,-0.8,0.0,0.0,0.0,4,0,0
22,7.6,50,1.8,1.0,-2.1,0.0,0.0,0.0,4,0,0
23,7.7,50,1.0,0.994,-2.0,0.0,0.0,0.0,4,0,0
0,7.1,59,1.7,1.0,-0.3,0.0,0.0,0.0,4,0,0
1,6.6,66,1.0,1.0,0.6,0.0,0.0,0.0,4,0,0
2,6.4,65,0.0,1.0,0.2,0.0,0.0,0.0,4,0,0
3,5.6,69,0.1,1.0,0.3,0.0,0.0,0.0,4,0,0
4,5.0,71,1.4,0.997,0.1,0.0,0.0,0.0,4,0,0
5,4.1,74,0.9,1.0,-0.1,0.0,0.0,0.0,4,0,0
6,3.6,75,0.8,1.0,-0.4,0.0,0.0,0.0,4,0,0
7,3.2,74,0.9,1.0,-0.9,0.0,0.0,0.0,4,0,0
8,3.7,67,1.8,0.9935,-1.8,0.15,0.0,0.0,4,0,0
9,5.1,56,1.8,0.9125,-2.9,0.89,0.0,0.0,4,0,0
10,7.2,49,2.2,0.946,-2.8,1.51,0.0,0.0,4,0,0
11,8.7,41,2.6,0.9535,-3.8,1.96,0.0,0.0,4,0,0
12,10.0,39,2.0,1.0,-3.3,2.2,0.0,0.0,4,0,0
13,11.2,34,2.6,0.97,-4.1,2.26,0.0,0.0,4,0,0
14,11.9,34,2.4,0.9175,-3.4,2.12,0.0,0.0,4,0,0
15,12.0,35,3.0,0.954,-3.0,1.72,0.0,0.0,4,0,0
16,11.8,34,2.3,0.9895,-3.5,1.16,0.0,0.0,4,0,0
17,11.3,41,1.8,1.0,-1.4,0.51,0.0,0.0,4,0,0
18,9.4,48,2.0,1.0,-1.0,0.03,0.0,0.0,4,0,0
19,8.4,53,1.0,1.0,-0.6,0.0,0.0,0.0,4,0,0
20,7.6,59,0.7,1.0,0.0,0.0,0.0,0.0,4,0,0
21,7.6,59,3.0,0.9645,0.0,0.0,0.0,0.0,4,0,0
22,6.8,58,2.2,0.968,-0.9,0.0,0.0,0.0,4,0,0
23,6.4,60,1.8,0.965,-0.8,0.0,0.0,0.0,4,0,0
0,5.7,62,2.3,0.9545,-1.0,0.0,0.0,0.0,4,0,0
1,5.1,65,1.6,0.966,-0.9,0.0,0.0,0.0,4,0,0
2,4.4,64,1.4,1.0,-1.8,0.0,0.0,0.0,4,0,0
3,4.2,65,0.7,0.981,-1.8,0.0,0.0,0.0,4,0,0
4,3.6,70,0.8,0.967,-1.3,0.0,0.0,0.0,4,0,0
5,3.3,72,0.0,0.973,-1.2,0.0,0.0,0.0,4,0,0
6,2.9,75,0.2,0.8805,-1.1,0.0,0.0,0.0,4,0,0
7,2.5,75,0.5,0.8815,-1.4,0.0,0.0,0.0,4,0,0
8,2.8,74,0.9,0.683,-1.3,0.13,0.0,0.0,4,0,0
9,4.7,60,0.9,0.6095,-2.4,0.82,0.0,0.0,4,0,0
10,8.1,51,0.7,0.55,-1.4,1.38,0.0,0.0,4,0,0
11,11.1,46,1.6,0.759,-0.1,1.84,0.0,0.0,4,0,0
12,12.6,36,2.6,0.8925,-2.1,2.14,0.0,0.0,4,0,0
13,13.6,32,1.8,0.907,-2.8,2.22,0.0,0.0,4,0,0
14,14.9,31,2.5,0.936,-2.1,2.06,0.0,0.0,4,0,0
15,14.8,30,2.7,0.995,-2.6,1.71,0.0,0.0,4,0,0
16,14.7,32,2.0,0.967,-1.8,1.13,0.0,0.0,4,0,0
17,13.7,37,1.4,1.0,-0.7,0.49,0.0,0.0,4,0,0
18,11.8,43,1.3,0.9975,-0.3,0.03,0.0,0.0,4,0,0
19,10.5,49,1.2,0.9825,0.2,0.0,0.0,0.0,4,0,0
20,9.9,53,1.7,0.934,0.7,0.0,0.0,0.0,4,0,0
21,9.3,54,1.1,0.9875,0.4,0.0,0.0,0.0,4,0,0
22,8.3,61,0.2,0.9045,1.2,0.0,0.0,0.0,4,0,0
23,7.8,63,0.4,0.7735,1.1,0.0,0.0,0.0,4,0,0
0,7.2,64,1.0,0.8195,0.8,0.0,0.0,0.0,4,0,0
1,6.6,69,0.0,0.756,1.3,0.0,0.0,0.0,4,0,0
2,6.1,68,0.5,0.7595,0.6,0.0,0.0,0.0,4,0,0
3,5.7,72,0.8,0.684,1.0,0.0,0.0,0.0,4,0,0
4,5.2,74,1.3,0.693,0.9,0.0,0.0,0.0,4,0,0
5,4.8,75,0.7,0.7355,0.7,0.0,0.0,0.0,4,0,0
6,4.5,77,1.0,0.705,0.8,0.0,0.0,0.0,4,0,0
7,4.1,75,0.8,0.5715,0.0,0.0,0.0,0.0,4,0,0
8,4.7,72,1.0,0.653,0.0,0.12,0.0,0.0,4,0,0
9,7.0,57,0.7,0.7765,-0.9,0.79,0.0,0.0,4,0,0
10,10.0,49,1.2,0.7055,-0.2,1.4,0.0,0.0,4,0,0
11,12.8,44,1.0,0.6345,0.8,1.84,0.0,0.0,4,0,0
12,14.9,40,1.1,0.644,1.4,2.06,0.0,0.0,4,0,0
13,16.5,37,1.2,0.7,1.7,2.12,0.0,0.0,4,0,0
14,18.0,31,1.2,0.753,0.5,1.98,0.0,0.0,4,0,0
15,18.6,31,1.4,0.7875,1.1,1.63,0.0,0.0,4,0,0
16,18.8,32,1.4,0.8585,1.7,1.09,0.0,0.0,4,0,0
17,17.0,36,1.5,0.836,1.8,0.47,0.0,0.0,4,0,0
18,14.6,42,1.4,0.714,1.8,0.02,0.0,0.0,4,0,0
19,12.8,40,1.4,0.935,-0.4,0.0,0.0,0.0,4,0,0
20,11.7,45,1.2,0.874,0.1,0.0,0.0,0.0,4,0,0
21,10.8,57,2.0,0.6095,2.6,0.0,0.0,0.0,4,0,0
22,10.0,56,2.0,0.645,1.6,0.0,0.0,0.0,4,0,0
23,9.7,56,1.3,0.7115,1.3,0.0,0.0,0.0,4,0,0
0,8.8,63,0.6,0.657,2.1,0.0,0.0,0.0,4,0,1
1,8.5,61,0.2,0.6365,1.3,0.0,0.0,0.0,4,0,1
2,7.6,68,1.2,0.585,2.0,0.0,0.0,0.0,4,0,1
3,7.1,67,0.6,0.6145,1.3,0.0,0.0,0.0,4,0,1
4,6.3,72,1.0,0.552,1.6,0.0,0.0,0.0,4,0,1
5,6.1,75,1.0,0.5265,1.9,0.0,0.0,0.0,4,0,1
6,5.5,78,0.6,0.4915,1.9,0.0,0.0,0.0,4,0,1
7,5.2,79,1.3,0.447,1.8,0.0,0.0,0.0,4,0,1
8,5.4,75,0.4,0.4525,1.3,0.11,0.0,0.0,4,0,1
9,7.9,58,1.3,0.5165,0.1,0.8,0.0,0.0,4,0,1
10,11.0,49,0.7,0.4785,0.6,1.4,0.0,0.0,4,0,1
11,14.5,42,1.6,0.445,1.7,1.85,0.0,0.0,4,0,1
12,16.5,37,1.8,0.53,1.7,2.14,0.0,0.0,4,0,1
13,17.8,29,2.0,0.664,-0.4,2.17,0.0,0.0,4,0,1
14,18.1,24,2.4,0.797,-2.8,1.97,0.0,0.0,4,0,1
15,18.5,25,1.6,0.862,-1.9,1.63,0.0,0.0,4,0,1
16,18.7,25,2.1,0.8025,-1.7,1.07,0.0,0.0,4,0,1
17,16.7,45,2.2,0.386,4.6,0.43,0.0,0.0,4,0,1
18,14.2,51,1.5,0.495,4.1,0.02,0.0,0.0,4,0,1
19,13.4,62,1.6,0.37,6.2,0.0,0.0,0.0,4,0,1
20,12.1,68,0.8,0.296,6.3,0.0,0.0,0.0,4,0,1
21,11.1,69,0.9,0.3095,5.6,0.0,0.0,0.0,4,0,1
22,10.0,68,1.1,0.3955,4.3,0.0,0.0,0.0,4,0,1
23,9.2,65,1.2,0.532,2.9,0.0,0.0,0.0,4,0,1
0,9.1,63,0.6,0.646,2.4,0.0,0.0,0.0,4,0,1
1,8.6,60,1.1,0.708,1.2,0.0,0.0,0.0,4,0,1
2,8.2,62,0.2,0.7075,1.3,0.0,0.0,0.0,4,0,1
3,7.6,66,0.9,0.716,1.6,0.0,0.0,0.0,4,0,1
4,6.9,70,1.5,0.657,1.7,0.0,0.0,0.0,4,0,1
5,6.6,73,0.3,0.6095,2.0,0.0,0.0,0.0,4,0,1
6,6.2,73,0.3,0.509,1.7,0.0,0.0,0.0,4,0,1
7,5.8,79,1.0,0.431,2.4,0.0,0.0,0.0,4,0,1
8,5.7,78,1.1,0.357,2.1,0.09,0.0,0.0,4,0,1
9,7.5,60,0.5,0.3625,0.2,0.79,0.0,0.0,4,0,1
10,11.1,51,0.8,0.3395,1.3,1.38,0.0,0.0,4,0,1
11,14.8,46,2.0,0.384,3.2,1.83,0.0,0.0,4,0,1
12,16.3,33,2.9,0.765,0.0,2.13,0.0,0.0,4,0,1
13,18.3,26,1.2,0.7515,-1.5,2.17,0.0,0.0,4,0,1
14,19.3,28,1.7,0.604,0.3,1.93,0.0,0.0,4,0,1
15,19.0,25,2.1,0.874,-1.5,1.6,0.0,0.0,4,0,1
16,18.4,25,3.2,0.9545,-2.0,1.05,0.0,0.0,4,0,1
17,16.9,33,2.2,0.986,0.5,0.43,0.0,0.0,4,0,1
18,14.5,46,2.6,0.809,3.0,0.01,0.0,0.0,4,0,1
19,12.9,56,2.5,0.6725,4.3,0.0,0.0,0.0,4,0,1
20,12.7,59,1.2,0.5885,4.8,0.0,0.0,0.0,4,0,1
21,11.8,62,0.7,0.515,4.7,0.0,0.0,0.0,4,0,1
22,11.2,67,1.3,0.47,5.2,0.0,0.0,0.0,4,0,1
23,10.6,73,1.3,0.4655,5.9,0.0,0.0,0.0,4,0,1
0,10.1,75,0.0,0.461,5.8,0.0,0.0,0.0,4,0,0
1,9.3,78,0.1,0.414,5.6,0.0,0.0,0.0,4,0,0
2,8.8,81,0.0,0.3865,5.7,0.0,0.0,0.0,4,0,0
3,8.3,81,1.1,0.321,5.2,0.0,0.0,0.0,4,0,0
4,8.0,81,0.4,0.333,4.9,0.0,0.0,0.0,4,0,0
5,8.0,84,0.7,0.2845,5.4,0.0,0.0,0.0,4,0,0
6,7.2,83,0.8,0.318,4.4,0.0,0.0,0.0,4,0,0
7,7.0,86,1.1,0.2275,4.8,0.0,0.0,0.0,4,0,0
8,7.2,80,0.8,0.2575,3.9,0.13,0.0,0.0,4,0,0
9,8.9,67,1.1,0.289,3.0,0.69,0.0,0.0,4,0,0
10,11.8,59,0.9,0.308,4.0,1.23,0.0,0.0,4,0,0
11,13.8,47,1.2,0.497,2.6,1.71,0.0,0.0,4,0,0
12,16.4,48,2.1,0.3265,5.3,1.68,0.0,0.0,4,0,0
13,16.8,46,1.1,0.38,5.0,1.71,0.0,0.0,4,0,0
14,17.5,38,1.2,0.545,3.0,1.74,0.0,0.0,4,0,0
15,18.0,39,1.0,0.604,3.8,1.21,0.0,0.0,4,0,0
16,16.8,46,1.8,0.5205,5.0,0.72,0.0,0.0,4,0,0
17,15.7,49,2.0,0.626,5.0,0.26,0.0,0.0,4,0,0
18,14.5,54,1.3,0.6715,5.2,0.01,0.0,0.0,4,0,0
19,13.2,66,1.7,0.3525,6.9,0.0,0.0,0.0,4,0,0
20,12.7,75,2.0,0.2165,8.3,0.0,0.0,0.0,4,0,0
21,12.2,79,1.8,0.1755,8.6,0.0,0.0,0.0,4,0,0
22,11.6,81,1.2,0.168,8.4,0.0,0.0,0.0,4,0,0
23,10.9,82,0.1,0.173,7.9,0.0,0.0,0.0,4,0,0
0,10.0,73,0.5,0.35,5.3,0.0,0.0,0.0,4,0,0
1,9.8,75,0.5,0.334,5.5,0.0,0.0,0.0,4,0,0
2,9.7,78,0.0,0.3095,6.0,0.0,0.0,0.0,4,0,0
3,9.4,81,0.3,0.25,6.2,0.0,0.0,0.0,4,0,0
4,9.1,81,0.0,0.2465,6.0,0.0,0.0,0.0,4,0,0
5,8.8,84,0.6,0.21,6.2,0.0,0.0,0.0,4,0,0
6,8.5,83,0.7,0.2045,5.7,0.0,0.0,0.0,4,0,0
7,8.3,84,0.9,0.211,5.7,0.0,0.0,0.0,4,0,0
8,8.7,77,0.7,0.2645,4.8,0.11,0.0,0.0,4,0,0
9,10.1,68,0.2,0.289,4.4,0.33,0.0,0.0,4,0,0
10,11.7,62,0.5,0.2605,4.6,0.77,0.0,0.0,4,0,0
11,13.0,55,1.0,0.244,4.1,0.84,0.0,0.0,4,0,0
12,14.5,57,0.8,0.1865,6.0,1.08,0.0,0.0,4,0,0
13,16.1,56,1.7,0.164,7.3,1.54,0.0,0.0,4,0,0
14,17.4,50,2.4,0.168,6.8,1.52,0.0,0.0,4,0,0
15,16.3,54,1.6,0.187,6.9,0.76,0.0,0.0,4,0,0
16,16.6,55,1.3,0.167,7.5,0.66,0.0,0.0,4,0,0
17,15.3,63,1.2,0.13,8.2,0.23,0.0,0.0,4,0,0
18,14.0,71,1.5,0.1005,8.8,0.01,0.0,0.0,4,0,0
19,13.3,72,1.1,0.117,8.3,0.0,0.0,0.0,4,0,0
20,13.2,73,1.1,0.123,8.4,0.0,0.0,0.0,4,0,0
21,13.0,76,0.9,0.1155,8.8,0.0,0.0,0.0,4,0,0
22,12.3,73,1.2,0.1385,7.5,0.0,0.0,0.0,4,0,0
23,12.2,74,1.1,0.1455,7.6,0.0,0.0,0.0,4,0,0
0,11.9,74,1.6,0.1435,7.4,0.0,0.0,0.0,4,0,0
1,11.9,76,1.4,0.143,7.7,0.0,0.0,0.0,4,0,0
2,12.0,81,1.3,0.1475,8.8,0.0,0.0,0.0,4,0,0
3,10.8,88,1.0,0.0725,8.8,0.0,0.5,0.0,4,0,0
4,10.6,95,0.7,0.047,9.8,0.0,0.0,0.0,4,0,0
5,11.1,95,0.2,0.0585,10.3,0.0,0.0,0.0,4,0,0
6,11.0,91,1.0,0.062,9.5,0.0,1.0,0.0,4,0,0
7,10.8,91,1.3,0.108,9.3,0.0,0.0,0.0,4,0,0
8,11.3,89,1.1,0.1395,9.5,0.01,0.0,0.0,4,0,0
9,11.2,86,1.0,0.186,8.9,0.09,0.5,0.0,4,0,0
10,11.9,84,0.9,0.241,9.2,0.2,0.0,0.0,4,0,0
11,12.4,82,0.6,0.2535,9.4,0.34,0.0,0.0,4,0,0
12,13.2,77,1.3,0.2945,9.2,0.5,0.0,0.0,4,0,0
13,14.5,74,1.3,0.305,9.9,0.75,0.0,0.0,4,0,0
14,15.5,68,1.4,0.3465,9.6,1.15,0.0,0.0,4,0,0
15,15.4,72,1.1,0.304,10.3,0.57,0.0,0.0,4,0,0
16,15.2,72,1.2,0.3125,10.1,0.4,0.0,0.0,4,0,0
17,14.9,73,0.9,0.427,10.0,0.04,0.0,0.0,4,0,0
18,14.4,77,1.0,0.456,10.4,0.0,0.0,0.0,4,0,0
19,13.8,81,1.5,0.38,10.5,0.0,0.0,0.0,4,0,0
20,13.3,77,1.6,0.4165,9.3,0.0,0.0,0.0,4,0,0
21,13.5,75,0.8,0.6375,9.1,0.0,0.0,0.0,4,0,0
22,13.2,74,1.4,0.7035,8.6,0.0,0.0,0.0,4,0,0
23,12.9,72,1.4,1.0,7.9,0.0,0.0,0.0,4,0,0
0,12.9,70,1.8,1.0,7.5,0.0,0.0,0.0,4,0,0
1,11.9,77,1.1,0.817,7.9,0.0,0.0,0.0,4,0,0
2,11.8,84,1.6,0.937,9.1,0.0,0.0,0.0,4,0,0
3,11.8,86,1.6,0.9095,9.5,0.0,0.5,0.0,4,0,0
4,10.8,87,1.7,0.478,8.7,0.0,0.0,0.0,4,0,0
5,10.8,89,1.6,0.4785,9.0,0.0,0.0,0.0,4,0,0
6,10.6,90,1.6,0.5325,9.0,0.0,1.5,0.0,4,0,0
7,10.9,88,1.8,0.933,8.9,0.0,0.0,0.0,4,0,0
8,10.6,89,1.5,0.3445,8.8,0.02,0.0,0.0,4,0,0
9,10.6,94,2.1,0.3695,9.6,0.06,2.0,0.0,4,0,0
10,10.8,94,1.8,0.289,9.8,0.15,0.0,0.0,4,0,0
11,10.9,95,2.4,0.2595,10.1,0.12,0.0,0.0,4,0,0
12,11.4,95,2.5,0.396,10.6,0.44,5.5,0.0,4,0,0
13,11.5,95,2.1,0.2285,10.7,0.32,0.0,0.0,4,0,0
14,11.3,96,2.7,0.151,10.6,0.11,0.0,0.0,4,0,0
15,11.4,96,2.0,0.455,10.7,0.07,9.5,0.0,4,0,0
16,11.7,96,1.4,0.2935,11.0,0.02,0.0,0.0,4,0,0
17,11.9,97,0.7,0.1345,11.4,0.0,0.0,0.0,4,0,0
18,12.9,97,0.0,0.203,12.4,0.0,9.0,0.0,4,0,0
19,12.8,97,0.9,0.1225,12.3,0.0,0.0,0.0,4,0,0
20,13.9,97,2.5,0.297,13.4,0.0,0.0,0.0,4,0,0
21,14.0,96,4.1,0.146,13.3,0.0,18.0,0.0,4,0,0
22,12.4,96,2.7,0.2725,11.7,0.0,0.0,0.0,4,0,0
23,11.5,96,3.0,0.3455,10.8,0.0,0.0,0.0,4,0,0
0,12.0,96,3.1,0.5925,11.3,0.0,18.0,0.0,4,0,0
1,11.4,89,2.6,0.688,9.6,0.0,0.0,0.0,4,0,0
2,11.3,88,3.7,0.84,9.3,0.0,0.0,0.0,4,0,0
3,10.8,82,2.8,0.856,7.8,0.0,0.5,0.0,4,0,0
4,10.6,75,3.2,0.4565,6.3,0.0,0.0,0.0,4,0,0
5,10.9,68,3.1,0.517,5.2,0.0,0.0,0.0,4,0,0
6,11.0,70,3.1,0.45,5.7,0.0,0.0,0.0,4,0,0
7,10.4,81,3.0,0.8705,7.2,0.0,0.0,0.0,4,0,0
8,10.1,85,2.4,0.9045,7.6,0.05,0.0,0.0,4,0,0
9,10.8,78,2.6,0.9925,7.1,0.13,0.5,0.0,4,0,0
10,11.3,68,4.7,0.992,5.5,0.44,0.0,0.0,4,0,0
11,13.3,59,4.1,0.985,5.4,1.43,0.0,0.0,4,0,0
12,13.9,50,4.1,0.982,3.6,2.14,0.0,0.0,4,0,0
13,14.0,46,5.3,0.4635,2.5,1.68,0.0,0.0,4,0,0
14,15.0,49,2.8,0.259,4.3,1.53,0.0,0.0,4,0,0
15,15.1,52,3.4,0.311,5.3,1.3,0.0,0.0,4,0,0
16,14.3,59,3.6,0.429,6.3,0.72,0.0,0.0,4,0,0
17,12.9,66,3.6,0.341,6.6,0.32,0.0,0.0,4,0,0
18,12.3,69,2.1,0.3115,6.7,0.01,0.0,0.0,4,0,0
19,11.9,71,2.7,0.2945,6.7,0.0,0.0,0.0,4,0,0
20,11.9,72,2.5,0.263,7.0,0.0,0.0,0.0,4,0,0
21,11.4,74,1.9,0.249,6.9,0.0,0.0,0.0,4,0,0
22,11.2,75,1.7,0.239,6.9,0.0,0.0,0.0,4,0,0
23,10.9,76,1.2,0.228,6.8,0.0,0.0,0.0,4,0,0
0,11.3,77,0.9,0.2165,7.4,0.0,0.0,0.0,4,0,1
1,11.2,78,1.1,0.2335,7.4,0.0,0.0,0.0,4,0,1
2,10.7,80,0.6,0.2045,7.3,0.0,0.0,0.0,4,0,1
3,10.3,81,0.7,0.1805,7.1,0.0,0.0,0.0,4,0,1
4,9.5,87,0.6,0.133,7.4,0.0,0.0,0.0,4,0,1
5,9.4,87,0.8,0.1395,7.3,0.0,0.0,0.0,4,0,1
6,9.5,85,0.6,0.152,7.0,0.0,0.0,0.0,4,0,1
7,9.5,86,0.6,0.1465,7.2,0.0,0.0,0.0,4,0,1
8,9.3,85,0.3,0.1565,6.9,0.07,0.0,0.0,4,0,1
9,10.1,77,0.0,0.175,6.2,0.45,0.0,0.0,4,0,1
10,12.2,73,1.9,0.187,7.4,0.92,0.0,0.0,4,0,1
11,13.8,63,2.2,0.208,6.8,1.32,0.0,0.0,4,0,1
12,15.1,54,2.2,0.2475,5.8,1.91,0.0,0.0,4,0,1
13,15.9,48,2.7,0.269,4.8,1.87,0.0,0.0,4,0,1
14,17.1,39,2.0,0.3905,3.0,1.85,0.0,0.0,4,0,1
15,16.6,36,2.5,0.404,1.4,1.45,0.0,0.0,4,0,1
16,16.0,37,1.9,0.492,1.2,0.94,0.0,0.0,4,0,1
17,14.8,47,1.3,0.3935,3.5,0.35,0.0,0.0,4,0,1
18,13.2,57,2.2,0.309,4.8,0.01,0.0,0.0,4,0,1
19,12.1,67,1.5,0.215,6.1,0.0,0.0,0.0,4,0,1
20,11.3,74,1.2,0.175,6.8,0.0,0.0,0.0,4,0,1
21,10.8,78,1.0,0.1515,7.1,0.0,0.0,0.0,4,0,1
22,10.6,81,1.2,0.1405,7.4,0.0,0.0,0.0,4,0,1
23,10.3,84,1.3,0.125,7.7,0.0,0.0,0.0,4,0,1
0,9.4,85,0.6,0.1205,6.9,0.0,0.0,0.0,4,0,1
1,8.8,89,0.7,0.1065,7.0,0.0,0.0,0.0,4,0,1
2,7.9,85,1.1,0.1375,5.5,0.0,0.0,0.0,4,0,1
3,7.1,85,0.7,0.1645,4.7,0.0,0.0,0.0,4,0,1
4,6.9,82,0.5,0.1685,4.0,0.0,0.0,0.0,4,0,1
5,6.8,83,0.6,0.1705,4.1,0.0,0.0,0.0,4,0,1
6,6.6,84,1.2,0.1865,4.0,0.0,0.0,0.0,4,0,1
7,6.4,84,1.3,0.1845,3.8,0.0,0.0,0.0,4,0,1
8,6.3,81,0.8,0.1825,3.2,0.11,0.0,0.0,4,0,1
9,7.8,72,1.2,0.18,3.0,0.54,0.0,0.0,4,0,1
10,10.2,68,0.7,0.177,4.5,1.06,0.0,0.0,4,0,1
11,10.7,68,0.4,0.1705,5.0,0.54,0.0,0.0,4,0,1
12,10.6,72,2.0,0.1825,5.7,0.29,0.0,0.0,4,0,1
13,9.8,70,1.7,0.18,4.5,0.33,0.0,0.0,4,0,1
14,10.1,58,0.9,0.3025,2.1,0.43,0.0,0.0,4,0,1
15,10.2,58,2.0,0.2865,2.2,0.29,0.0,0.0,4,0,1
16,9.9,59,1.3,0.289,2.2,0.1,0.0,0.0,4,0,1
17,8.9,57,3.0,0.5745,0.8,0.03,0.0,0.0,4,0,1
18,8.9,55,2.0,0.6665,0.3,0.0,0.0,0.0,4,0,1
19,8.7,52,0.8,0.795,-0.6,0.0,0.0,0.0,4,0,1
20,8.2,53,0.6,0.8105,-0.8,0.0,0.0,0.0,4,0,1
21,8.0,51,0.5,0.9945,-1.5,0.0,0.0,0.0,4,0,1
22,7.0,60,0.0,0.974,-0.2,0.0,0.0,0.0,4,0,1
23,6.3,62,0.0,0.9965,-0.4,0.0,0.0,0.0,4,0,1
0,5.4,64,0.8,1.0,-0.8,0.0,0.0,0.0,4,0,0
1,5.0,67,1.3,1.0,-0.6,0.0,0.0,0.0,4,0,0
2,4.8,66,1.6,1.0,-1.0,0.0,0.0,0.0,4,0,0
3,4.6,65,0.1,1.0,-1.4,0.0,0.0,0.0,4,0,0
4,4.0,68,0.0,1.0,-1.3,0.0,0.0,0.0,4,0,0
5,4.0,71,0.0,1.0,-0.7,0.0,0.0,0.0,4,0,0
6,3.8,69,0.0,0.9975,-1.3,0.0,0.0,0.0,4,0,0
7,3.4,72,1.0,0.9945,-1.1,0.0,0.0,0.0,4,0,0
8,3.3,69,0.0,1.0,-1.8,0.06,0.0,0.0,4,0,0
9,5.2,55,1.4,0.876,-3.1,0.67,0.0,0.0,4,0,0
10,8.3,50,1.1,0.682,-1.5,1.23,0.0,0.0,4,0,0
11,10.3,40,0.7,0.836,-2.7,1.66,0.0,0.0,4,0,0
12,12.3,37,0.8,0.845,-1.9,1.93,0.0,0.0,4,0,0
13,13.3,36,2.1,0.6415,-1.4,1.99,0.0,0.0,4,0,0
14,14.2,33,1.5,0.687,-1.8,1.84,0.0,0.0,4,0,0
15,13.8,34,2.4,0.719,-1.8,1.45,0.0,0.0,4,0,0
16,12.9,38,2.6,0.738,-1.1,0.94,0.0,0.0,4,0,0
17,11.8,43,1.8,0.8425,-0.3,0.34,0.0,0.0,4,0,0
18,10.6,45,1.8,0.968,-0.8,0.01,0.0,0.0,4,0,0
19,9.8,46,2.8,0.9725,-1.2,0.0,0.0,0.0,4,0,0
20,9.0,48,1.9,0.9395,-1.4,0.0,0.0,0.0,4,0,0
21,8.5,50,0.5,0.8535,-1.3,0.0,0.0,0.0,4,0,0
22,7.6,55,1.7,0.847,-0.8,0.0,0.0,0.0,4,0,0
23,6.9,60,0.8,0.805,-0.3,0.0,0.0,0.0,4,0,0
0,6.2,63,0.8,0.8055,-0.3,0.0,0.0,0.0,4,0,0
1,5.6,68,0.5,0.788,0.1,0.0,0.0,0.0,4,0,0
2,5.6,64,0.1,0.778,-0.6,0.0,0.0,0.0,4,0,0
3,5.3,62,0.0,0.7425,-1.4,0.0,0.0,0.0,4,0,0
4,4.9,63,0.0,0.6985,-1.5,0.0,0.0,0.0,4,0,0
5,4.7,72,0.0,0.655,0.0,0.0,0.0,0.0,4,0,0
6,4.2,72,0.8,0.663,-0.4,0.0,0.0,0.0,4,0,0
7,4.4,72,0.3,0.5945,-0.2,0.0,0.0,0.0,4,0,0
8,4.7,68,0.5,0.516,-0.7,0.06,0.0,0.0,4,0,0
9,6.0,59,1.0,0.3595,-1.4,0.6,0.0,0.0,4,0,0
10,9.0,51,0.9,0.353,-0.6,1.16,0.0,0.0,4,0,0
11,11.4,46,0.8,0.438,0.1,1.57,0.0,0.0,4,0,0
12,12.8,45,1.8,0.585,1.1,1.82,0.0,0.0,4,0,0
13,13.5,43,2.2,0.8435,1.1,1.92,0.0,0.0,4,0,0
14,15.0,37,1.6,0.8515,0.4,1.82,0.0,0.0,4,0,0
15,15.3,37,1.8,0.887,0.6,1.5,0.0,0.0,4,0,0
16,14.2,37,2.0,0.8915,-0.3,0.91,0.0,0.0,4,0,0
17,12.7,40,1.9,0.9835,-0.5,0.33,0.0,0.0,4,0,0
18,11.3,42,1.2,0.923,-1.1,0.01,0.0,0.0,4,0,0
19,9.8,45,1.3,0.941,-1.5,0.0,0.0,0.0,4,0,0
20,9.5,44,1.8,0.9955,-2.1,0.0,0.0,0.0,4,0,0
21,8.5,42,1.1,1.0,-3.7,0.0,0.0,0.0,4,0,0
22,8.1,50,0.5,1.0,-1.7,0.0,0.0,0.0,4,0,0
23,7.6,49,0.6,0.9855,-2.4,0.0,0.0,0.0,4,0,0
0,7.0,54,0.9,0.931,-1.6,0.0,0.0,0.0,4,0,0
1,6.5,60,0.5,0.894,-0.7,0.0,0.0,0.0,4,0,0
2,6.2,59,0.6,0.792,-1.2,0.0,0.0,0.0,4,0,0
3,6.1,66,0.5,0.6735,0.2,0.0,0.0,0.0,4,0,0
4,5.6,70,0.6,0.6555,0.5,0.0,0.0,0.0,4,0,0
5,5.3,72,0.2,0.639,0.6,0.0,0.0,0.0,4,0,0
6,5.1,76,1.1,0.5975,1.2,0.0,0.0,0.0,4,0,0
7,5.2,78,0.3,0.591,1.6,0.0,0.0,0.0,4,0,0
8,5.0,77,1.5,0.5575,1.2,0.07,0.0,0.0,4,0,0
9,7.1,61,0.5,0.7465,0.0,0.57,0.0,0.0,4,0,0
10,9.6,53,1.4,0.909,0.4,1.16,0.0,0.0,4,0,0
11,12.1,49,0.8,0.9135,1.6,1.61,0.0,0.0,4,0,0
12,14.2,45,0.9,0.7655,2.4,1.86,0.0,0.0,4,0,0
13,15.7,41,2.3,0.661,2.4,2.01,0.0,0.0,4,0,0
14,16.1,32,1.4,0.8515,-0.6,1.8,0.0,0.0,4,0,0
15,15.9,30,0.7,0.9115,-1.6,1.34,0.0,0.0,4,0,0
16,15.2,40,2.7,0.6855,1.6,0.87,0.0,0.0,4,0,0
17,13.6,46,1.8,0.687,2.1,0.31,0.0,0.0,4,0,0
18,12.2,47,2.6,0.7135,1.2,0.01,0.0,0.0,4,0,0
19,11.5,52,2.4,0.6595,1.9,0.0,0.0,0.0,4,0,0
20,10.5,52,1.4,0.5765,1.0,0.0,0.0,0.0,4,0,0
21,9.8,52,0.5,0.6275,0.3,0.0,0.0,0.0,4,0,0
22,8.8,58,0.5,0.679,0.9,0.0,0.0,0.0,4,0,0
23,8.4,65,0.8,0.608,2.1,0.0,0.0,0.0,4,0,0
0,7.7,67,0.4,0.551,1.9,0.0,0.0,0.0,4,0,0
1,7.3,64,0.3,0.575,0.9,0.0,0.0,0.0,4,0,0
2,7.1,68,0.6,0.541,1.5,0.0,0.0,0.0,4,0,0
3,6.5,75,1.1,0.485,2.3,0.0,0.0,0.0,4,0,0
4,6.1,72,0.5,0.526,1.4,0.0,0.0,0.0,4,0,0
5,5.3,78,1.4,0.476,1.7,0.0,0.0,0.0,4,0,0
6,4.9,76,1.1,0.4,1.0,0.0,0.0,0.0,4,0,0
7,4.8,76,0.7,0.381,0.9,0.0,0.0,0.0,4,0,0
8,5.3,75,1.0,0.404,1.2,0.1,0.0,0.0,4,0,0
9,6.8,64,1.0,0.4745,0.4,0.5,0.0,0.0,4,0,0
10,8.6,57,0.6,0.551,0.5,0.77,0.0,0.0,4,0,0
11,11.1,47,1.2,0.5235,0.1,1.48,0.0,0.0,4,0,0
12,13.8,43,0.9,0.4935,1.4,1.61,0.0,0.0,4,0,0
13,15.1,37,1.9,0.495,0.4,1.74,0.0,0.0,4,0,0
14,15.1,33,1.5,0.5225,-1.0,1.31,0.0,0.0,4,0,0
15,16.1,30,1.0,0.5625,-1.5,1.06,0.0,0.0,4,0,0
16,15.4,34,1.4,0.508,-0.4,0.68,0.0,0.0,4,0,0
17,13.7,38,1.4,0.442,-0.3,0.29,0.0,0.0,4,0,0
18,12.1,46,1.4,0.3995,0.8,0.01,0.0,0.0,4,0,0
19,11.2,46,1.4,0.4345,0.0,0.0,0.0,0.0,4,0,0
20,9.5,49,1.3,0.459,-0.7,0.0,0.0,0.0,4,0,0
21,9.6,52,1.3,0.453,0.2,0.0,0.0,0.0,4,0,0
22,8.7,53,0.4,0.382,-0.3,0.0,0.0,0.0,4,0,0
23,8.1,57,0.7,0.376,0.0,0.0,0.0,0.0,4,0,0
0,7.8,57,0.3,0.396,-0.2,0.0,0.0,0.0,4,0,0
1,7.8,59,0.6,0.384,0.2,0.0,0.0,0.0,4,0,0
2,7.7,63,1.0,0.352,1.0,0.0,0.0,0.0,4,0,0
3,7.4,63,0.6,0.3495,0.8,0.0,0.0,0.0,4,0,0
4,7.1,64,0.6,0.3315,0.7,0.0,0.0,0.0,4,0,0
5,6.9,66,0.5,0.349,0.9,0.0,0.0,0.0,4,0,0
6,7.1,65,0.5,0.3565,0.9,0.0,0.0,0.0,4,0,0
7,6.6,64,0.5,0.3505,0.2,0.0,0.0,0.0,4,0,0
8,7.0,64,0.8,0.3415,0.6,0.03,0.0,0.0,4,0,0
9,8.2,61,0.6,0.293,1.1,0.26,0.0,0.0,4,0,0
10,9.4,55,0.1,0.285,0.7,0.49,0.0,0.0,4,0,0
11,11.9,44,2.1,0.3955,0.0,1.22,0.0,0.0,4,0,0
12,13.4,48,2.3,0.481,2.5,1.64,0.0,0.0,4,0,0
13,14.4,49,3.5,0.445,3.8,1.71,0.0,0.0,4,0,0
14,13.3,53,2.6,0.3805,3.9,1.34,0.0,0.0,4,0,0
15,13.2,61,3.9,0.3595,5.8,1.03,0.0,0.0,4,0,0
16,11.8,66,3.0,0.3435,5.6,0.44,0.0,0.0,4,0,0
17,11.0,70,2.9,0.3085,5.7,0.12,0.0,0.0,4,0,0
18,9.9,74,2.6,0.246,5.4,0.0,0.0,0.0,4,0,0
19,8.7,78,2.5,0.23,5.0,0.0,0.0,0.0,4,0,0
20,7.6,76,3.9,0.3015,3.6,0.0,0.0,0.0,4,0,0
21,6.8,73,2.3,0.365,2.2,0.0,0.0,0.0,4,0,0
22,6.2,72,1.4,0.424,1.5,0.0,0.0,0.0,4,0,0
23,5.0,75,1.1,0.4175,0.9,0.0,0.0,0.0,4,0,0
0,4.2,76,2.1,0.435,0.3,0.0,0.0,0.0,4,0,1
1,3.4,76,0.5,0.4545,-0.4,0.0,0.0,0.0,4,0,1
2,2.9,77,1.8,0.4265,-0.7,0.0,0.0,0.0,4,0,1
3,2.5,77,2.3,0.496,-1.1,0.0,0.0,0.0,4,0,1
4,1.7,74,1.7,0.613,-2.4,0.0,0.0,0.0,4,0,1
5,1.1,75,0.6,0.635,-2.8,0.0,0.0,0.0,4,0,1
6,1.0,77,0.6,0.6295,-2.5,0.0,0.0,0.0,4,0,1
7,0.8,77,0.9,0.65,-2.7,0.0,0.0,0.0,4,0,1
8,0.7,72,1.0,0.6985,-3.7,0.05,0.0,0.0,4,0,1
9,2.2,53,0.5,0.7975,-6.4,0.62,0.0,0.0,4,0,1
10,4.7,47,1.2,0.894,-5.6,1.22,0.0,0.0,4,0,1
11,7.8,38,0.8,0.6845,-5.6,1.65,0.0,0.0,4,0,1
12,9.1,34,1.0,0.901,-5.9,1.95,0.0,0.0,4,0,1
13,10.9,32,2.1,0.7905,-5.1,1.85,0.0,0.0,4,0,1
14,9.7,34,1.9,0.893,-5.4,0.8,0.0,0.0,4,0,1
15,8.9,34,2.9,0.8935,-6.1,0.52,0.0,0.0,4,0,1
16,8.3,35,2.1,0.9935,-6.2,0.37,0.0,0.0,4,0,1
17,7.7,34,2.6,1.0,-7.2,0.13,0.0,0.0,4,0,1
18,7.1,40,0.6,0.9975,-5.6,0.01,0.0,0.0,4,0,1
19,6.0,44,0.8,0.879,-5.3,0.0,0.0,0.0,4,0,1
20,5.4,43,2.7,0.9565,-6.2,0.0,0.0,0.0,4,0,1
21,5.0,42,1.5,0.9635,-6.8,0.0,0.0,0.0,4,0,1
22,4.4,43,1.1,1.0,-7.1,0.0,0.0,0.0,4,0,1
23,4.1,46,1.8,1.0,-6.5,0.0,0.0,0.0,4,0,1
0,3.6,49,0.8,0.995,-6.1,0.0,0.0,0.0,4,0,1
1,3.2,54,1.2,0.984,-5.2,0.0,0.0,0.0,4,0,1
2,2.9,49,2.0,0.9945,-6.7,0.0,0.0,0.0,4,0,1
3,2.5,49,0.2,1.0,-7.1,0.0,0.0,0.0,4,0,1
4,2.5,49,0.4,0.994,-7.1,0.0,0.0,0.0,4,0,1
5,2.3,53,0.6,0.8815,-6.3,0.0,0.0,0.0,4,0,1
6,1.9,53,0.4,0.9065,-6.6,0.0,0.0,0.0,4,0,1
7,2.1,56,0.7,0.7385,-5.7,0.0,0.0,0.0,4,0,1
8,2.6,53,0.7,0.774,-6.0,0.03,0.0,0.0,4,0,1
9,3.5,53,1.0,0.669,-5.2,0.22,0.0,0.0,4,0,1
10,4.8,40,1.1,0.838,-7.6,0.59,0.0,0.0,4,0,1
11,7.6,35,0.8,0.8475,-6.9,1.25,0.0,0.0,4,0,1
12,9.2,47,2.5,0.955,-1.5,1.37,0.0,0.0,4,0,1
13,9.9,37,2.1,0.95,-4.1,1.32,0.0,0.0,4,0,1
14,10.1,37,2.4,0.8615,-3.9,1.24,0.0,0.0,4,0,1
15,9.6,34,1.6,0.903,-5.5,0.73,0.0,0.0,4,0,1
16,9.4,39,1.8,0.852,-3.8,0.56,0.0,0.0,4,0,1
17,8.7,42,1.7,0.788,-3.5,0.18,0.0,0.0,4,0,1
18,8.4,46,2.4,0.9115,-2.5,0.0,0.0,0.0,4,0,1
19,7.9,45,1.0,0.801,-3.3,0.0,0.0,0.0,4,0,1
20,7.4,50,0.7,0.7495,-2.3,0.0,0.0,0.0,4,0,1
21,7.1,52,0.8,0.758,-2.1,0.0,0.0,0.0,4,0,1
22,6.8,53,0.4,0.749,-2.1,0.0,0.0,0.0,4,0,1
23,7.0,55,0.2,0.7505,-1.4,0.0,0.0,0.0,4,0,1
0,6.8,56,0.7,0.7525,-1.3,0.0,0.0,0.0,4,0,0
1,5.9,60,0.5,0.666,-1.2,0.0,0.0,0.0,4,0,0
2,5.4,65,0.7,0.615,-0.6,0.0,0.0,0.0,4,0,0
3,4.8,65,0.8,0.5895,-1.2,0.0,0.0,0.0,4,0,0
4,4.5,67,0.9,0.5875,-1.1,0.0,0.0,0.0,4,0,0
5,4.1,70,1.0,0.55,-0.8,0.0,0.0,0.0,4,0,0
6,3.8,71,0.7,0.5355,-0.9,0.0,0.0,0.0,4,0,0
7,3.4,73,1.1,0.506,-0.9,0.0,0.0,0.0,4,0,0
8,3.5,71,0.8,0.479,-1.2,0.06,0.0,0.0,4,0,0
9,4.6,60,0.8,0.4835,-2.5,0.46,0.0,0.0,4,0,0
10,7.5,53,0.8,0.4545,-1.4,1.0,0.0,0.0,4,0,0
11,9.8,51,0.5,0.3905,0.1,1.42,0.0,0.0,4,0,0
12,10.3,38,1.2,0.565,-3.4,1.08,0.0,0.0,4,0,0
13,10.8,44,2.0,0.4675,-0.9,1.01,0.0,0.0,4,0,0
14,10.6,34,2.8,0.46,-4.6,1.07,0.0,0.0,4,0,0
15,11.1,35,1.9,0.4305,-3.8,1.11,0.0,0.0,4,0,0
16,9.7,43,2.7,0.506,-2.2,0.37,0.0,0.0,4,0,0
17,8.7,48,1.7,0.4825,-1.7,0.25,0.0,0.0,4,0,0
18,7.5,48,2.4,0.5395,-2.8,0.0,0.0,0.0,4,0,0
19,6.8,52,0.8,0.48,-2.3,0.0,0.0,0.0,4,0,0
20,6.0,50,1.5,0.4655,-3.6,0.0,0.0,0.0,4,0,0
21,5.8,44,2.2,0.6025,-5.5,0.0,0.0,0.0,4,0,0
22,5.3,39,2.3,0.756,-7.5,0.0,0.0,0.0,4,0,0
23,4.2,42,2.2,0.68,-7.6,0.0,0.0,0.0,4,0,0
0,3.8,42,1.7,0.729,-7.9,0.0,0.0,0.0,4,0,0
1,2.9,43,1.0,0.875,-8.4,0.0,0.0,0.0,4,0,0
2,2.6,46,1.5,0.9055,-7.8,0.0,0.0,0.0,4,0,0
3,1.6,43,1.1,0.9905,-9.6,0.0,0.0,0.0,4,0,0
4,1.3,48,0.5,1.0,-8.5,0.0,0.0,0.0,4,0,0
5,0.7,49,0.4,0.999,-8.8,0.0,0.0,0.0,4,0,0
6,0.7,50,1.0,1.0,-8.5,0.0,0.0,0.0,4,0,0
7,0.5,53,1.1,1.0,-7.9,0.0,0.0,0.0,4,0,0
8,0.3,53,0.9,0.9855,-8.1,0.05,0.0,0.0,4,0,0
9,2.3,43,1.2,0.946,-9.0,0.52,0.0,0.0,4,0,0
10,5.1,33,1.4,0.921,-9.8,1.1,0.0,0.0,4,0,0
11,7.5,29,1.3,0.963,-9.4,1.55,0.0,0.0,4,0,0
12,10.1,23,1.8,0.8725,-10.1,1.82,0.0,0.0,4,0,0
13,11.6,20,1.3,0.9105,-10.6,1.87,0.0,0.0,4,0,0
14,12.3,16,2.5,0.8985,-12.8,1.69,0.0,0.0,4,0,0
15,11.9,18,3.3,0.924,-11.7,1.32,0.0,0.0,4,0,0
16,11.3,21,2.8,0.9625,-10.2,0.82,0.0,0.0,4,0,0
17,9.8,28,2.4,0.9915,-7.8,0.29,0.0,0.0,4,0,0
18,9.1,31,2.0,0.966,-7.1,0.0,0.0,0.0,4,0,0
19,8.7,34,2.2,0.9285,-6.3,0.0,0.0,0.0,4,0,0
20,8.5,32,2.6,0.8945,-7.2,0.0,0.0,0.0,4,0,0
21,8.8,37,3.8,0.875,-5.1,0.0,0.0,0.0,4,0,0
22,8.9,40,3.4,0.905,-3.9,0.0,0.0,0.0,4,0,0
23,9.3,43,3.5,0.9035,-2.6,0.0,0.0,0.0,4,0,0
0,7.2,74,1.2,0.386,2.8,0.0,0.2,0.0,4,0,0
1,6.9,86,0.7,0.2665,4.7,0.0,0.0,0.0,4,0,0
2,6.9,87,0.7,0.411,4.8,0.0,0.0,0.0,4,0,0
3,6.5,87,1.0,0.355,4.4,0.0,1.0,0.0,4,0,0
4,6.7,87,1.2,0.29,4.6,0.0,0.0,0.0,4,0,0
5,6.8,86,0.5,0.346,4.6,0.0,0.0,0.0,4,0,0
6,6.7,86,0.3,0.2965,4.5,0.0,0.0,0.0,4,0,0
7,6.5,85,0.8,0.268,4.1,0.0,0.0,0.0,4,0,0
8,6.4,86,0.9,0.225,4.2,0.03,0.0,0.0,4,0,0
9,6.4,53,0.7,0.743,-2.5,0.21,0.0,0.0,4,0,0
10,6.9,39,0.5,0.9885,-6.1,0.36,0.0,0.0,4,0,0
11,7.4,30,1.4,1.0,-9.0,0.44,0.0,0.0,4,0,0
12,7.7,34,0.6,0.9845,-7.2,0.49,0.0,0.0,4,0,0
13,8.0,35,1.3,0.9475,-6.5,0.5,0.0,0.0,4,0,0
14,6.7,47,2.4,1.0,-3.8,0.42,0.0,0.0,4,0,0
15,5.7,53,2.0,1.0,-3.1,0.22,0.0,0.0,4,0,0
16,6.1,53,0.5,1.0,-2.7,0.21,0.0,0.0,4,0,0
17,5.7,61,2.2,0.9935,-1.2,0.07,0.0,0.0,4,0,0
18,5.4,58,0.2,1.0,-2.2,0.0,0.0,0.0,4,0,0
19,5.1,50,0.7,1.0,-4.4,0.0,0.0,0.0,4,0,0
20,5.1,43,0.7,0.964,-6.4,0.0,0.0,0.0,4,0,0
21,4.6,44,1.1,0.9295,-6.6,0.0,0.0,0.0,4,0,0
22,4.6,48,2.2,0.891,-5.4,0.0,0.0,0.0,4,0,0
23,3.9,46,2.0,0.952,-6.6,0.0,0.0,0.0,4,0,0
